Date,Large Sockeye,Jack Sockeye,Coho,Pink,Large Chinook,Jack Chinook,Steelhead,Char,sockeyemorts,fscharvest,jackharvest,commharvest
2026-07-14,1,0,0,0,0,0,0,0,0,0,0,0
2026-07-15,0,0,0,0,0,0,0,0,0,0,0,0
2026-07-16,6,0,0,0,0,0,0,0,0,0,0,0
2026-07-17,12,0,0,0,0,0,0,0,0,0,0,0
2026-07-18,8,0,0,0,0,0,0,0,0,0,0,0
2026-07-19,32,0,0,0,0,0,0,0,0,0,0,0
2026-07-20,172,0,0,0,0,0,0,0,0,0,0,0
2026-07-21,166,0,0,0,0,0,0,0,0,0,0,0
2026-07-22,181,0,0,0,0,0,0,0,0,0,0,0
2026-07-23,378,3,0,0,0,0,0,0,0,0,0,0
2026-07-24,2686,8,0,0,0,0,0,0,0,0,0,0
2026-07-25,5073,69,6,0,0,0,0,0,0,0,0,0
2026-07-26,20183,359,2,0,0,1,0,0,0,0,0,0
2026-07-27,17697,453,0,0,0,0,0,0,0,25,0,0
2026-07-28,36688,840,5,0,0,0,0,0,1,0,0,0
2026-07-29,8624,252,6,0,0,0,0,0,1,25,0,0
2026-07-30,7260,225,7,0,0,1,0,0,0,0,0,0
2026-07-31,6031,202,18,0,2,0,0,0,0,0,0,0
2026-08-01,8391,410,20,0,0,0,0,0,3,0,0,0
2026-08-02,5240,263,3,1,1,1,0,0,0,0,0,0
2026-08-03,6088,177,1,4,3,8,0,0,0,25,0,0
2026-08-04,9301,361,1,6,0,1,0,0,2,0,0,0
2026-08-05,8250,403,8,5,0,1,0,0,1,26,0,0
2026-08-06,8629,430,20,64,4,8,0,1,3,0,0,0
2026-08-07,15174,623,83,745,30,38,0,0,4,0,0,0
2026-08-08,10401,415,24,379,5,6,0,0,4,0,0,0
2026-08-09,13470,666,17,450,53,13,0,0,2,0,0,0
2026-08-10,17335,994,8,961,10,97,0,0,5,26,0,0
2026-08-11,11830,639,21,1488,4,52,0,0,2,0,0,0
2026-08-12,14106,905,2,1561,11,13,0,0,3,0,0,0
2026-08-13,13611,1376,5,2199,4,15,0,0,0,0,0,0
2026-08-14,,,,,,,,,,,,
2026-08-15,,,,,,,,,,,,
2026-08-16,,,,,,,,,,,,
2026-08-17,,,,,,,,,,,,
2026-08-18,,,,,,,,,,,,
2026-08-19,,,,,,,,,,,,
2026-08-20,,,,,,,,,,,,
2026-08-21,,,,,,,,,,,,
2026-08-22,,,,,,,,,,,,
2026-08-23,,,,,,,,,,,,
2026-08-24,,,,,,,,,,,,
2026-08-25,,,,,,,,,,,,
2026-08-26,,,,,,,,,,,,
2026-08-27,,,,,,,,,,,,
2026-08-28,,,,,,,,,,,,
2026-08-29,,,,,,,,,,,,
2026-08-30,,,,,,,,,,,,
2026-08-31,,,,,,,,,,,,
2026-09-01,,,,,,,,,,,,
2026-09-02,,,,,,,,,,,,
2026-09-03,,,,,,,,,,,,
2026-09-04,,,,,,,,,,,,
2026-09-05,,,,,,,,,,,,
2026-09-06,,,,,,,,,,,,
2026-09-07,,,,,,,,,,,,
2026-09-08,,,,,,,,,,,,
2026-09-09,,,,,,,,,,,,
2026-09-10,,,,,,,,,,,,
2026-09-11,,,,,,,,,,,,
2026-09-12,,,,,,,,,,,,
2026-09-13,,,,,,,,,,,,
2026-09-14,,,,,,,,,,,,
2026-09-15,,,,,,,,,,,,
2026-09-16,,,,,,,,,,,,
2026-09-17,,,,,,,,,,,,
2026-09-18,,,,,,,,,,,,
2026-09-19,,,,,,,,,,,,
2026-09-20,,,,,,,,,,,,
2026-09-21,,,,,,,,,,,,
2026-09-22,,,,,,,,,,,,
2026-09-23,,,,,,,,,,,,
2026-09-24,,,,,,,,,,,,
2026-09-25,,,,,,,,,,,,
2026-09-26,,,,,,,,,,,,
2026-09-27,,,,,,,,,,,,
2026-09-28,,,,,,,,,,,,
2026-09-29,,,,,,,,,,,,
2026-09-30,,,,,,,,,,,,
2026-10-01,,,,,,,,,,,,