Date,Runtiming,dailyruntiming,sockeye,coho,pink,chum,chinook,steelhead,esctyee,cum_check,dailyat2m,dailyat1m,dailyat3m
2026-06-10,0.000452916,0.0004529,3.44,0,0,0,0.59,0,5155,5155,905.832,452.9,1358.7
2026-06-11,0.000797977,0.0003451,4.05,0,0,0,1.57,0,6062,11217,690.122,345.1,1035.3
2026-06-12,0.001273496,0.0004755,2.52,0,0,0,1.37,0,3765,14982,951.038,475.5,1426.5
2026-06-13,0.001822462,0.000549,1.83,0,0,0,0.2,0,2733,17715,1097.932,549,1647
2026-06-14,0.002428948,0.0006065,1.31,0,0,0,0.81,0,1963,19678,1212.972,606.5,1819.5
2026-06-15,0.003136055,0.0007071,0.78,0,0,0,0,0,1169,20847,1414.214,707.1,2121.3
2026-06-16,0.003956701,0.0008206,0,0,0,0,0.27,0,0,20847,1641.292,820.6,2461.8
2026-06-17,0.004902866,0.0009462,0,0,0,0,0,0,0,20847,1892.33,946.2,2838.6
2026-06-18,0.005962216,0.0010594,1.94,0,0,0,1.5,0,2899,23746,2118.7,1059.4,3178.2
2026-06-19,0.007253513,0.0012913,6.6,0,0,0,0,0,9883,33629,2582.594,1291.3,3873.9
2026-06-20,0.008711936,0.0014584,5.65,0,0,0,0.79,0,8455,42084,2916.846,1458.4,4375.2
2026-06-21,0.010497205,0.0017853,4.05,0,0,0,1.39,0,6067,48151,3570.538,1785.3,5355.9
2026-06-22,0.012554899,0.0020577,7.15,0,0,0,2.13,0,10702,58853,4115.388,2057.7,6173.1
2026-06-23,0.014912239,0.0023573,7.93,0,0,0,1.75,0,11869,70722,4714.68,2357.3,7071.9
2026-06-24,0.017478722,0.0025665,7.68,0,0,0,0.99,0,11499,82221,5132.966,2566.5,7699.5
2026-06-25,0.020467926,0.0029892,12.95,0,0,0,4.59,0,19375,101596,5978.408,2989.2,8967.6
2026-06-26,0.023609515,0.0031416,4.57,0,0,0,2.96,0.24,6838,108434,6283.178,3141.6,9424.8
2026-06-27,0.027033413,0.0034239,8.25,0,0,0,3.3,0.23,12351,120785,6847.796,3423.9,10271.7
2026-06-28,0.030944084,0.0039107,13.29,0,0,0,2.04,0,19885,140670,7821.342,3910.7,11732.1
2026-06-29,0.03534661,0.0044025,7.42,0,0,0,3.21,0.35,11107,151777,8805.052,4402.5,13207.5
2026-06-30,0.040083624,0.004737,13.79,0,0,0,0.9,0,20638,172415,9474.028,4737,14211
2026-07-01,0.045614336,0.0055307,22.09,0,0,0,4.46,0,33050,205465,11061.424,5530.7,16592.1
2026-07-02,0.051897281,0.0062829,14.58,0,0,0,4.62,0,21815,227280,12565.89,6282.9,18848.7
2026-07-03,0.059178411,0.0072811,29.12,0,0,0,5.8,0,43572,270852,14562.26,7281.1,21843.3
2026-07-04,0.067536847,0.0083584,29.01,0,0,0,3.41,0.34,43413,314265,16716.872,8358.4,25075.2
2026-07-05,0.07701114,0.0094743,20.72,0,0,0,6.05,1.16,31014,345279,18948.586,9474.3,28422.9
2026-07-06,0.087414501,0.0104034,31.05,0.12,0,0.14,3.56,0.22,46465,391744,20806.722,10403.4,31210.2
2026-07-07,0.099186825,0.0117723,18,0,0,0,2.32,0,26943,418687,23544.648,11772.3,35316.9
2026-07-08,0.11263174,0.0134449,13.81,0,0,0,2.86,0.69,20667,439354,26889.83,13444.9,40334.7
2026-07-09,0.127465756,0.014834,43.5,0,0.3,0.21,1.98,1.37,65099,504453,29668.032,14834,44502
2026-07-10,0.143749121,0.0162834,10.43,0.13,0,0.14,2.12,0.7,15609,520062,32566.73,16283.4,48850.2
2026-07-11,0.161284177,0.0175351,10.85,0,0,0,4.02,1.41,16235,536297,35070.112,17535.1,52605.3
2026-07-12,0.179531416,0.0182472,24.51,0.13,0.19,0.14,0.77,0.7,36684,572981,36494.478,18247.2,54741.6
2026-07-13,0.198765685,0.0192343,39.89,0.17,0,0,3.03,0.69,59696,632677,38468.538,19234.3,57702.9
2026-07-14,0.21958073,0.020815,24.29,0.37,0.31,0.2,2.23,1,36347,669024,41630.09,20815,62445
2026-07-15,0.241736642,0.0221559,31.83,0.17,0.28,0.21,3.81,2.35,47625,716649,44311.824,22155.9,66467.7
2026-07-16,0.265201923,0.0234653,29.51,0,0,0.64,1.13,1,44155,760804,46930.562,23465.3,70395.9
2026-07-17,0.290753,0.0255511,33.53,0.17,0.85,0.62,1.39,1.78,50176,810980,51102.154,25551.1,76653.3
2026-07-18,0.317358922,0.0266059,22.65,0.11,1.32,0.26,2.5,2.03,33897,844877,53211.844,26605.9,79817.7
2026-07-19,0.34469193,0.027333,22.6,0.36,0.56,0.42,2.4,1.85,33821,878698,54666.016,27333,81999
2026-07-20,0.373088135,0.0283962,25.42,0.46,2.93,0.78,1.31,4.61,38043,916741,56792.41,28396.2,85188.6
2026-07-21,0.402264933,0.0291768,15.43,0.25,5.84,0.43,1.94,4.2,23097,939838,58353.596,29176.8,87530.4
2026-07-22,0.431891239,0.0296263,30.36,0.17,8.32,1.43,1.92,7.35,45436,985274,59252.612,29626.3,88878.9
2026-07-23,0.461514438,0.0296232,23.57,0.33,12.61,1.73,0.89,4.44,35271,1020545,59246.398,29623.2,88869.6
2026-07-24,0.491439396,0.029925,23.36,0.46,6.05,0.8,1.26,7.54,34959,1055504,59849.916,29925,89775
2026-07-25,0.521583602,0.0301442,13.89,0.37,5.97,0.84,0.38,3.9,20787,1076291,60288.412,30144.2,90432.6
2026-07-26,0.55154933,0.0299657,25.51,0.67,10.9,1.35,0.92,3.67,38176,1114467,59931.456,29965.7,89897.1
2026-07-27,0.580767597,0.0292183,46.76,1.21,13.47,0.99,0.26,5.49,69978,1184445,58436.534,29218.3,87654.9
2026-07-28,0.609734786,0.0289672,24.97,0.71,9.8,2.17,0,5.57,37364,1221809,57934.378,28967.2,86901.6
2026-07-29,0.637813556,0.0280788,20.83,0.69,11.47,1.79,0.54,3.72,31171,1252980,56157.54,28078.8,84236.4
2026-07-30,0.66466683,0.0268533,38.76,0.67,25.08,2.66,0.27,7.28,58002,1310982,53706.548,26853.3,80559.9
2026-07-31,0.690838355,0.0261715,21.68,0.73,11.85,0.62,0.29,3.77,32449,1343431,52343.05,26171.5,78514.5
2026-08-01,0.71604962,0.0252113,34.17,1.66,22.47,1.99,0.29,3.92,51134,1394565,50422.53,25211.3,75633.9
2026-08-02,0.739463266,0.0234136,30.66,1.77,23.92,1.14,0.8,5.94,45882,1440447,46827.292,23413.6,70240.8
2026-08-03,0.761392549,0.0219293,27.57,2.69,29.51,2.67,0.29,5.52,41255,1481702,43858.566,21929.3,65787.9
2026-08-04,0.78217492,0.0207824,23.28,1.37,40.9,2.85,0.46,8.16,34836,1516538,41564.742,20782.4,62347.2
2026-08-05,0.801562664,0.0193877,13,1.11,34.06,4.44,1.4,9.35,19452,1535990,38775.488,19387.7,58163.1
2026-08-06,0.819723014,0.0181604,7.33,0.5,26.42,3.45,0.51,7.37,10970,1546960,36320.7,18160.4,54481.2
2026-08-07,0.837122375,0.0173994,7.82,0.65,36.78,2.51,0.25,6.16,11702,1558662,34798.722,17399.4,52198.2
2026-08-08,0.853239467,0.0161171,6.35,0.92,27.5,3.28,0.19,4.19,9496,1568158,32234.184,16117.1,48351.3
2026-08-09,0.867650778,0.0144113,8.05,1.18,33.87,2.3,0.17,6.05,12048,1580206,28822.622,14411.3,43233.9
2026-08-10,0.880400626,0.0127498,4.53,0.86,38.99,3.87,0,3.96,6772,1586978,25499.696,12749.8,38249.4
2026-08-11,0.891555907,0.0111553,3.72,0.37,16.31,4.28,0.29,3.13,5567,1592545,22310.562,11155.3,33465.9
2026-08-12,0.90133415,0.0097782,2.94,1.09,8.65,2.95,0,3.13,4396,1596941,19556.486,9778.2,29334.6
2026-08-13,0.910229383,0.0088952,5.8,1.36,37.94,5.03,0,4.55,8684,1605625,17790.466,8895.2,26685.6
2026-08-14,0.918483074,0.0082537,1.86,0.55,5.17,4.02,0,3.51,2789,1608414,16507.382,8253.7,24761.1
2026-08-15,0.926289004,0.0078059,0,0.57,4.98,3.04,0,1.43,0,1608414,15611.86,7805.9,23417.7
2026-08-16,0.933701911,0.0074129,4.36,1.93,12.41,3.43,0,5.4,6520,1614934,14825.814,7412.9,22238.7
2026-08-17,0.940927569,0.0072257,4.37,0.93,16.87,2.34,0,2.39,6545,1621479,14451.316,7225.7,21677.1
2026-08-18,0.947558788,0.0066312,1.47,0.73,6.54,2.94,0,1.72,2198,1623677,13262.438,6631.2,19893.6
2026-08-19,0.95345074,0.005892,1.02,0.25,3.89,1.6,0,1.67,1522,1625199,11783.904,5892,17676
2026-08-20,0.958711683,0.0052609,0,0,1.05,0.29,0.2,0.49,0,1625199,10521.886,5260.9,15782.7
2026-08-21,0.963487251,0.0047756,2.46,0.87,14.22,2.59,0,2.3,3681,1628880,9551.136,4775.6,14326.8
2026-08-22,0.967667729,0.0041805,0,0.39,3.15,1.10,0,0.37,0,1628880,8360.956,4180.5,12541.5
2026-08-23,0.971519445,0.0038517,0,0.72,2.16,3.22,0,0.91,0,1628880,7703.432,3851.7,11555.1
2026-08-24,0.974939545,0.0034201,0,0.64,1.04,0.44,0,0.72,0,1628880,6840.2,3420.1,10260.3
2026-08-25,0.978177394,0.0032378,0.76,1.69,7.98,3.25,0,1.43,1133,1630013,6475.698,3237.8,9713.4
2026-08-26,0.981143247,0.0029659,0,1.14,0,2.42,0,0.73,0,1630013,5931.706,2965.9,8897.7
2026-08-27,0.983816835,0.0026736,0,2.20,2.69,3.14,0,1.04,0,1630013,5347.176,2673.6,8020.8
2026-08-28,0.986055504,0.0022387,,,,,,,,,4477.338,2238.7,6716.1
2026-08-29,0.988160589,0.0021051,,,,,,,,,4210.17,2105.1,6315.3
2026-08-30,0.98997415,0.0018136,,,,,,,,,3627.122,1813.6,5440.8
2026-08-31,0.991482856,0.0015087,,,,,,,,,3017.412,1508.7,4526.1
2026-09-01,0.992701059,0.0012182,,,,,,,,,2436.406,1218.2,3654.6
2026-09-02,0.993839033,0.001138,,,,,,,,,2275.948,1138,3414
2026-09-03,0.994821504,0.0009825,,,,,,,,,1964.942,982.5,2947.5
2026-09-04,0.995639028,0.0008175,,,,,,,,,1635.048,817.5,2452.5
2026-09-05,0.996392077,0.000753,,,,,,,,,1506.098,753,2259
2026-09-06,0.99703854,0.0006465,,,,,,,,,1292.926,646.5,1939.5
2026-09-07,0.997586853,0.0005483,,,,,,,,,1096.626,548.3,1644.9
2026-09-08,0.998079042,0.0004922,,,,,,,,,984.378,492.2,1476.6
2026-09-09,0.998495697,0.0004167,,,,,,,,,833.31,416.7,1250.1
2026-09-10,0.998810461,0.0003148,,,,,,,,,629.528,314.8,944.4
2026-09-11,0.999094363,0.0002839,,,,,,,,,567.804,283.9,851.7
2026-09-12,0.99934003,0.0002457,,,,,,,,,491.334,245.7,737.1
2026-09-13,0.999549452,0.0002094,,,,,,,,,418.844,209.4,628.2
2026-09-14,0.999708276,0.0001588,,,,,,,,,317.648,158.8,476.4
2026-09-15,0.99984671,0.0001384,,,,,,,,,276.868,138.4,415.2
2026-09-16,0.999929162,0.0000825,,,,,,,,,164.904,82.5,247.5
2026-09-17,0.999971054,0.0000419,,,,,,,,,83.784,41.9,125.7
2026-09-18,1,0.0000419,,,,,,,,,57.892,41.9,125.7
2026-09-19,1,0.0000419,,,,,,,,,,,
2026-09-20,1,0.0000419,,,,,,,,,,,
2026-09-21,1,0.0000419,,,,,,,,,,,
2026-09-22,1,0.0000419,,,,,,,,,,,
2026-09-23,1,0.0000419,,,,,,,,,,,
2026-09-24,1,0.0000419,,,,,,,,,,,
2026-09-25,1,0.0000419,,,,,,,,,,,
2026-09-26,1,0.0000419,,,,,,,,,,,
2026-09-27,1,0.0000419,,,,,,,,,,,
2026-09-28,1,0.0000419,,,,,,,,,,,
2026-09-29,1,0.0000419,,,,,,,,,,,
2026-09-30,1,0.0000419,,,,,,,,,,,
2026-10-01,1,0.0000419,,,,,,,,,,,
2026-10-02,1,0.0000419,,,,,,,,,,,
2026-10-03,1,0.0000419,,,,,,,,,,,
2026-10-04,1,0.0000419,,,,,,,,,,,
2026-10-05,1,0.0000419,,,,,,,,,,,
2026-10-06,1,0.0000419,,,,,,,,,,,
2026-10-07,1,0.0000419,,,,,,,,,,,
2026-10-08,1,0.0000419,,,,,,,,,,,
2026-10-09,1,0.0000419,,,,,,,,,,,
2026-10-10,1,0.0000419,,,,,,,,,,,
2026-10-11,1,0.0000419,,,,,,,,,,,
2026-10-12,1,0.0000419,,,,,,,,,,,
2026-10-13,1,0.0000419,,,,,,,,,,,
2026-10-14,1,0.0000419,,,,,,,,,,,
2026-10-15,1,0.0000419,,,,,,,,,,,
2026-10-16,1,0.0000419,,,,,,,,,,,
2026-10-17,1,0.0000419,,,,,,,,,,,
2026-10-18,1,0.0000419,,,,,,,,,,,
2026-10-19,1,0.0000419,,,,,,,,,,,
2026-10-20,1,0.0000419,,,,,,,,,,,
2026-10-21,1,0.0000419,,,,,,,,,,,
2026-10-22,1,0.0000419,,,,,,,,,,,
2026-10-23,1,0.0000419,,,,,,,,,,,
2026-10-24,1,0.0000419,,,,,,,,,,,
2026-10-25,1,0.0000419,,,,,,,,,,,
2026-10-26,1,0.0000419,,,,,,,,,,,
2026-10-27,1,0.0000419,,,,,,,,,,,
2026-10-28,1,0.0000419,,,,,,,,,,,
2026-10-29,1,0.0000419,,,,,,,,,,,
2026-10-30,1,0.0000419,,,,,,,,,,,
2026-10-31,1,0.0000419,,,,,,,,,,,