Date,MONTH,DAY,1956,1957,1958,1959,1960,1961,1962,1963,1964,1965,1966,1967,1968,1969,1970,1971,1972,1973,1974,1975,1976,1977,1978,1979,1980,1981,1982,1983,1984,1985,1986,1987,1988,1989,1990,1991,1992,1993,1994,1995,1996,1997,1998,1999,2000,2001,2002,2003,2004,2005,2006,2007,2008,2009,2010,2011,2012,2013,2014,2015,2016,2017,2018,2019,2020,2021,2022,2023
6/3/24,6,3,N/A,2.790697674,N/A,N/A,N/A,N/A,N/A,N/A,N/A,N/A,N/A,N/A,N/A,N/A,N/A,N/A,N/A,N/A,N/A,N/A,N/A,N/A,N/A,N/A,N/A,N/A,N/A,N/A,N/A,N/A,N/A,N/A,N/A,N/A,N/A,N/A,N/A,N/A,N/A,N/A,N/A,N/A,N/A,N/A,N/A,N/A,N/A,N/A,N/A,N/A,N/A,N/A,0,,,N/A,N/A,N/A,N/A,N/A,N/A,N/A,N/A,N/A,N/A,N/A,N/A,N/A
6/4/24,6,4,N/A,2.666666667,N/A,N/A,N/A,N/A,N/A,N/A,N/A,N/A,N/A,N/A,N/A,N/A,N/A,N/A,N/A,N/A,N/A,N/A,N/A,N/A,N/A,N/A,N/A,N/A,N/A,N/A,N/A,N/A,N/A,N/A,N/A,N/A,N/A,N/A,N/A,N/A,N/A,N/A,N/A,N/A,N/A,N/A,N/A,N/A,N/A,N/A,N/A,N/A,N/A,N/A,0,,,N/A,N/A,N/A,N/A,N/A,N/A,N/A,N/A,N/A,N/A,N/A,N/A,N/A
6/5/24,6,5,N/A,5.070422535,N/A,N/A,N/A,N/A,N/A,N/A,N/A,N/A,N/A,N/A,N/A,N/A,N/A,N/A,N/A,N/A,N/A,N/A,N/A,N/A,N/A,N/A,N/A,N/A,N/A,N/A,N/A,N/A,N/A,N/A,N/A,N/A,N/A,N/A,N/A,N/A,N/A,N/A,N/A,N/A,N/A,N/A,N/A,N/A,N/A,N/A,N/A,N/A,N/A,N/A,0,,,N/A,N/A,N/A,N/A,N/A,N/A,N/A,N/A,N/A,N/A,N/A,N/A,N/A
6/6/24,6,6,1.873278237,0.310077519,N/A,N/A,N/A,N/A,N/A,N/A,N/A,N/A,N/A,N/A,N/A,N/A,N/A,N/A,N/A,N/A,N/A,N/A,N/A,N/A,N/A,N/A,N/A,N/A,N/A,N/A,N/A,N/A,N/A,N/A,N/A,N/A,N/A,N/A,N/A,4.444444444,N/A,N/A,N/A,N/A,N/A,N/A,N/A,N/A,N/A,N/A,N/A,N/A,N/A,N/A,0,,,N/A,N/A,N/A,N/A,N/A,N/A,N/A,N/A,N/A,N/A,N/A,N/A,N/A
6/7/24,6,7,3.696591117,0.655737705,N/A,N/A,N/A,N/A,N/A,N/A,N/A,N/A,N/A,N/A,N/A,N/A,N/A,N/A,N/A,N/A,N/A,N/A,N/A,N/A,N/A,N/A,N/A,N/A,N/A,N/A,N/A,N/A,N/A,N/A,N/A,N/A,N/A,N/A,N/A,4.129238416,N/A,N/A,N/A,N/A,N/A,N/A,N/A,N/A,N/A,N/A,N/A,N/A,N/A,N/A,0,,,N/A,N/A,N/A,N/A,N/A,N/A,N/A,N/A,N/A,N/A,N/A,N/A,N/A
6/8/24,6,8,1.287741935,0.333333333,N/A,N/A,N/A,N/A,N/A,N/A,N/A,N/A,N/A,N/A,N/A,N/A,N/A,N/A,N/A,N/A,N/A,N/A,N/A,N/A,N/A,N/A,N/A,N/A,N/A,N/A,N/A,N/A,N/A,0,3.720930233,2.748091603,N/A,4.651162791,3.692307692,3.761072835,N/A,N/A,N/A,N/A,N/A,7.266596972,N/A,N/A,11.09113765,2.555510927,N/A,N/A,N/A,N/A,0,,,N/A,N/A,N/A,N/A,N/A,N/A,N/A,N/A,N/A,N/A,N/A,N/A,N/A
6/9/24,6,9,2.021164021,0,N/A,N/A,N/A,N/A,N/A,N/A,N/A,0.94488189,N/A,N/A,N/A,N/A,N/A,N/A,N/A,N/A,N/A,N/A,N/A,N/A,N/A,N/A,N/A,N/A,N/A,N/A,N/A,N/A,2.224265762,3.669143357,8.032067817,1.867958813,N/A,3.430458813,1.920122888,4.045951794,N/A,N/A,N/A,N/A,N/A,3.628270677,N/A,N/A,2.262082934,2.634907673,1.91591715,,,,0,,,N/A,N/A,N/A,N/A,N/A,N/A,N/A,N/A,N/A,N/A,N/A,N/A,N/A
6/10/24,6,10,6.301075269,0.491803279,N/A,N/A,N/A,N/A,N/A,N/A,N/A,0.625,N/A,N/A,N/A,N/A,N/A,N/A,N/A,N/A,N/A,N/A,N/A,N/A,N/A,N/A,N/A,N/A,N/A,N/A,N/A,N/A,3.197278912,1.497332343,4.332689494,3.917282388,0.882352941,6.193702871,5.897697902,2.431501587,N/A,N/A,N/A,4.47158609,6.5625,3.418734491,12.28509181,12.73943448,5.460717606,3.772791425,3.676333545,5.43116192,4.181606612,,0,,,2.24,1.38,0.29,0.4,1.2,0.81,0,1.38,0.3,0,0.6,0,0
6/11/24,6,11,2.845471368,1.237113402,N/A,N/A,N/A,1.860465116,0.46875,N/A,N/A,0.932844933,N/A,N/A,N/A,N/A,N/A,N/A,N/A,N/A,N/A,N/A,N/A,N/A,N/A,1.463414634,N/A,N/A,0.952380952,N/A,0.871835865,2.687165775,1.088915682,1.920153832,4.090867408,3.331610623,4.98632946,6.378148168,2.81742126,5.610787123,N/A,N/A,N/A,2.214763155,7.710659302,2.455198135,7.235717294,6.200844078,3.881339199,7.275264695,3.698826748,4.799446829,2.920610643,,0,,,1.41,1.18,1.17,0.3,0.81,0,-,1.21,1.52,1.22,2.68,2.01,0.3
6/12/24,6,12,1.376855806,1.477155988,N/A,N/A,1.791044776,1.347117523,0,N/A,N/A,0.310077519,N/A,N/A,N/A,N/A,N/A,N/A,N/A,N/A,N/A,N/A,N/A,N/A,1.92,1.410881801,0.9375,0.465116279,1.048513262,1.875,2.117647059,2.358803987,4.747319618,2.068965517,1.517921844,2.450238481,3.678214915,2.706766917,2.729725076,4.545663256,5.053686471,3.176663032,8.85558667,1.560310078,4.995555556,1.497026147,6.658312448,7.66447016,3.437593933,6.071857543,2.479986873,3.667213433,2.972092979,,0,,,4.23,1.34,1.21,1.19,2.21,0.61,0.6,1.2,0.81,0.41,0.61,1.8,1.22
6/13/24,6,13,1.873323398,1.842795802,N/A,N/A,0.317460317,0.461538462,0.63496063,N/A,N/A,1.509043928,N/A,0.94488189,N/A,1.304347826,0,0,N/A,3.356643357,N/A,N/A,0.96,0.5,1.678321678,2.290076336,1.864098837,1.850961538,0,1.370838117,0.392156863,2.240968047,6.480077476,9.045682103,1.842630652,4.393375269,2.813293376,3.103927702,4.792270531,3.697586328,1.83982684,3.20610687,11.78667323,3.100775194,2.748091603,1.804511278,8.708885942,4.840702937,3.40390156,4.10495634,2.433516206,2.810791485,1.804761878,,0,,,1.4,0.4,0.6,0,2.53,0.6,0,1.51,0,0.61,0.91,1.51,0.81
6/14/24,6,14,1.508378436,1.860576923,N/A,N/A,0.973030143,0.465116279,0.32,N/A,0,0.305343511,0.621499548,1.211469534,N/A,0.637460317,0.957195248,0,N/A,2.156638817,N/A,N/A,0.48,0.678596994,1.343283582,2.748917749,1.777777778,0.48,0,0.916030534,1.72541744,2.945486212,1.847401984,1.886072835,10.95785441,3.345846795,0.930232558,5.361329834,1.300027152,8.738535889,5.084921939,7.421092374,14.79489362,3.902459031,4.573883633,1.558441558,6.330181155,6.3531961,5.546099661,4.50325937,4.983601787,3.070710322,2.047514174,,0,,,1.18,0,0.98,0.91,2.74,1.99,1.01,0.91,2.4,0.61,0.3,2.13,1.01
6/15/24,6,15,1.353509878,1.587906504,N/A,2.339387368,2.633833519,0,0.631330392,N/A,0.784313725,0.666666667,0.625343511,0.627537837,0,0,0,0.615384615,0,2.126291619,N/A,N/A,0.465116279,1.013874893,0.454545455,1.635808271,4.122137405,2.34375,0,0.625,2.858560794,0.952501905,5.635225885,5.609808102,7.032517882,4.504647742,1.545617174,7.705849991,0.48,3.877828054,2.4474821,0.930288462,14.91465149,3.920811847,2.167525832,2.553191489,9.253731343,8.667845528,3.717920601,7.140513359,2.357925045,3.803578663,2.857377006,6.588721706,0,,,2.08,0.39,3.66,1.52,2.11,1.21,1.61,0.94,0,0.8,0.91,1.83,2.02
6/16/24,6,16,0.875912409,1.634920635,1.455609756,1.517880688,0.322580645,0.327868852,0.600848783,N/A,0.64516129,0.610687023,0.608584982,1.826061712,4.106026507,0.923076923,0.601503759,0.3125,1.212121212,2.71195097,N/A,2.727272727,0.615384615,1.846153846,1.223828803,1.568348733,1.784347826,2.2098019,0.307692308,2.146836181,1.875338102,4.065769231,0.650578512,6.575155051,2.666666667,5.326137421,3.120754944,5.800484529,3.612615483,3.638242894,5.169616956,4.090909091,9.142640775,6.281449429,6.706004859,1.88976378,11.70820812,8.121408627,3.919772706,14.32414163,3.903597341,4.524086791,3.632706498,5.123087285,0,,,1.48,0.99,0.8,0.3,0.42,1.21,1.02,1.22,0.91,0.81,0.2,1.22,0.6
6/17/24,6,17,1.796171813,1.086515794,1.265368852,0.3125,0.608444187,0.322580645,0.307692308,1.825585038,0.64516129,0.978494624,2.746060689,0.927847346,3.331053352,1.868411487,0,0,1.526717557,2.326413744,4.701819019,1.502657083,0.911680912,1.377568996,0.305343511,0.906847271,3.127281022,2.156638817,0.608373814,2.757486788,6.47189584,3.373550154,2.7303553,4.39073741,3.75738189,3.94489093,0.954920635,3.738941029,4.945420028,5.262305535,0.620155039,3.976512038,8.077749023,4.757332421,2.867625418,4,10.86059066,6.957252466,2.344615349,11.654885,2.830710066,3.441386998,5.965627488,4.22088229,0,,,2.08,1.72,0.6,1.21,0.3,1.41,1.63,2.38,0.91,0.61,0.81,1.83,2.11
6/18/24,6,18,2.728519179,1.381109593,0.645203252,0,0.918662501,0.64532917,2.720975668,0.601503759,0.925647653,1.865633075,5.10155987,2.746390627,1.833941606,0,0,0.458015267,0.589382449,3.159722222,0.845070423,2.193638466,0.705882353,0.933979406,1.23557607,1.856294681,0.923076923,2.362204724,1.519881508,0,4.463401648,6.111327247,1.24666505,3.99577167,2.441073179,5.058079983,6.248594543,1.245647653,1.875,3.829352542,5.531859017,2.50492126,6.388663968,4.430710298,4.171735242,2.627640845,4.01057532,6.973108456,1.525227314,8.062435027,5.297548139,6.259096948,2.566856414,3.306101269,0,,,4.27,0.59,1.38,0.4,1.5,0.3,0.61,1.52,0.3,0.61,0,0.61,2.13
6/19/24,6,19,5.550894996,0.625989526,4.577702703,1.600609756,0.634920635,0.3125,0.952380952,0.895522388,2.147014972,1.846153846,0.916030534,1.553154442,7.545269193,0.307692308,0.799388028,0.898066194,1.555232558,0.952380952,6.978354978,2.723326666,0.461538462,1.40625,1.923076923,3.653050336,1.867732558,0.476190476,0.876005078,3.350185372,3.111111111,0.96,2.890322581,7.5,2.480620155,6.886586696,3.720930233,6.204617088,3.245080501,3.529411765,2.800612998,1.26488189,3.679511278,5.831570038,3.962703963,6.054233536,11.61440066,9.227799228,4.429692466,10.29945745,3.65714829,3.559174621,6.706898988,7.085378508,0,,,2.66,0.3,1.79,1.81,2.35,0.91,1.02,1.41,1.22,0.61,0,2.44,1.48
6/20/24,6,20,5.02838605,2.471153846,3.362204724,3.091474418,0.608444187,0.3125,0,1.579918789,0.350877193,1.237924866,2.784926471,0.634920635,6.654931391,0.608796296,1.384615385,0.31496063,0.707070707,1.501896204,4.298319328,1.670848893,1.534567315,2.780133253,0.625,3.472367049,1.523849519,1.860465116,0.593765463,3.585093775,2.748891223,4.666046512,3.692307692,5.90264304,6.710678913,2.22272115,4.734408199,4.180065548,3.101520707,11.35869565,2.800803746,2.849764747,3.168305379,7.675366621,6.785436785,3.211050725,14.47414413,8.725292457,3.507566258,4.442527881,4.677851178,2.10613119,6.559846655,7.552463162,0,,,3.82,1.16,0.99,2.25,1.8,0.3,0.61,0.2,0.91,0,0.61,2.13,4.32
6/21/24,6,21,3.068294889,5.127262756,1.304235537,0.905982906,0.322580645,0,1.267692308,0.322580645,0.601503759,0.597314314,3.260632497,1.844177875,7.107890499,1.233339961,0,1.245305875,1.513888889,0.31496063,3.169038528,2.872887289,1.203007519,0,0.96,1.543269231,0.914475243,1.871366279,4.034188034,2.329737387,2.778771616,2.348269994,3,2.791035736,6.699300699,8.26975764,3.998018799,5.191620879,1.565153193,7.626262626,4.840424912,3.375728438,3.035769275,6.90647482,6.036815453,3.681569476,10.6205655,10.00595593,2.653943405,6.629031532,3.393360188,2.820983276,11.8710636,6.45692298,0,,,2.89,1.99,2.37,1.81,2.18,2.42,1.62,0.91,0.91,0.6,0.61,2.13,5.02
6/22/24,6,22,6.086898154,3.082006988,5.028605998,1.384615385,1.277584204,0.305343511,0.947381577,0.31496063,2.889442599,1.589403974,1.40734015,0.9375,3.160699062,0,1.395348837,0.635080645,0.3125,0.317460317,3.188811189,2.743053949,1.230769231,1.323076923,1.562238931,1.832061069,2.800425746,0.921021236,0.89383039,2.710673391,2.149504563,1.922745495,2.903225806,8.559691221,3.425387597,4.873609707,3.135084428,3.009049774,3.366394519,4.345238095,2.485844904,2.45236521,5.28184567,5.735294118,3.68548065,5.192028366,11.33147554,10.30639043,6.869795729,7.778076079,3.890881921,4.195611839,8.166646524,6.282567752,0,,,1.96,2.07,1.2,1.22,1.97,0.6,2.36,1.98,1.63,0,0.61,2.78,3.25
6/23/24,6,23,5.833333333,1.198552691,1.257498154,1.377622378,0,0.458015267,2.074074074,3.75738189,1.550387597,0.620155039,0.932730457,0.472440945,4.8535336,1.245342291,0,0.476190476,0.627537837,1.338315217,1.374045802,1.374045802,0.333333333,1.538461538,0,4.813887232,1.839755639,4.860879935,0.888937665,1.536185573,3.94926616,4.500748399,4.639731894,2.881898208,4.312462731,4.225987855,4.65228106,2.21472316,1.515151515,6.164565362,3.284940945,4.336769174,3.775838903,6.447527433,6.310634328,2.749262409,15.97113401,13.35139319,6.851976419,7.674820029,1.462990174,5.020370996,12.59648974,4.563762893,0,,,4.66,1.73,2.62,2.2,2.41,1.47,0,1.41,1.63,0.6,0.81,2.94,4.75
6/24/24,6,24,9.204101286,1.507049101,0.865883349,0.583941606,0.32,0.606060606,2.09628549,0.317460317,1.280040963,1.590994371,2.566269904,0.465116279,3.051486191,0.317460317,2.168157424,0,2.253521127,0.637541275,3.623860458,1.860465116,0.307692308,1.216783217,0.944940476,4.9375,1.865348227,2.156451565,0.888888889,1.860805861,2.110060385,3.023995334,5.353535354,7.323576435,4.830950144,1.527247484,6.083333333,4.576330944,5.005568385,4.543561994,1.771820856,5.149369149,4.89015499,5.129334965,5.309794602,3.673659674,10.39914735,14.53003689,8.944674378,7.254665701,3.208831404,2.877883126,7.240421941,6.635774724,0,,,3.9,3.01,0.89,0.6,2.18,1.74,1.11,0.41,0.61,1.2,1.22,5.22,4.06
6/25/24,6,25,9.357285682,3.518640059,1.312935431,3.053613054,0.476190476,1.920122888,1.247577519,1.56988189,0.94488189,2.362204724,3.020332714,0.902255639,2.502889502,0.637703252,0,0,0.606060606,0,3.049161365,0.916030534,0.307692308,2.131451706,2.492732558,3.20610687,1.212121212,1.242732558,1.395281517,1.853530534,3.219909691,4.824005147,3.868131868,6.944561997,5.44788411,2.785927251,6.061046512,2.190387597,4.464858438,8.952547884,2.769230769,4.74895551,9.485952644,4.245414673,4.058280028,4.534236354,16.34443458,8.882502444,10.59702925,5.537795393,1.512391944,3.319083826,7.825314832,5.645028097,0,,,3.16,2.56,3.46,2.99,2.39,0.6,-,1.99,1.01,1.52,0.61,2.77,2.23
6/26/24,6,26,6.342937202,2.799272609,1.00284742,0.45112782,1.201830628,0.647783897,0.307692308,1.526717557,5.148091603,0.880840599,2.128327277,2.582040257,2.493309481,0.952380952,0.909090909,1.35706085,0.920728127,0.935230145,5.800475232,1.853309481,1.730345245,1.230769231,2.676667041,6.733772995,1.323529412,2.156340612,4.176658407,0.461538462,1.972854842,4.92244093,8.231884058,9.546815103,4.057807636,2.998315553,8.255639098,4.580152672,7.134455696,7.45882885,1.830956376,0.930232558,5.83069904,5.816596195,5.837104072,8.453830794,9.602907579,14.90431488,9.412736091,5.412877412,4.438675626,3.480918152,5.120226167,6.88026635,0,,,3.46,2.95,1.16,2.4,3.32,1.01,0,1.62,0.61,1.59,1.22,1.4,0.61
6/27/24,6,27,2.461826499,4.86002886,0.64,1.285367134,0,1.000643323,0.64,1.562615356,2.250218723,0.905699363,1.19882488,1.22255291,3.641025641,0.932655039,1.550769231,0.592592593,0.9375,0.310077519,2.267532566,0.909090909,0.913194444,4.021978022,1.230991164,2.748091603,1.103176557,6.709892667,0.613107822,3.032967033,1.255075674,6.887629038,4.932106385,6.988543372,4.256018514,1.867847914,4.651388165,5.047658516,4.840828773,9.520843221,2.13740458,8.186423506,7.338624339,6.03958341,5.788770053,9.432492367,9.558663431,11.52136752,8.672310765,4.694087258,1.878857751,3.901096008,5.352928115,5.170925663,0,,,3.71,1.97,2.76,2.45,3.77,0.79,0,1.79,1.21,2.42,0,3,1.81
6/28/24,6,28,1.788899378,4.248118909,5.549781022,1.866330391,1.510699826,0.303030303,1.238037553,3.346111366,1.310887675,2.466308885,1.244084405,3.844271251,1.88625,2.467469437,1.479367867,0.615384615,0.461538462,3.067661173,1.237956204,0.909090909,2.147566719,3.282051282,4.525546857,2.322115385,1.354793886,4.277660324,1.185185185,1.832061069,4.814258269,10.23337304,4.575757576,6.648372757,4.284927766,6.483914572,5.896013709,2.388571429,4.341085271,7.608528491,3.960994266,0.96,5.940230972,8.237119327,1.841747629,9.760913913,7.158313643,10.93509354,14.57146187,3.112332596,2.993127284,5.718891588,5.871644474,3.76724263,0,,,3.98,2.94,4.07,2.13,2.56,0.6,1.6,0.61,1.61,0.61,0,0.89,1.21
6/29/24,6,29,7.447165759,6.76744186,2.950982106,3.259652686,0.32,2.478462106,0,1.292060511,1.804511278,0.706504824,3.416259403,4.255033136,4.204595792,2.132578276,1.536185573,1.242843511,0.933866279,1.837121212,3.090454773,3.0722619,2.748091603,2.532308378,3.019663438,1.216888375,1.527349229,6.313390313,2.45323292,4.157642464,2.698412698,5.140741611,6.85682201,2.674076496,8.942059158,4.785258711,5.624038462,2.358870968,6.262872206,10.5171201,4.010060985,3.203463203,7.09248498,8.263314294,3.565036929,10.98455742,11.78510105,5.544465962,8.776092259,6.278008913,5.869139267,5.11620122,6.179836508,6.018720078,0,,,3.1,3.06,3.28,1.48,0.81,1.39,2.19,3.61,0.41,1.5,-,2.12,1.2
6/30/24,6,30,5.431432974,7.427083333,4.037728894,3.698597919,0,2.755244755,0,0.918949234,2.297122725,1.590994371,6.902695525,1.791245791,5.279382802,0.64516129,0.620155039,0.310077519,1.355912409,2.624338624,2.80075188,1.237924866,0.902255639,3.582491582,2.676886474,2.632601163,1.826388889,4.244566973,4.141688928,7.323910063,3.750697674,4.767474241,11.9044938,4.069823306,7.890979883,8.440647072,5.317751948,6.028846154,3.199713672,10.43667444,6.146779379,0.45112782,8.57407217,2.394074074,4.285263348,9.314462627,15.39177687,11.31131751,8.931845624,3.263194395,4.64602318,4.442043945,5.172492118,4.94959814,0,,,3.38,4.05,2.69,2.3,1.59,1.57,1.62,1.21,0.41,0.81,-,4.34,1.21
7/1/24,7,1,2.341946903,5.28,3.227166276,3.674547675,0.618212197,0,1.545653589,0.625038149,1.222657826,1.38862782,2.469412974,2.959791434,3.643410853,1.860465116,2.151497358,2.100566101,1.554001554,0.437956204,3.28628073,1.22375843,1.69047619,2.637362637,1.151138716,3.329091961,0.45112782,8.06153726,2.364706232,0.930381661,5.384615385,2.997186937,8.767672044,3.219241259,6.808882672,5.143691204,8.887885909,6.511627907,1.700891516,12.30000221,4.891774892,1.232876712,5.064512952,4.284384767,4.587862851,9.735294118,12.25015668,10.16878025,10.15569023,4.406066722,7.192796378,6.67022374,4.738694374,4.587408019,0,,,3.97,3.9,3.56,4.08,0.91,1.78,2.38,1.82,1.22,2,1.21,2.9,3.13
7/2/24,7,2,0.495867769,4.164248872,2.608695652,1.513153051,1.264841895,0.95766129,2.13986014,1.276483051,1.579918789,0.9375,4.666666667,2.825309525,3.424327949,1.916190476,3.238400999,2.520007966,1.520091848,7.315010571,2.203158848,0.613107822,0.857142857,6.700854701,3.206787765,2.35875625,2.090960135,3.713942308,1.488970588,3.167700373,4.545980335,0.916030534,12.29049212,6.498547739,10.14705882,7.409216751,9.381451089,4.951923077,0.952380952,5.966816824,4.954084675,0.606373816,7.865022713,8.981481481,1.52958153,8.402255639,11.28421248,12.87606237,7.25412564,3.056018423,6.420555459,3.947994094,2.83051269,6.511296694,0,,,3.39,3.25,2.95,2.8,4.62,1.56,1.22,2.7,0.91,2.19,1.81,5.94,3.74
7/3/24,7,3,1.272553481,6.457824067,0.897321429,3.635439951,0.601503759,0.610687023,0.476190476,1.28,1.882613511,0.31496063,7.246376812,0.899191738,1.921406759,1.250232558,2.986437141,2.790697674,1.813836918,2.283529412,1.550537553,2.694266382,1.047272727,2.290598291,1.477297896,1.897262842,1.520099151,2.734743836,1.529138357,0.904670111,5.477986998,2.765707575,5.928184282,6.330116993,10.2536843,5.978682171,5.81093322,5.669291339,2.880184332,15.65062389,2.102118241,2.911681374,5.131868132,5.454896395,3.104217557,5.473684211,8.11572019,7.94317218,5.984936952,7.152206894,4.03856019,5.888132157,6.876201717,4.04090903,0,,,6.73,2.04,2.32,2.76,0.9,1.36,1.78,2.72,3.05,1.42,4.28,6.71,3.66
7/4/24,7,4,5.110031034,4.401480954,0,4.446856599,0.927996449,0.322580645,1.549090909,1.838568679,3.349394758,0.476190476,3.238311069,1.214755639,3.029339887,2.803655126,1.835584263,2.13986014,0,2.439335726,2.259158752,0.307692308,0.927884615,4.017094017,0.613035819,3.633199039,1.751824818,4.0279965,3.832997988,1.805037313,10.13853172,4.133192389,6.315637066,6.019394097,6.794089787,7.932979429,7.268483492,5.203980154,4.253749567,6.887844979,1.55075188,0.620155039,9.378253326,4.465240642,2.109875295,6.047138047,10.75182482,6.67957694,5.832549705,9.33682754,7.397988611,2.59517481,4.681090025,5.994213798,0,,,3.99,4.56,3.9,2.05,2.31,0.91,1.98,4.07,1.52,2.42,2.68,2.77,1.1
7/5/24,7,5,5.581744893,3.590885003,0.303030303,8.656952055,0.601503759,1.26007326,3.767302525,2.753268784,2.087735897,1.235576923,3.026565465,1.706082967,7.003444317,2.359285474,1.699917729,0.606060606,0,3.865702905,4.826826717,1.860576923,0.932692308,2.720647773,0.465116279,3.294007902,2.709315948,4.491180461,4.886487729,3.111111111,4.67335563,3.67469172,6.801354531,5.521695079,1.82536265,7.0931306,5.823394453,4.93359953,6.63477808,6.634678299,8.556606185,0.935115669,5.591722146,7.495849474,4.438502674,4.914394066,11.15384615,9.814779815,6.316597039,6.938847014,4.876239976,3.800440627,3.203737849,5.88107175,0,,,3.55,2.61,3.26,2.3,3.55,1.76,1.01,4.14,2.74,1.5,2.18,3.09,3.13
7/6/24,7,6,7.656168565,3.308823529,1.478241057,5.719406042,2.307692308,0.584050122,1.587301587,1.791831357,1.534242732,3.659782078,2.664553052,1.818181818,10.49094567,5.26717033,0.454545455,1.811346548,0.937613568,4.496778812,2.488545937,1.31036915,1.853422168,1.206594543,0.923568764,3.357491264,2.696237121,5.908623461,4.060150376,2.953367377,7.112031286,5.617625763,7.503649635,4.238064094,5.088603599,8.829215897,4.938925144,5.345277425,6.822510823,6.871023713,4.229166667,1.577380952,9.220347441,6.635201142,1.490392648,7.006717161,5.698319363,9.889204285,9.429390137,6.953185257,2.439260213,4.649495507,3.513071796,6.164570367,0,,,5.55,4.41,2.35,3.44,1.2,3.23,0.9,2,2.63,3.21,2.95,5.2,1.99
7/7/24,7,7,5.836113932,5.176252319,1.221374046,3.16976378,0.647783897,0.571428571,2.473846154,2.492886064,0.610687023,2.122293307,2.733763946,4.677478332,13.11331928,0,0.916030534,2.175425746,0.615384615,4.590989177,1.345160702,1.569998154,2.182692308,1.333333333,0.428571429,4.920151744,2.548466027,7.807438058,1.384615385,4.848484848,4.657233314,3.012446607,9.451787649,6.712496669,6.644424414,5.018139755,8.438538206,6.650621356,4.244354382,1.739408473,4.247885645,2.04397569,8.186638388,3.636363636,1.848647477,6.011013151,6.010776947,13.3363269,9.091251228,5.961028118,3.907687518,6.051938685,6.529536522,6.064846337,0,,,5.62,4.09,2.31,4.53,2.72,3.52,1.6,2.03,1.42,2.4,1.99,5.36,2.43
7/8/24,7,8,5.953726198,5.61839759,2.388192704,6.630316249,0.31496063,1.990392648,2.216843542,1.582423165,4.025409382,3.050847458,2.357972225,3.297112526,6.528231216,1.846153846,2.970164147,2.415614237,1.121103118,3.144707185,2.333333333,0.625038149,1.538461538,0.907553223,1.723108595,8.323191607,2.04379562,3.524856918,1.88976378,5.298821767,7.454991415,4.816783135,7.130474453,8.721040939,5.488046091,5.651744685,5.961945032,3.526717557,5.499531069,3.536525561,5.324443934,0.880362377,4.296011039,1.846476657,3.696015271,6.473722735,7.324966162,9.924211884,6.847186731,9.62494309,1.693520541,5.117910371,3.061893274,8.831056476,0,,,3.5,1.17,1.49,2.38,1.27,2.39,0.91,4.04,1.01,3.27,2.65,4.47,0.9
7/9/24,7,9,4.817927171,7.954704606,1.31713555,9.565439502,0.96,0.94075188,3.320543403,3.371975806,1.227673238,1.870305875,3.823593022,5.728274174,3.766153846,0.925647653,4.351290501,1.548302379,0.945,5.366520118,1.231060606,1.875457875,1.550424866,1.450549451,1.146496815,4.552501762,1.433080808,3.483494677,2.763063708,6.524064171,6.667126657,3.345146082,5.968768074,5.658627087,4.392812024,1.876946583,3.682297346,2.832302212,9.160927585,1.462857143,6.552072801,1.170127582,5.052687742,2.019137727,5.743198407,6.890428242,6.282447049,7.876389863,4.14498868,11.06426662,3.97412415,5.349184702,3.633078375,6.564930434,0,,,4.87,1.9,2.66,1.79,1.57,3.64,0.3,2.12,1.62,3.53,4.12,5.82,0.77
7/10/24,7,10,0.483870968,2.055890411,2.024874799,7.667184057,3.797956204,4.016015271,3.355462447,0.625,0.472440945,1.57234252,4.05844138,3.427824208,2.705910853,3.301639445,2.555217642,5.693430657,2.8274954,4.292888244,1.223722842,1.343283582,1.522125926,2.91005291,1.379310345,0.916030534,5.023398793,2.502887834,2.110481186,7.913493756,8.386011121,6.511775518,4.624254334,11.10869994,1.233375548,3.783941606,8.014927831,6.340337785,8.977274014,3.223171131,6.936507937,3.395876916,5.321067821,1.839107457,4.122621564,7.416737749,5.834874567,6.778853793,5.226572758,9.181805182,4.448213888,4.621066748,2.526850398,10.83773374,0,,,4.63,0.99,3.13,2.43,3.13,1.16,0.9,3.23,3.05,2.49,1.81,5.45,2.86
7/11/24,7,11,1.983291562,7.98130077,3.423962364,8.076730101,6.146245059,1.734137238,5.115540361,2.311463227,3.227576336,1.224051539,2.732003499,3.664772727,2.776442308,2.081311695,3.093326408,2.491894291,0.923076923,4.643141109,2.058823529,1.384615385,3.692307692,1.941474576,0.310077519,4.2821884,1.235981866,1.698412698,4.578113048,9.544135039,7.901477833,5.492894673,7.431372549,3.77039627,2.700927646,2.426703146,6.736172918,3.692307692,6.660585791,1.760724754,10.61570009,1.196466721,4.320682692,3.31986532,1.333333333,10.4108713,6.326054763,7.810427477,7.662360905,6.578993457,6.505443149,6.648895417,4.190376369,4.321803177,0,,,5.46,2.2,2.93,1.47,2.36,1.18,1.2,2.46,1.21,4.25,3.23,2.75,0.3
7/12/24,7,12,4.052245938,5.737056113,3.379954208,6.611640647,1.834409865,0.655737705,3.700472555,1.381146813,1.999800965,2.182887597,3.824531826,0,7.674906716,7.685563114,2.163380282,2.509918818,0.472440945,5.790327984,4.429794906,0.923076923,4.566433566,1.684231262,1.185185185,5.649350649,1.811965812,2.847609117,2.081417634,4.493055556,9.1310052,5.658197052,8.493496515,6.02343991,1.170030056,1.771893095,4.967350746,7.279693487,2.97601301,2.061212011,4.274465692,1.798449612,3.003680213,2.987456591,3.175516917,7.396548926,5.056827786,7.909270416,5.913652714,5.591381188,5.819547946,4.147396722,2.828221017,4.608879118,0,,,2.23,4.06,2.34,2.52,1.99,0.19,1.5,2.59,0.8,4.19,1.78,3.79,2.3
7/13/24,7,13,3.401013712,5.544403893,4.695122731,4.924242424,2.685343874,0.62992126,3.701014646,3.112887597,1.871376935,2.19757414,4.896885793,4.840597015,4.369367043,4.706356074,0.827586207,1.469497809,1.44018288,4.632712952,2.475582448,3.660920112,0.9375,1.760724754,0.310077519,4.377373268,3.582089552,0.831417625,1.259920635,3.981120685,3.373313343,8.355657522,6.419424744,5.270570793,3.582089552,1.487459106,5.85746488,6.074561404,4.503036114,0.617769827,2.681551695,0.909090909,2.547889799,1.559263445,3.724511278,9.090225564,3.443943733,6.170817848,3.641589103,10.00124985,3.55774248,3.656590983,1.434969661,3.978305941,0,,,3.91,2.67,1.99,2.15,2.11,0.97,1.72,1.73,4.11,1.77,1.5,3.28,1.12
7/14/24,7,14,3.969324076,2.241503759,1.584952205,5.881932021,3.972809497,1.739130435,2.17092427,2.700164092,2.8765229,1.524621212,3.516742549,9.261553762,7.379216695,5.498345755,2.597883598,3.604635741,3.076923077,2.424242424,2.153408421,2.096866097,5.556363636,1.459854015,1.2,5.657570232,2.142857143,0.916030534,0.563380282,3.947234906,6.944890821,1.904761905,7.560510336,5.59596865,2.790897381,6.262213505,7.209678139,9.138804458,2.769230769,0.599663111,1.802223997,4.72027972,1.903846154,0.911975555,4.546913526,5.266426937,6.345963116,3.403229539,4.60681554,7.165666159,3.98463339,2.630918928,4.221716637,3.787900415,0,,,2.08,2.37,3.19,2.96,3.94,1.38,0.97,1.88,2.76,2.91,2.92,5.46,2.45
7/15/24,7,15,0,0.437956204,0.916464389,7.554563492,3.75246063,2.888337469,4.244917147,2.149710145,5.91522925,2.110380825,2.118710323,7.900328587,9.460239651,3.255813953,0.287769784,4.780700865,4.342983405,3.778408079,2.295427624,2.400493091,2.215384615,0.602355072,1.464533152,3.049784668,4.038461538,1.208390333,2.295028145,3.316865595,6.47299509,2.461268725,5.222408884,7.375494071,3.354679803,5.822560598,5.192494755,1.803690359,1.804822044,2.37836623,2.535666479,2.444770234,1.283026627,2.298047276,2.095379661,12.51699258,4.185249549,6.132966063,4.838429637,5.108196395,3.069114442,2.506432555,5.438303798,5.428834242,0,,,0.57,1.22,2.48,0.76,3.9,1.11,0.99,3.46,3.14,1.36,2.51,4.55,1.74
7/16/24,7,16,4.799745482,2.076314363,0.551724138,6.730565911,2.195434589,2.082575131,2.927234927,3.117732558,3.272727273,1.5848019,4.900727816,5.58056556,4.552887634,3.650665124,1.878017413,3.98539272,5.454959761,3.298701299,2.149475524,3.328915627,3.065179096,4.421052632,0.866410585,3.984475,0,0,1.320881183,1.654527881,4.932185271,2.329220779,7.079296847,5.58611537,6.87678252,3.293949159,2.471590909,2.116985377,7.525909368,2.5354763,2.37950792,1.500145815,1.353537655,2.457591848,3.699541837,9.295566502,2.117374893,6.006166495,3.44187611,7.408333222,3.648185273,3.868509451,3.253724808,5.788788784,0,,,3.15,1.63,2.26,0.88,2.84,0.81,0.59,3.89,1.75,1.38,1.59,3.66,1.48
7/17/24,7,17,6.983032874,0.930232558,0.891774892,9.981664472,1,1.218655378,2.855980149,4.562034457,2.151891356,1.044040404,3.234552333,5.088729262,2.402330577,1.765564992,1.134925495,2.790733347,2.954832336,1.643835616,0.938555875,6.000671265,2.419473015,3.995925989,1.313868613,1.189640769,1,0,0.738512949,0.55755221,0.903484113,3.871034996,4.117025831,4.070630745,2.399281787,2.998196734,3.780748815,3.876532887,3.925407925,2.268873766,2.149521386,2.00699598,2.205882353,1.534083532,1.508453828,3.438722197,5.627281022,6.560517035,3.247235401,5.321338407,1.945165332,2.759448224,2.491240415,7.000491007,0,,,4.98,2.79,2.96,1.64,3.55,1.93,1.28,2.6,2.07,1.55,2.12,5.07,0.83
7/18/24,7,18,6.134512622,2.196712379,4.14379419,5.07198292,3.814781992,0.32,2.166656952,6.367484935,5.636263129,3.395562771,1.966959508,4.116527595,0.23255814,3.523254713,2.645357355,2.222329395,0.923076923,2.571428571,3.098917694,6.976938554,1.769386971,4.024305556,1.328425632,3.605785297,1.819029851,0.879699248,3.938248104,1.148872088,5.006201635,3.099404319,3.194572453,1.966091462,0.296296296,2.656851263,6.194393151,2.033703023,1.951439587,0.900045228,1.794399192,0.272108844,4.88661877,1.50437342,4.267909616,1.711469534,6.298913043,5.084227402,1.858685872,3.985187725,4.347123995,3.342847043,4.548261459,4.008020929,0,,,1.87,2.35,2.26,0.89,2.54,0.8,1.12,1.49,0.91,1.17,1.78,5.48,1.11
7/19/24,7,19,8.346320346,1.133133133,2.90576899,8.649775832,3.609904722,0,4.857925368,2.834008097,4.053418764,3.160022459,2.657152195,0.930232558,2.244489316,2.150952724,0.902255639,2.156079855,1.049627398,0,3.155392527,4.406184486,4.114285714,1.860576923,0.740740741,4.572329216,3.465933136,1.324110672,2.525396945,1.46031746,2.018496957,1.66091954,4.683094003,1.526974952,0.613035819,2.89577576,3.975882719,1.154461785,1.411429734,0.46875,3.515812353,2.094276094,1.726618705,1.226108054,2.721451427,4.354087226,2.343830666,2.662681837,4.964428243,4.821538697,3.5313039,3.174620615,3.125202251,3.034935095,0,,,2.6,1.99,0.9,0.53,1.46,3.42,0.88,2.84,3.76,2.39,2.15,1.79,0.27
7/20/24,7,20,4.867822868,3.680206319,2.177884615,3.912360218,4.751655846,0.597014925,1.604502549,3.166227309,4.19652811,2.070321299,1.784460053,1.582302212,1.453637475,1.450163726,1.374045802,2.843410853,1.650984537,1.175809353,0.483870968,2.877873563,2.078529657,1.205599907,0.545454545,1.501976285,1.118881119,1.731141199,1.308270677,1.718426501,3.174024301,0.821917808,4.060558129,1.352380952,0.909196067,1.353537655,2.48221426,0.624623721,0.901401923,1.860465116,2.456950115,0.27027027,2.676691729,2.27351614,3.370445776,3.055881634,2.854792267,4.960151803,3.44326198,2.677182527,3.312093192,2.504968796,2.053299653,3.928447927,0,,,3.37,2.01,1.5,0.83,3.05,2.61,0.76,2.74,5.5,2.87,2.72,2.03,0.84
7/21/24,7,21,5.601503759,3.075015779,4.164126016,1.428571429,3.290418138,0.512820513,3.887679331,9.166666667,0.916030534,3.186579066,2.35629562,1.910546763,0.325203252,1.185445365,1.804511278,1.726618705,0.594869527,2.000105158,4.324675325,3.233863977,3.369047619,4.036601696,0.454545455,0.876280536,0.596187943,0.877453406,0.832376579,1.878405005,2.449780435,1.548387097,0.926765267,1.657447432,1.465516672,2.602888647,5.514535203,2.011282806,1.771820856,2.333353369,2.424653661,0.584439823,1.592642467,2.108789121,3.81061913,3.66642643,1.71675137,4.443816597,3.815984069,3.241814272,5.031728653,2.454124125,2.150792714,3.673887588,0,,,3.16,4.23,1.15,2.55,2.38,2.06,1.66,2.37,2.35,0.58,0.98,1.45,0.6
7/22/24,7,22,8.023239094,3.281733746,2.677504977,4.765362111,3.896515111,0.487804878,2.272577519,4.457711443,2.063180828,1.620465651,4.245415757,5.231539424,0.592592593,0,2.089552239,0.574074074,1.81404063,0.559264635,4.450393174,0.615384615,3.568844948,0.571428571,1.33162612,2.41923775,0.691810188,1.426071741,0.863309353,0.841348489,0.886389201,1.055900621,2.333353369,2.300776233,0.900178253,2.214104515,0.437956204,1.134751773,1.233262861,1.746091848,2.061465721,1.424740011,0.883620535,2.058184976,1.727344366,2.044780777,2.365231585,3.306692345,2.608235289,5.019415834,3.321223783,2.323300664,1.823105131,2.204607124,0,,,3.83,1.57,0.82,2.01,2.66,1.03,0.88,1.03,1.82,1.71,0.58,1.18,0
7/23/24,7,23,6.917509437,1.146853147,2.090375329,1.782493369,2.411803279,0.261437908,2.675521822,3.553417386,1.536149158,1.83970139,5.168627451,4.228861889,0,0.608373814,1.190924184,0.869565217,0,0.591380251,1.487064117,1.353383459,2.35451505,0.954105439,2.978723404,2.56691254,1.174908729,0,0.441176471,0,1.205460828,1.073370149,1.793626221,1.986356586,2.590458683,0.273972603,0.902255639,0,1.667080129,2.040816327,1.690140845,1.633837159,0.310077519,0.397350993,2.658531022,4.698426334,1.775006603,1.169267707,2.431662479,2.109427802,1.652241615,4.286919767,1.274212253,2.871925148,0,,,4.08,1.16,1.47,2.05,3.25,0,1.69,1.9,2.4,1.12,1.42,1.33,0.57
7/24/24,7,24,4.494256094,3.641130871,2.185149733,2.501471861,2.791368636,2.352941176,1.239391438,2.856611665,0.870516185,0.633702581,5.358379656,1.411429734,1.185770751,0.600674916,0.886389201,1.767241379,1.919448949,0.592592593,1.785999772,1.346700084,3.607741584,0.245398773,0.556139513,1.35042735,1.189361819,0,1.48098509,1.235679214,1.670614396,0.296296296,1.307910839,1.31163282,0.877453406,1.570139272,0,0.283687943,1.936290037,1.122577519,1.696697463,1.951872652,1.651751299,1.726618705,3.161882893,3.431763657,0.693688244,2.453195033,2.648592244,3.005557655,2.41318049,2.464832563,1.390510928,2.878574993,0,,,3.71,1.08,0.86,1.66,1.24,1.18,1.3,1.74,2.75,1.93,1.14,2.1,2.36
7/25/24,7,25,7.11804878,4.195052717,3.264743906,5.167185705,2.369703787,0.604195166,1.39482596,2.852926709,4.729962509,0.866437285,2.954283039,1.084191399,1.330409357,2.372352285,2.667375994,0.723180795,0.916066122,1.699422072,0.740492545,1.643835616,2.14477299,0.275862069,0.287769784,0.90629275,1.029040404,0.296296296,0.859416446,0.76433121,0.845070423,0.606060606,0.827172827,1.630284609,3.06052902,0.859346689,1.337038248,1.471692051,0.52559258,0.9375,0.923076923,0.298507463,1.379578354,1.854304636,0.444444444,2.544884274,0.715987008,1.75166113,3.108302112,3.772359779,2.669549467,2.369204871,1.407757575,4.038353698,0,,,2.25,1.4,0.86,0.74,2.48,2.31,1.41,1.08,0.6,3.02,2.29,1.36,0.65
7/26/24,7,26,3.132322665,2.061476633,0.78927442,2.887596236,0.444444444,0.625,0.70846395,2.773362565,2.869916707,0.601503759,0.833333333,0.59262511,0,1.589403974,1.438848921,0.177777778,1.382255639,0.571895425,0.307692308,0.902255639,2.193752914,0.557692308,0.910010111,0.425531915,1.825332562,0.620155039,1.182115594,0,1.12962963,1.686091771,1.347372433,0.83093732,1.81221557,1.012778415,1.145822302,1.323529412,0.536912752,0.317460317,1.346700084,0,0.563380282,1.214434421,0,2.252374491,1.158188153,1.936231884,1.943614836,2.699260453,2.642972933,2.460999534,2.334273912,2.810280123,0,,,2.83,0.71,1.07,1.06,4.85,1.54,0.57,1.75,2.25,1.47,0.85,1.14,0.93
7/27/24,7,27,1.958791209,0.41958042,3.427586906,2.887444406,0.285714286,0,1.300813008,4.833091437,2.043439716,0,0.878090367,0.601503759,0,1.435789418,3.112719482,0,0.461538462,1.502787068,1.19905411,5.181818182,0,0.291970803,1.151079137,0.431654676,2.253968254,0,1.222053075,0.441176471,0.902255639,1.786880639,1.261114135,0.437956204,3.708809176,0.697674419,0.869218501,0.75,1.777026678,1.342281879,0.60943112,0.906706204,1.398601399,0.3125,2.058153974,3.94093363,1.62912354,0.477561028,2.46198102,2.515295194,2.715716332,1.560285691,2.003961009,1.341720695,0,,,1.98,1.36,0.79,2.26,2.22,1.06,0,1.29,0.37,0.92,1.39,2.88,0.25
7/28/24,7,28,1.92439113,1.216216216,1.255466215,5.77254902,0.86995724,0.458015267,1.587301587,1.935483871,1.43067314,1.199326221,0.27972028,1.791855204,0.9375,0.272108844,0.30075188,0.303030303,0.827586207,2.920303726,1.743697479,1.469497809,1.846153846,0.578892372,0,1.495605139,2.636617471,0,0.307692308,0,0,1.192545453,0.882447665,0.882400649,1.415830546,0.275862069,0.490797546,1.292702486,0,1.20174482,1.075517076,0.827586207,0.812774821,1.272876481,1.072023518,1.285714286,1.654667096,0.714733542,1.59160676,2.225110656,3.637726851,0.545767966,1.787375565,1.056809659,0,,,1.01,0.72,0.9,2.09,2.13,0.72,1.04,1.09,1.93,1.09,0.83,1.26,1.28
7/29/24,7,29,1.523972603,0.59754738,0,0.542878174,0.559440559,0,0.303030303,0.371008978,1.230914918,0,0.559440559,0.30075188,0.950203252,0.603850974,3.032464225,0.577986437,1.276595745,0.8699145,0.96,3.80952381,0.888888889,1.11510442,0.588235294,2.431678485,0.461538462,0.837352884,0,1.172432828,0.902255639,0.473372781,0.601503759,1.300509338,3.943204868,2.204081633,0.3125,0.902255639,0,1.702026384,1.931034483,2.022409224,0.861403275,0.816326531,0,1.832061069,0,2.610594534,1.828453612,2.087046291,1.36899581,1.582398236,2.492195537,2.043610044,0,,,1.09,1.47,0.36,0.82,3.24,0.89,0.39,1,1.53,2.02,0.92,0.7,0.54
7/30/24,7,30,1.370838117,0.754716981,2.193830392,0.691299944,1.673033987,0,0,1.694362985,3.002003385,0.900577683,0.685714286,0,0.927884615,1.384778013,2.923870185,0.555555556,1.459315878,1.304347826,0,1.2080835,1.568627451,0.45112782,1.167883212,0,1.784847013,0.575807788,0.416666667,0.272108844,0.902255639,0.566188198,0.952380952,0.768045316,1.212092404,1.004652695,0.595462092,0,0.895971472,1.184525847,2.357885424,2.083333333,0.794701987,0.25477707,0.563408028,2.196269262,1.687297658,1.046332983,1.94177217,1.66290113,1.345355089,2.294893168,2.19872735,1.237012968,0,,,3.06,1.06,0,1.61,2.99,1.16,0.76,0.96,1.16,0.92,0.74,0.94,0.19
7/31/24,7,31,0,1.216783217,1.205811222,0,0.617990933,0.266666667,0,0.959440559,0.608444187,0.425531915,2.281391787,0,0.629085975,2.714121699,1.168239233,0.855736856,1.400935374,0.465116279,0.571428571,0.347826087,0.266666667,1.983471074,0,0.310077519,2.080357143,0.48,0,0,1.384615385,0.41958042,1.275040481,1.173906437,2.222222222,0.769447917,0.821994408,0.307692308,0.895522388,2.105937441,0.3125,0,1.699507389,1.350257542,0.275862069,1.739130435,0.659340659,1.930970751,1.800273044,2.785947683,1.2406439,1.80109273,1.660452848,1.777999973,0,,,2.5,1.07,0.51,0.68,1.13,1.36,0,0.55,0.3,0.4,0.34,0.65,0.3
8/1/24,8,1,0.236220472,0.296296296,0,0.512820513,0.640163882,0.555555556,0,0.303030303,0.281690141,0,0.387096774,0,0.341880342,1.198552691,1.991162662,0.533333333,1.130520895,0.861538462,0.298507463,1.081081081,0.902255639,1.302255639,0.582186363,0.590800087,0,0.408163265,0,0.281690141,0.575539568,1.252953943,1.941650901,0.523434827,1.632653061,2.293471019,0.593113296,0.563380282,0.848151848,2.278132627,1.161816815,0.256410256,0.444444444,0.837438424,0.652173913,4.894150177,2.187755102,0.240963855,1.398210959,1.442413465,1.987717545,2.854323804,1.245784302,3.147336793,0,,,3.43,0.79,0.18,0.36,2.35,1.44,0.86,1.09,1.33,0.53,0.5,0.52,1.3
8/2/24,8,2,0,0.281690141,1.416124955,1.018342821,0,0,0,0.577685089,0,0.622577519,2.212201592,0.283687943,0,0.869936034,1.734104046,0.566226491,0.713166144,0,0,0.396039604,0.694096601,0,0,0.565756824,0.902255639,0,0,0,0,2.654354129,1.601848286,0.25974026,0.307692308,0.382165605,0.606060606,0,0,3.497442455,0.601148261,0,0.731707317,0.888888889,1.111164697,2.222564083,1.821631879,1.213080169,0.373529406,0.882053457,1.005729199,1.689899271,0.747945194,1.94456684,0,,,2.63,0.79,0.73,0.6,2.45,2.16,0.35,0,1.96,0.52,0,1.23,0.26
8/3/24,8,3,0,1.291629733,1.204944697,1.04679803,0.481935484,0,0.702380952,0,0.396039604,1.025641026,1.702470192,0.615384615,0.597014925,0.856391031,0,0,0.52173913,1.316180109,1.153846154,0.444444444,0,0.307692308,0,0.809335592,1.333333333,0,0,0,0.779220779,2.063309353,0.258064516,0.30075188,1.156407341,1.558441558,0.49642665,0,0.536912752,1.792207792,0.632658165,0.285714286,0.826767824,0.885620915,0.563827675,0.573937908,1.304347826,0.410958904,0.169333331,0.329870125,1.788007977,1.780036726,0.736231873,1.452407921,0,,,1.63,2.36,0,0.15,1.06,1.26,0.53,0.39,0.83,0.26,0,0.28,0.27
8/4/24,8,4,0.606060606,1.501572327,0.576016576,2.679321399,1.230879331,0.287769784,0,0,0.30075188,0.287769784,0.458015267,0.592592593,0,0.536912752,0,0.815823091,0,0,1.737804878,0.882051282,0.31496063,0,0,0.277777778,0.702380952,0.396039604,0.425531915,0.538878843,0.567404427,1.282619162,0,0.392156863,0.582442021,0.916083916,0,0.592576226,0,2.176696543,0.902255639,0,0.272108844,0.839160839,0,1.428571429,0.281690141,1.727423364,1.233904832,0.482098703,2.06566262,1.036734678,0.513928093,1.53117167,0,,,1.69,1.31,0,0,1.66,2.89,0.35,0.96,0.85,0.52,0.59,0.65,1.11
8/5/24,8,5,0.596187943,0,0,0.791423002,0.291970803,0,0,0.281690141,0.3125,1.107217355,0.341880342,0.289855072,0.583941606,0.366972477,0.405405405,0.258064516,0.27972028,0.291970803,0.465116279,0.579831933,0,0,0.428571429,0.63289556,1.115340693,0,0.461538462,0.818157352,0.212765957,0.307692308,0,0,0.294117647,0,0,0.616438356,0,0,0.61571251,1.870483981,0.554436451,0,0.582010582,0.25477707,0,1.2,0.801891014,0.466674596,1.317243245,2.002030918,0.93402115,0.852998563,0,,,1.03,0.73,0.82,0,1.4,1.15,0.67,0.55,0.18,0,0.19,0,0.26
8/6/24,8,6,0,0,0.298507463,0,0.612268653,0,0,0,0.603988604,0.800749628,0.818070818,0.916030534,0.296296296,0.600269784,0.561649846,0,0,0.366972477,0.447761194,0,0.591869919,0,0.465116279,0.291970803,3.887046979,0.32,0,0.266666667,0.27972028,0.3125,0.402684564,0,0.882729211,0.266666667,0,0,0,0.740740741,0,0.531672223,0.291970803,0,0.30075188,0,0,0.41958042,0.338907663,1.226744217,0.66451884,2.835552953,1.208452918,0.577272719,0,,,0.68,1.37,0.8,0.53,1.56,0.3,1.3,0.58,0.54,0.55,0.2,0,0.29
8/7/24,8,7,0.700952381,0,0,0,0.833333333,0,0,0.48,0,0.416666667,0.287769784,0.827586207,0.322580645,0,0.294117647,0.964617769,0.592722683,0,0.41958042,1.572174951,0.296296296,0,0.606060606,0.291970803,0.30075188,0,0.431654676,0,0.555555556,0,0,0.806163828,0,1.287296838,0,0.805369128,0,0,1.692238939,0,0,0,1.734611012,0.228571429,0.30075188,1.427631579,0.802010819,0.66275576,0.450887567,1.278523471,0.689034495,1.354726856,0,,,0.49,0.76,0.28,0.19,1.74,1.34,0,0.59,0.17,0.27,0.57,0,0.16
8/8/24,8,8,0,0,0,0,0.465116279,0,0,0,1.282131661,0,0.593406593,0,0.298507463,0.281690141,0.487804878,0,0.283687943,0.25477707,0,0.41958042,0,0.258064516,0,0.909090909,0,0,0,0,0,0.25974026,0,0.410958904,0.285714286,0.794248388,0,0.291970803,0,0,0.41958042,0.807183022,0.296296296,0.567375887,1.6,0.512820513,0.363636364,0.770021801,0.514864857,0.512224725,0.561838282,1.2406439,0.567491686,0.69343757,0,,,0.15,0.2,0.29,0.19,1.37,0,0.29,0.35,0.26,0,0.29,0.53,0.17
8/9/24,8,9,0,0.913892078,0,0.392156863,0.454545455,0,0,0.604470803,0,0.227272727,0,0,0,0,0.236686391,0,0,0.253164557,0.248447205,0.996317375,0,0,0.294117647,0,0,0,0,0,0,0.305343511,0,0,0,0.275862069,0,0.425531915,0,0.559440559,0,0.266666667,0,0.588235294,0.889084024,0.834756916,0.503144654,0,0.560294109,0.645542774,0.345578226,0.987855425,0.276086952,0.340442885,0,,,0.67,0.19,0,0,1.08,0.2,0,0,0.37,0.51,0.3,0.16,0
8/10/24,8,10,0.317460317,0,0.43956044,0,0,0,0,0,0.46875,0,0.379746835,0.629960317,0,0.578227742,0.273972603,0,0,0.521310919,0.287769784,0,0.444444444,0.275862069,0.285714286,0,0,0.310077519,0.285714286,0,0,0.256410256,0,0,0.264900662,0.277777778,0,1.488909863,0.283687943,0.583941606,0.472440945,0,0,0,0,0,0.21978022,0.266666667,0.529166659,0.247402594,0,0.731541041,0.756953631,0.71941036,0,,,0.81,0.2,0,0,0.94,0.18,0,0.28,0.54,0,0,0.71,0.84
8/11/24,8,11,0,0,0.562574023,0,0,0,0,0.298507463,0,0,0,0,0.930232558,0,0,0,0,0.283687943,0.689655172,0,0.413793103,0.291970803,0,0.869565217,0,0,0,0,0.392156863,0.479041916,0,0.905776461,0,0,0,0,0,0.589797799,0.858889455,0,0,0.588235294,0,0,0.693641618,0,0.456287418,0.692727262,0.502947551,0.172789113,0.786675568,0.286466161,0,,,0.35,0,0.59,0.24,1.14,0.84,0.5,0,0.79,0,0.6,0,0
8/12/24,8,12,0,0,0,0,0.595198584,0,0.294117647,0,0,0,0,0,0,0.350877193,0,0,1.25,0.59754738,0.408163265,0.918915421,0,0.434782609,0,0,0.408163265,0,0,0.305343511,0,0,0,0,0.408163265,0.307692308,0,0,0,0.568556361,1.853174603,0.740740741,0,0,0,0.408163265,0.859259259,0,0.692727262,0.512732912,0.857973279,0.565591781,0.542096523,1.381316284,0,,,0,0.29,0.56,0.79,0.57,0,0.29,0,0.2,0,0.29,0,0
8/13/24,8,13,0,0,0,0,0.310077519,0,0.291970803,0,0.294117647,0.454545455,0,0,0,0,0,0.322580645,0.431654676,0,0,1.462189656,0,0,0,0,0,0,0.27972028,0,0,0.245398773,0,0,1.109620778,0.31496063,0,0.36809816,0,0.298507463,0,0.753246753,0,0.307692308,0.294117647,1.208053691,0,0,0.640336125,0.751973673,0.257432429,0.201587299,1.261540313,1.380434762,0,,,0.27,0.2,0,0,0.83,0.18,0,0.59,0.3,0,0,0,0.18
8/14/24,8,14,0,0,0.664488017,0,0.305343511,0,0,0,0,0,0.287769784,0,0,0.431654676,0,0.305343511,0.268456376,0.41958042,0.281690141,0,0.285714286,0.413793103,0.740740741,0,0.48,0,0,0.3125,0,0,0,0,0,0,0,0.296296296,0,0,0,0,0,0,0,0.38961039,0.408163265,0,0.47137017,0.453571422,0.2609589,0.25918367,0.319496851,0.264583329,0,,,0.25,0.2,0,0,1.15,0.19,0,0.3,0.29,0,0,0.29,0
8/15/24,8,15,0,0,0,0.665286404,0,0,0,0,0.266666667,0,0.310077519,1.2,0,0,0,0.5852309,0,0,0,0,0,0,0,0,0,0.454545455,0,0,0.559440559,0.454545455,0,0,0,0,0.218978102,0,0,0.588362069,0,0.240963855,0,0,0,0.863309353,0.416666667,0,0.141111109,0.459036138,0.253999996,0.352777772,0.195384612,0.286466161,0,,,0,0.28,0.3,0,0.82,0.38,0,0,0,0,0,0.3,0
8/16/24,8,16,0,0,0.833373523,0,0,0,0,0,0,0,0,0,0,0,0,0,0,0,0,0,0,0,0,0,0,0,0.307692308,0,0,0,0,0,0,0.441176471,0,0,0.431654676,0,1.203007519,0,0,0,0,0,0,0.555555556,0,0.236645959,0.564444436,0.350344822,0.293641614,0,0,,,0,0,0,0,0,0.3,0,0,0,0,0,0,0
8/17/24,8,17,0,0,0.405405405,0.305343511,0,0.310077519,0,0,0,0,0.46875,0,0,0,0.410958904,0,0,0,0.48,0.266666667,0.307692308,0,0.615384615,0.307692308,0,0,0,0,0,0,0,0,0.294117647,0.838527464,0,0,0,0.933979406,0,0,0,0,0.593406593,0,0,0.305343511,0,0,0,0.372766364,0.266433562,0.813014179,0,,,0.26,0,0,0,1.12,0,0.19,0,0,0,0,0,0
8/18/24,8,18,0,0,0,0,0,0,0,0.447761194,0.31496063,0,0,0,0,0,0,0,0,0,0.45112782,0,0,0.46875,0,0,0,0,0,0,0,0,0,0,0.30075188,0.413793103,0,0,0,0.461538462,0.93067314,0.27972028,0.431654676,0,0,0,0,0,0.36175757,0,0.934969311,0,0,0.560779212,0,,,0.28,0,0.2,0.24,0.56,0.27,0.2,0,0,0.3,0.2,0,1.04
8/19/24,8,19,0,0,0.32,0,0,0,0.794701987,0,0,0,0,0,0,0.829346093,0,0,0,0,0,0.281690141,0,0,0,0,0,0.461538462,0,0,0,0,0,0,0,0.41958042,0,0,0.3125,0.437956204,0,0,0.275862069,0,0.597014925,0,0,0,0,0.193893127,0,0,0.16282051,0.193893127,0,,,0,0,0,0,0.52,0.26,0.56,0.2,0.28,0,0,0,0
8/20/24,8,20,0,0,0.625,0,0,0,0,0,0,0,0,0,0,0,0,0.410958904,0,0,0,0,0,0,0,0,0,0,0,0.30075188,0,0,0,0,0,0,0,0,0,0.472440945,0,0.291970803,0.283687943,0,0,0,0,0,0.284328354,0.285393254,0,0.274100715,0.171621619,0.374953693,0,,,0,0,0,0.17,1.3,0,0,0,0,0.3,0,0,0.28
8/21/24,8,21,0,0,0,0,0,0,0,0,0.627692308,0,0,0,0,0,0,0,0,0,0,0,0,0,0.45112782,0,0,0,0,0,0,0,0,0,0,0,0,0,0,0,0,0,0,0,0.895522388,0,0,0,0,0,0,0.563289681,0.387786254,0.340939592,0,,,0,0,0,0.16,0.19,0,0.58,0,0,0,0,0,0
8/22/24,8,22,0,0,0,0,0,0,0,0,0.303030303,0,0,0,0,0,0.307692308,0,0,0,0,0,0,0,0,0,0,0,0,0,0,0.296296296,0,0,0,0,0,0.277777778,0,0,0,0.287769784,0,0,0.428571429,0,0,0,0.264583329,0.156790121,0,1.380434762,0,0.169333331,0,,,0,0,0,0,0.2,0.28,0,0.39,0.4,0,0,0,0
8/23/24,8,23,0,0,0,0,0,0.294117647,0.317460317,0.30075188,0,0,0,0,0,0.258064516,0,0,0,0,N/A,0,0,0,0,0,0,0,0.454545455,0,0,0,0,0,0,0,0,0,0,0,0.447761194,0,0,0,0,0,0,0.813358885,0,0,0,0,0.532867125,0,0,,,0,0,0,0,0,0,0,0,0,0,0,0,0
8/24/24,8,24,0,0,0,0,0,0,0,0,0,0,0,0,0,0.256410256,0,0,0,0,N/A,0,0,0,0,0,0,0,0,0.465116279,0,0,0,0,0,0,0,0,0,0,0,0,0,0,0,0,0,0.248447205,0.264583329,0.167105261,0,0.276086952,0,0,0,,,0,0,0,0,0,0,0,0,0,0,0,0,0
8/25/24,8,25,0,0,0,0,0,0,0,0,0.454545455,0,0,0,0,0,0,0,0,0,N/A,0,0,0,0.289855072,0,0,0,0,0.458015267,0,0,0,0,0.585939588,0,0,0.444444444,0,0,0,0,0,0,0,0,0,0,0.253999996,0,,0,0,0,0,,,0.49,0,0,0,0,0,0.53,0,0.3,0,0,0,0
8/26/24,8,26,0,0,0,0,0,0,0,0,0,0,0,0,N/A,0,0,0,N/A,0,0,0.46875,0,0,0,0,0,0,0,0,0,0,N/A,0,0,0,0,0,0,0.307692308,0,0,0,N/A,0,0,0,,0.225443784,0.2609589,,,0,0,0,,,0.28,0,0.3,0,0.37,0.3,0,0,0,0,0.28,0,0
8/27/24,8,27,0,0,0,0,0,0,0,0,0,0,0,0,N/A,0,N/A,0,N/A,0,0,N/A,0,0,0,N/A,0,0,N/A,0,N/A,0,N/A,0,0,0.298507463,0,0.816326531,0,0.303030303,0,0,0,N/A,0,0,0.287769784,,0.216477269,0,,,0.537045853,0.264583329,0,,,0.28,0.2,0,0,0.2,0,0,0,0,0.3,0,0,0.19
8/28/24,8,28,0,0,0,0,0,0,0,0,0,0,0,0,N/A,0,N/A,N/A,N/A,0,0,N/A,N/A,N/A,N/A,N/A,N/A,N/A,N/A,0,N/A,0,N/A,0,0,0,0.291970803,0,0,0,0,0,0.431654676,N/A,0,0,0,,0,0,,,0,0.276086952,0,,,0,0,0,0.3,0.3,0,0,0,0,0,0,0,0
8/29/24,8,29,0,0.444444444,0,0.310077519,0,0,0,0,0,0,0,0,N/A,0,N/A,N/A,N/A,N/A,N/A,N/A,N/A,N/A,N/A,N/A,N/A,N/A,N/A,N/A,N/A,0,N/A,0,0,0,0,0,0,0,0,0,0,N/A,0,0.410958904,0,,0,0,,,0,0,0,,,0,0,0,0,0,0,0,0,0,0,0,0,0
8/30/24,8,30,0,0,0,0,0,0,0,0,0,N/A,N/A,0,N/A,0,N/A,N/A,N/A,N/A,N/A,N/A,N/A,N/A,N/A,N/A,N/A,N/A,N/A,N/A,N/A,0,N/A,0,0,0,0,0,0,0,0,0,0,N/A,0,0,0,,0,0,,,0.25918367,,0,,,0.57,0,0,0,0.3,0,0,0,0,0.3,0,-,0
8/31/24,8,31,0,0,0,0.353982301,0,0.298507463,0,0,0,N/A,N/A,0,N/A,N/A,N/A,N/A,N/A,N/A,N/A,N/A,N/A,N/A,N/A,N/A,N/A,N/A,N/A,N/A,N/A,N/A,N/A,0,0,0,0,0,0,0,0,0,0,N/A,0,0.454545455,0,,0,0.278102186,,,0,,0,,,0,0,0,0,0,0,0,0,0,0,0,0,0
9/1/24,9,1,0,0,0,0,0,0,0,0,0,N/A,N/A,N/A,N/A,N/A,N/A,N/A,N/A,N/A,N/A,N/A,N/A,N/A,N/A,N/A,N/A,N/A,N/A,N/A,N/A,N/A,N/A,0,0,0,0,0,0,0,N/A,0,0,N/A,0,0,0,,,0,,,0,,0,,,0,0,0,0,0,0,0,0,0,0,0.3,0,0
9/2/24,9,2,0,N/A,0,0,0,0,0,0,0,N/A,N/A,N/A,N/A,N/A,N/A,N/A,N/A,N/A,N/A,N/A,N/A,N/A,N/A,N/A,N/A,N/A,N/A,N/A,N/A,N/A,N/A,0.416666667,0,0,0,0,0,0.461538462,N/A,0,0,N/A,0,0,0,,,0,,,0,,0,,,0,0,0,0,0,0,0.2,0,0,0,0,0,0
9/3/24,9,3,0,N/A,0,0,0,0,0,0,0,N/A,N/A,N/A,N/A,N/A,N/A,N/A,N/A,N/A,N/A,N/A,N/A,N/A,N/A,N/A,N/A,N/A,N/A,N/A,N/A,N/A,N/A,0,0,0.465116279,0.454545455,0,0,0,N/A,0,0,N/A,0,0,0,,,0,,,0,,0,,,0,0,0,0,0,0.3,0,0,0,0,0,0,0
9/4/24,9,4,0,N/A,0,N/A,0,0,0,0,N/A,N/A,N/A,N/A,N/A,N/A,N/A,N/A,N/A,N/A,N/A,N/A,N/A,N/A,N/A,N/A,N/A,N/A,N/A,N/A,N/A,N/A,N/A,0,0,0,0,0,0,0,N/A,0,0,N/A,0,0,0,,,0,,,0,,0,,,0,0,0,0,0,0,0,0,0,0,0,0,0
9/5/24,9,5,0,N/A,0,N/A,0,0.310077519,N/A,0,N/A,N/A,N/A,N/A,N/A,N/A,N/A,N/A,N/A,N/A,N/A,N/A,N/A,N/A,N/A,N/A,N/A,N/A,N/A,N/A,N/A,N/A,N/A,0,0,0,0,N/A,0,0,N/A,0,0,N/A,0,0,0,,,0,,,0,,0,,,0,0,0,0,0,0,0.3,0,0,0,0,0,0
9/6/24,9,6,0,N/A,0,N/A,0,0,N/A,N/A,N/A,N/A,N/A,N/A,N/A,N/A,N/A,N/A,N/A,N/A,N/A,N/A,N/A,N/A,N/A,N/A,N/A,N/A,N/A,N/A,N/A,N/A,N/A,0,0,0,0,N/A,0,0,N/A,N/A,0,N/A,0,0,0,,,0,,,0,,0,,,0,0.3,0,0,0,0,0,0.2,0,0,0,0,0
9/7/24,9,7,0,N/A,0,N/A,0,N/A,N/A,N/A,N/A,N/A,N/A,N/A,N/A,N/A,N/A,N/A,N/A,N/A,N/A,N/A,N/A,N/A,N/A,N/A,N/A,N/A,N/A,N/A,N/A,N/A,N/A,N/A,0,0,0,N/A,0,0.317460317,N/A,N/A,0,N/A,0,0,0,,,0,,,0,,0,,,0,0,0,0,0,0,0.3,0,0,0,0,0,0
9/8/24,9,8,0,N/A,0,N/A,0,N/A,N/A,N/A,N/A,N/A,N/A,N/A,N/A,N/A,N/A,N/A,N/A,N/A,N/A,N/A,N/A,N/A,N/A,N/A,N/A,N/A,N/A,N/A,N/A,N/A,N/A,N/A,0,0,0,N/A,0,0,N/A,N/A,0,N/A,0,0,0,,,0,,,0.297656246,,0,,,0,0,0,0,0.2,0,0,0,0,0,0,0,0
9/9/24,9,9,0,N/A,0,N/A,N/A,N/A,N/A,N/A,N/A,N/A,N/A,N/A,N/A,N/A,N/A,N/A,N/A,N/A,N/A,N/A,N/A,N/A,N/A,N/A,N/A,N/A,N/A,N/A,N/A,N/A,N/A,N/A,0,N/A,0,N/A,0,0,N/A,N/A,0,N/A,0,0,0,,,0,,,0,,0,,,0,0,0,0,0,0,0,0,0,0,0,0,0
9/10/24,9,10,0,N/A,0,N/A,N/A,N/A,N/A,N/A,N/A,N/A,N/A,N/A,N/A,N/A,N/A,N/A,N/A,N/A,N/A,N/A,N/A,N/A,N/A,N/A,N/A,N/A,N/A,N/A,N/A,N/A,N/A,N/A,N/A,N/A,0,N/A,0,0,N/A,N/A,0,N/A,0,0,0,,,0,,,0,,0,,,0,0,0,0,0,0,0,0,0,0,0,0,0
9/11/24,9,11,0,N/A,0,N/A,N/A,N/A,N/A,N/A,N/A,N/A,N/A,N/A,N/A,N/A,N/A,N/A,N/A,N/A,N/A,N/A,N/A,N/A,N/A,N/A,N/A,N/A,N/A,N/A,N/A,N/A,N/A,N/A,N/A,N/A,N/A,N/A,N/A,0,N/A,N/A,0,N/A,0,0,0,,,0,,,0,,0,,,0,0,0,0,0,0,0,0,0,0,0,0,0
9/12/24,9,12,0,N/A,N/A,N/A,N/A,N/A,N/A,N/A,N/A,N/A,N/A,N/A,N/A,N/A,N/A,N/A,N/A,N/A,N/A,N/A,N/A,N/A,N/A,N/A,N/A,N/A,N/A,N/A,N/A,N/A,N/A,N/A,N/A,N/A,N/A,N/A,N/A,0,N/A,N/A,0.476190476,N/A,0,0,0,,,0.272142853,,,0,,0,,,0,0,0,0,0,0,-,0,0,0,0,0,0
9/13/24,9,13,0,N/A,N/A,N/A,N/A,N/A,N/A,N/A,N/A,N/A,N/A,N/A,N/A,N/A,N/A,N/A,N/A,N/A,N/A,N/A,N/A,N/A,N/A,N/A,N/A,N/A,N/A,N/A,N/A,N/A,N/A,N/A,N/A,N/A,N/A,N/A,N/A,0,N/A,N/A,0,N/A,0,0,0,,,0,,,0,,0,,,0,0,0,0,0,0.3,0,0,0,0,0,0,0
9/14/24,9,14,0,N/A,N/A,N/A,N/A,N/A,N/A,N/A,N/A,N/A,N/A,N/A,N/A,N/A,N/A,N/A,N/A,N/A,N/A,N/A,N/A,N/A,N/A,N/A,N/A,N/A,N/A,N/A,N/A,N/A,N/A,N/A,N/A,N/A,N/A,N/A,N/A,0,N/A,N/A,0,N/A,0,0,0,,,0,,,0,,0,,,0,0,0,0,0,0.3,0,0,0,0,0,0,0
9/15/24,9,15,0,N/A,N/A,N/A,N/A,N/A,N/A,N/A,N/A,N/A,N/A,N/A,N/A,N/A,N/A,N/A,N/A,N/A,N/A,N/A,N/A,N/A,N/A,N/A,N/A,N/A,N/A,N/A,N/A,N/A,N/A,N/A,N/A,N/A,N/A,N/A,N/A,0,N/A,N/A,0,N/A,0,0,0,,,0,,,0,,0,,,0,0,0,0,0,0,0,0.3,0,0,0,0,0
9/16/24,9,16,0,N/A,N/A,N/A,N/A,N/A,N/A,N/A,N/A,N/A,N/A,N/A,N/A,N/A,N/A,N/A,N/A,N/A,N/A,N/A,N/A,N/A,N/A,N/A,N/A,N/A,N/A,N/A,N/A,N/A,N/A,N/A,N/A,N/A,N/A,N/A,N/A,0,N/A,N/A,N/A,N/A,0,0,0,,,0,,,,,0,,,0,0,0.2,0,0,0,0,0,0,0,0,0,0
9/17/24,9,17,0,N/A,N/A,N/A,N/A,N/A,N/A,N/A,N/A,N/A,N/A,N/A,N/A,N/A,N/A,N/A,N/A,N/A,N/A,N/A,N/A,N/A,N/A,N/A,N/A,N/A,N/A,N/A,N/A,N/A,N/A,N/A,N/A,N/A,N/A,N/A,N/A,0,N/A,N/A,N/A,N/A,0,0,0,,,0.286466161,,,,,0,,,0,0,0,0,0,0,0,0,0,0,0,0,0
9/18/24,9,18,0,N/A,N/A,N/A,N/A,N/A,N/A,N/A,N/A,N/A,N/A,N/A,N/A,N/A,N/A,N/A,N/A,N/A,N/A,N/A,N/A,N/A,N/A,N/A,N/A,N/A,N/A,N/A,N/A,N/A,N/A,N/A,N/A,N/A,N/A,N/A,N/A,0,N/A,N/A,N/A,N/A,0,0,0,,,0,,,,,0,,,0,0,0,N/A,0,0,0,0,0,0,0,0,0
9/19/24,9,19,0,N/A,N/A,N/A,N/A,N/A,N/A,N/A,N/A,N/A,N/A,N/A,N/A,N/A,N/A,N/A,N/A,N/A,N/A,N/A,N/A,N/A,N/A,N/A,N/A,N/A,N/A,N/A,N/A,N/A,N/A,N/A,N/A,N/A,N/A,N/A,N/A,0,N/A,N/A,N/A,N/A,0,0,0,,,0,,,,,0,,,0,N/A,0,N/A,0,0,0,0,0,0,0,0,0
9/20/24,9,20,0,N/A,N/A,N/A,N/A,N/A,N/A,N/A,N/A,N/A,N/A,N/A,N/A,N/A,N/A,N/A,N/A,N/A,N/A,N/A,N/A,N/A,N/A,N/A,N/A,N/A,N/A,N/A,N/A,N/A,N/A,N/A,N/A,N/A,N/A,N/A,N/A,0,N/A,N/A,N/A,N/A,0,0,0,,,0,,,,,0,,,0,N/A,0,N/A,0,N/A,0,0,0,0,0,0,0
9/21/24,9,21,0,N/A,N/A,N/A,N/A,N/A,N/A,N/A,N/A,N/A,N/A,N/A,N/A,N/A,N/A,N/A,N/A,N/A,N/A,N/A,N/A,N/A,N/A,N/A,N/A,N/A,N/A,N/A,N/A,N/A,N/A,N/A,N/A,N/A,N/A,N/A,N/A,N/A,N/A,N/A,N/A,N/A,0,0,0,,,0,,,,,0,,,0,N/A,N/A,N/A,0,N/A,N/A,0,0,0,0,0,0
9/22/24,9,22,N/A,N/A,N/A,N/A,N/A,N/A,N/A,N/A,N/A,N/A,N/A,N/A,N/A,N/A,N/A,N/A,N/A,N/A,N/A,N/A,N/A,N/A,N/A,N/A,N/A,N/A,N/A,N/A,N/A,N/A,N/A,N/A,N/A,N/A,N/A,N/A,N/A,N/A,N/A,N/A,N/A,N/A,0,0,0,,,0,,,,,0,,,0.29,N/A,N/A,N/A,0,N/A,N/A,N/A,0,0,0,0,0
9/23/24,9,23,N/A,N/A,N/A,N/A,N/A,N/A,N/A,N/A,N/A,N/A,N/A,N/A,N/A,N/A,N/A,N/A,N/A,N/A,N/A,N/A,N/A,N/A,N/A,N/A,N/A,N/A,N/A,N/A,N/A,N/A,N/A,N/A,N/A,N/A,N/A,N/A,N/A,N/A,N/A,N/A,N/A,N/A,0,0,0,,,0,,,,,0,,,0,N/A,N/A,N/A,0,N/A,N/A,N/A,0,0,0,0,0
9/24/24,9,24,N/A,N/A,N/A,N/A,N/A,N/A,N/A,N/A,N/A,N/A,N/A,N/A,N/A,N/A,N/A,N/A,N/A,N/A,N/A,N/A,N/A,N/A,N/A,N/A,N/A,N/A,N/A,N/A,N/A,N/A,N/A,N/A,N/A,N/A,N/A,N/A,N/A,N/A,N/A,N/A,N/A,N/A,0,0,0,,,0,,,,,0,,,0,N/A,N/A,N/A,0,N/A,N/A,N/A,0,0,0,0,0
9/25/24,9,25,N/A,N/A,N/A,N/A,N/A,N/A,N/A,N/A,N/A,N/A,N/A,N/A,N/A,N/A,N/A,N/A,N/A,N/A,N/A,N/A,N/A,N/A,N/A,N/A,N/A,N/A,N/A,N/A,N/A,N/A,N/A,N/A,N/A,N/A,N/A,N/A,N/A,N/A,N/A,N/A,N/A,N/A,0,0,0,,,0,,,,,0,,,N/A,N/A,N/A,N/A,N/A,N/A,N/A,N/A,0,0,0,0,0
9/26/24,9,26,N/A,N/A,N/A,N/A,N/A,N/A,N/A,N/A,N/A,N/A,N/A,N/A,N/A,N/A,N/A,N/A,N/A,N/A,N/A,N/A,N/A,N/A,N/A,N/A,N/A,N/A,N/A,N/A,N/A,N/A,N/A,N/A,N/A,N/A,N/A,N/A,N/A,N/A,N/A,N/A,N/A,N/A,0,0,0,,,,,,,,0,,,N/A,N/A,N/A,N/A,N/A,N/A,N/A,N/A,0,0,0,0,0
9/27/24,9,27,N/A,N/A,N/A,N/A,N/A,N/A,N/A,N/A,N/A,N/A,N/A,N/A,N/A,N/A,N/A,N/A,N/A,N/A,N/A,N/A,N/A,N/A,N/A,N/A,N/A,N/A,N/A,N/A,N/A,N/A,N/A,N/A,N/A,N/A,N/A,N/A,N/A,N/A,N/A,N/A,N/A,N/A,0,0,0,,,,,,,,0,,,N/A,N/A,N/A,N/A,N/A,N/A,N/A,N/A,N/A,N/A,N/A,N/A,N/A
9/28/24,9,28,N/A,N/A,N/A,N/A,N/A,N/A,N/A,N/A,N/A,N/A,N/A,N/A,N/A,N/A,N/A,N/A,N/A,N/A,N/A,N/A,N/A,N/A,N/A,N/A,N/A,N/A,N/A,N/A,N/A,N/A,N/A,N/A,N/A,N/A,N/A,N/A,N/A,N/A,N/A,N/A,N/A,N/A,0,0,0,,,,,,,,0,,,N/A,N/A,N/A,N/A,N/A,N/A,N/A,N/A,N/A,N/A,N/A,N/A,N/A
9/29/24,9,29,N/A,N/A,N/A,N/A,N/A,N/A,N/A,N/A,N/A,N/A,N/A,N/A,N/A,N/A,N/A,N/A,N/A,N/A,N/A,N/A,N/A,N/A,N/A,N/A,N/A,N/A,N/A,N/A,N/A,N/A,N/A,N/A,N/A,N/A,N/A,N/A,N/A,N/A,N/A,N/A,N/A,N/A,0,0,0,,,,,,,,0,,,N/A,N/A,N/A,N/A,N/A,N/A,N/A,N/A,N/A,N/A,N/A,N/A,N/A
9/30/24,9,30,N/A,N/A,N/A,N/A,N/A,N/A,N/A,N/A,N/A,N/A,N/A,N/A,N/A,N/A,N/A,N/A,N/A,N/A,N/A,N/A,N/A,N/A,N/A,N/A,N/A,N/A,N/A,N/A,N/A,N/A,N/A,N/A,N/A,N/A,N/A,N/A,N/A,N/A,N/A,N/A,N/A,N/A,0,0,0,,,,,,,,0,,,N/A,N/A,N/A,N/A,N/A,N/A,N/A,N/A,N/A,N/A,N/A,N/A,N/A
10/1/24,10,1,N/A,N/A,N/A,N/A,N/A,N/A,N/A,N/A,N/A,N/A,N/A,N/A,N/A,N/A,N/A,N/A,N/A,N/A,N/A,N/A,N/A,N/A,N/A,N/A,N/A,N/A,N/A,N/A,N/A,N/A,N/A,N/A,N/A,N/A,N/A,N/A,N/A,N/A,N/A,N/A,N/A,N/A,0,0,0,,,,,,,,0,,,N/A,N/A,N/A,N/A,N/A,N/A,N/A,N/A,N/A,N/A,N/A,N/A,N/A
10/2/24,10,2,N/A,N/A,N/A,N/A,N/A,N/A,N/A,N/A,N/A,N/A,N/A,N/A,N/A,N/A,N/A,N/A,N/A,N/A,N/A,N/A,N/A,N/A,N/A,N/A,N/A,N/A,N/A,N/A,N/A,N/A,N/A,N/A,N/A,N/A,N/A,N/A,N/A,N/A,N/A,N/A,N/A,N/A,0,0,0,,,,,,,,0,,,N/A,N/A,N/A,N/A,N/A,N/A,N/A,N/A,N/A,N/A,N/A,N/A,N/A
10/3/24,10,3,N/A,N/A,N/A,N/A,N/A,N/A,N/A,N/A,N/A,N/A,N/A,N/A,N/A,N/A,N/A,N/A,N/A,N/A,N/A,N/A,N/A,N/A,N/A,N/A,N/A,N/A,N/A,N/A,N/A,N/A,N/A,N/A,N/A,N/A,N/A,N/A,N/A,N/A,N/A,N/A,N/A,N/A,0,0,0,,,,,,,,0,,,N/A,N/A,N/A,N/A,N/A,N/A,N/A,N/A,N/A,N/A,N/A,N/A,N/A
10/4/24,10,4,N/A,N/A,N/A,N/A,N/A,N/A,N/A,N/A,N/A,N/A,N/A,N/A,N/A,N/A,N/A,N/A,N/A,N/A,N/A,N/A,N/A,N/A,N/A,N/A,N/A,N/A,N/A,N/A,N/A,N/A,N/A,N/A,N/A,N/A,N/A,N/A,N/A,N/A,N/A,N/A,N/A,N/A,0,0,0,,,,,,,,0,,,N/A,N/A,N/A,N/A,N/A,N/A,N/A,N/A,N/A,N/A,N/A,N/A,N/A
10/5/24,10,5,N/A,N/A,N/A,N/A,N/A,N/A,N/A,N/A,N/A,N/A,N/A,N/A,N/A,N/A,N/A,N/A,N/A,N/A,N/A,N/A,N/A,N/A,N/A,N/A,N/A,N/A,N/A,N/A,N/A,N/A,N/A,N/A,N/A,N/A,N/A,N/A,N/A,N/A,N/A,N/A,N/A,N/A,0,N/A,0,,,,,,,,0,,,N/A,N/A,N/A,N/A,N/A,N/A,N/A,N/A,N/A,N/A,N/A,N/A,N/A
10/6/24,10,6,N/A,N/A,N/A,N/A,N/A,N/A,N/A,N/A,N/A,N/A,N/A,N/A,N/A,N/A,N/A,N/A,N/A,N/A,N/A,N/A,N/A,N/A,N/A,N/A,N/A,N/A,N/A,N/A,N/A,N/A,N/A,N/A,N/A,N/A,N/A,N/A,N/A,N/A,N/A,N/A,N/A,N/A,0,N/A,0,,,,,,,,0,,,N/A,N/A,N/A,N/A,N/A,N/A,N/A,N/A,N/A,N/A,N/A,N/A,N/A
10/7/24,10,7,N/A,N/A,N/A,N/A,N/A,N/A,N/A,N/A,N/A,N/A,N/A,N/A,N/A,N/A,N/A,N/A,N/A,N/A,N/A,N/A,N/A,N/A,N/A,N/A,N/A,N/A,N/A,N/A,N/A,N/A,N/A,N/A,N/A,N/A,N/A,N/A,N/A,N/A,N/A,N/A,N/A,N/A,0,N/A,0,,,,,,,,0,,,N/A,N/A,N/A,N/A,N/A,N/A,N/A,N/A,N/A,N/A,N/A,N/A,N/A
10/8/24,10,8,N/A,N/A,N/A,N/A,N/A,N/A,N/A,N/A,N/A,N/A,N/A,N/A,N/A,N/A,N/A,N/A,N/A,N/A,N/A,N/A,N/A,N/A,N/A,N/A,N/A,N/A,N/A,N/A,N/A,N/A,N/A,N/A,N/A,N/A,N/A,N/A,N/A,N/A,N/A,N/A,N/A,N/A,N/A,N/A,0,,,,,,,,0,,,N/A,N/A,N/A,N/A,N/A,N/A,N/A,N/A,N/A,N/A,N/A,N/A,N/A
10/9/24,10,9,N/A,N/A,N/A,N/A,N/A,N/A,N/A,N/A,N/A,N/A,N/A,N/A,N/A,N/A,N/A,N/A,N/A,N/A,N/A,N/A,N/A,N/A,N/A,N/A,N/A,N/A,N/A,N/A,N/A,N/A,N/A,N/A,N/A,N/A,N/A,N/A,N/A,N/A,N/A,N/A,N/A,N/A,N/A,N/A,0,,,,,,,,0,,,N/A,N/A,N/A,N/A,N/A,N/A,N/A,N/A,N/A,N/A,N/A,N/A,N/A
10/10/24,10,10,N/A,N/A,N/A,N/A,N/A,N/A,N/A,N/A,N/A,N/A,N/A,N/A,N/A,N/A,N/A,N/A,N/A,N/A,N/A,N/A,N/A,N/A,N/A,N/A,N/A,N/A,N/A,N/A,N/A,N/A,N/A,N/A,N/A,N/A,N/A,N/A,N/A,N/A,N/A,N/A,N/A,N/A,N/A,N/A,0,,,,,,,,0,,,N/A,N/A,N/A,N/A,N/A,N/A,N/A,N/A,N/A,N/A,N/A,N/A,N/A
10/11/24,10,11,N/A,N/A,N/A,N/A,N/A,N/A,N/A,N/A,N/A,N/A,N/A,N/A,N/A,N/A,N/A,N/A,N/A,N/A,N/A,N/A,N/A,N/A,N/A,N/A,N/A,N/A,N/A,N/A,N/A,N/A,N/A,N/A,N/A,N/A,N/A,N/A,N/A,N/A,N/A,N/A,N/A,N/A,N/A,N/A,0,,,,,,,,0,,,N/A,N/A,N/A,N/A,N/A,N/A,N/A,N/A,N/A,N/A,N/A,N/A,N/A
10/12/24,10,12,N/A,N/A,N/A,N/A,N/A,N/A,N/A,N/A,N/A,N/A,N/A,N/A,N/A,N/A,N/A,N/A,N/A,N/A,N/A,N/A,N/A,N/A,N/A,N/A,N/A,N/A,N/A,N/A,N/A,N/A,N/A,N/A,N/A,N/A,N/A,N/A,N/A,N/A,N/A,N/A,N/A,N/A,N/A,N/A,0,,,,,,,,0,,,N/A,N/A,N/A,N/A,N/A,N/A,N/A,N/A,N/A,N/A,N/A,N/A,N/A
,,ANNUAL TOTAL,225.7484641,174.3623929,105.993886,185.3056251,85.4740271,47.27386002,90.00317988,107.9195648,105.9774702,78.48212929,141.247833,122.8169122,170.0739544,93.69451255,80.78461256,74.6223148,66.66151409,116.1105294,117.3526545,106.9279142,88.53569294,95.34149722,66.76273576,146.205014,101.0319149,114.1164455,83.74934603,123.357365,185.8911371,173.2537853,243.4533739,237.3517496,228.4149961,210.9791272,219.4556926,204.5130718,181.3135364,263.2028659,176.3590953,114.1483294,250.335776,192.9613564,189.099548,288.9674058,374.3142543,381.1920964,291.8867546,319.8411165,203.1757855,213.6479678,227.0064919,246.7532911,0,0,374.3142543,381.1920964,291.8867546,319.8411165,203.1757855,213.6479678,227.0064919,60.3,105.5,91.55,84.95,76.48,150.33,91.52
,,,,,,,,,,,,,,,,,,,,,,,,,,,,,,,,,,,,,,,,,,,,,,,,,,,,,,,,,,,,,,,,,,,,,,
,,JUNE 10 - AUG 25 TOTAL,216.8696888,162.091013,105.993886,184.6415653,85.4740271,46.66527504,90.00317988,107.9195648,105.9774702,77.5372474,141.247833,122.8169122,170.0739544,93.69451255,80.78461256,74.6223148,66.66151409,116.1105294,117.3526545,106.4591642,88.53569294,95.34149722,66.76273576,146.205014,101.0319149,114.1164455,83.74934603,123.357365,185.8911371,173.2537853,241.2291081,233.2659396,216.6619981,205.599453,218.7091763,195.6151236,175.7011059,245.432437,176.3590953,114.1483294,249.4279308,192.9613564,189.099548,277.2070338,374.0264845,381.1920964,278.091613,313.5530278,201.2598683,213.6479678,225.9126061,246.2126208,0,0,374.0264845,381.1920964,278.091613,313.5530278,201.2598683,213.6479678,225.9126061,59.5,105,91.55,84.35,75.9,150.33,91.33