Date,1956,1957,1958,1959,1960,1961,1962,1963,1964,1965,1966,1967,1968,1969,1970,1971,1972,1973,1974,1975,1976,1977,1978,1979,1980,1981,1982,1983,1984,1985,1986,1987,1988,1989,1990,1991,1992,1993,1994,1995,1996,1997,1998,1999,2000,2001,2002,2003,2004,2005,2006,2007,2008,2009,2010,2011,2012,2013,2014,2015,2016,2017,2018,2019,2020,2021,2022,2023,2024,2025
6/3/26,0,0,0,0,0,0,0,0,0,0,0,0,0,0,0,0,0,0,0,0,0,0,0,0,0,0,0,0,0,0,0,0,0,0,0,0,0,0,0,0,0,0,0,0,0,0,0,0,0,0,0,0,0,0,0,0,0,0,0,0,0,0,0,0,0,0,0,0,0,0.00
6/4/26,0,0,0,0,0,0,0,0,0,0,0,0,0,0,0,0,0,0,0,0,0,0,0,0,0,0,0,0,0,0,0,0,0,0,0,0,0,0,0,0,0,0,0,0,0,0,0,0,0,0,0,0,0,0,0,0,0,0,0,0,0,0,0,0,0,0,0,0,0,0.00
6/5/26,0,1.690140845,0,0,0,0,0,0,0,0,0,0,0,0,0,0,0,0,0,0,0,0,0,0,0,0,0,0,0,0,0,0,0,0,0,0,0,0,0,0,0,0,0,0,0,0,0,0,0,0,0,0,0,0,0,0,0,0,0,0,0,1.17,0,0,0,0,0,0,0,0.00
6/6/26,0,2.599231754,0,0,0,0,0,0,0,0,0,0,0,0,0,0,0,0,0,0,0,0,0,0,0,0,0,0,0,0,0,0,0,0,0,0,0,0,0,0,0,0,0,0,0,0,0,0,0,0,0,0,0,0,0,0,0,0,0,0,0,2.74,0,0,0,0,0,0,0,0.00
6/7/26,0.310077519,2.599231754,0,8.706126672,0,0,0,0,0,0,0,0,0,0,0,0,0,0,0,0,0,0,0,0,0,0,0,0,0,0,0,0,0,0,0,0,0,0,0,0,0,0,0,0,0,0,0,0,0,0,0,0,0,0,0,0,0,0,0,0,0,3.26,0,0,0,0,0,0,0,0.00
6/8/26,0.939998779,2.599231754,0,8.706126672,0,0,0,0,0,0,0,0,0,0,0,0,0,0,0,0,0,0,0,0,0,0,0,0,0,0,0,0,0.930232558,0,0,0,0,0,0,0,0,0,0,0.592592593,0,0,0.681939176,0.471942442,0,0,0,0,0,0,0,0,0,0,0,0,0,3.26,0,0,0,0,0,0,0,0.00
6/9/26,1.511427351,3.083102722,0,8.706126672,0,0,0,0,0,0,0,0,0,0,0,0,0,0,0,0,0,0,0,0,0,0,0,0,0,0,0,0.307692308,1.222203361,0.937613568,0,0,0,0.833333333,0,0,0,0,0,0.91005291,0,0,0.681939176,1.223087474,0.499039681,0,0,0,0,0,0,0,0,0,0,0,0,5.36,0,0,0,0,0,0,0,0.00
6/10/26,3.812502619,3.574906001,0,8.706126672,0,0,0,0,0,2.21,0,0,0,0,0,0,0,0,0,0,0,0,0,0,0,0,0,0,0,0,0,0.307692308,1.488870028,2.122996812,0,1.188295127,0,1.742424242,0,0,0,0,1.40625,2.200375491,0.285714286,5.5305564,1.030875343,2.45617017,0.970982123,0.375572516,0.25230769,0,0.75,1.17,0.77,0.58,2.29,0.77,0,0,0.26,6.15,0,0,0,0,0.31,0.39,0,0.00
6/11/26,5.995548381,3.574906001,0,8.706126672,0,0,3.912706612,0,0,3.450537241,0,0,0,0,0,0,0,0,0,0,0,0,0,4.390243902,0,0,7.012987013,0,0.89656608,1.323529412,0,1.939411015,1.776639812,4.182802646,1.360218729,2.099769617,0,2.610552009,0,0,0,0,2.301772388,3.438790409,2.068982113,11.3810908,2.813484023,2.695586226,1.457014718,2.124450594,0.753071045,0,1.5,1.54,2.66,1.36,4.05,2.66,0,0.26,0.65,6.41,0,0,0.26,0.39,0.83,0.39,0.79,1.56
6/12/26,7.110995028,4.787338249,0,8.706126672,6.268656716,2.06333589,4.904442149,0,0,4.383192279,0,0,0,0,0,0,0,0,0,0,0,0,3.84,11.36585366,5.625,3.720930233,13.84019899,0.9375,0.89656608,2.718878249,0.84729064,1.939411015,1.776639812,5.120753584,1.818233996,2.531424294,0.916030534,4.734146908,0,1.80261723,5.043627331,0,2.746216833,3.741820712,3.021363065,18.37776926,2.813484023,3.648276006,1.457014718,2.382718309,1.521867961,0,2.73,1.92,3.05,4.78,5.42,3.05,0.77,1.55,0.65,6.93,0,0,0.26,0.39,0.83,1.18,0.79,2.34
6/13/26,8.706126672,7.109618783,0,8.706126672,8.808499236,4.832566659,9.694607249,0,0,8.04899762,0,6.614173228,0,2.256728778,6.728971963,1.875,0,5.034965035,0,0,0,6.038461538,13.49034965,17.7780674,10.75218023,9.27862254,17.61027651,8.604549369,1.74673821,6.484701656,0.84729064,2.36494293,4.524731415,5.994800615,1.818233996,3.407336702,0.916030534,5.965207515,0.952380952,2.260632497,6.214628991,0.31496063,4.592703579,3.741820712,3.954055373,20.48338039,5.000150671,4.373617984,1.701790836,4.102286057,1.521867961,0,2.73,3.87,4.09,5.82,6.18,4.09,1.16,3.85,1.43,7.72,0,0,0.26,0.39,0.83,1.44,1.31,2.73
6/14/26,10.58874018,8.047118783,0,8.706126672,11.7460339,8.046852373,11.3024761,0,0.952380952,14.99607569,0.917795845,10.57332795,0,4.496728778,9.956249195,4.6875,0,11.21108266,0,0,4.780952381,13.40964154,29.26071044,25.09408472,17.11115459,9.27862254,20.29346851,9.527680915,2.60944693,11.73938961,1.497697144,4.247324819,5.930861683,11.22115542,2.450654943,5.18511448,0.916030534,6.828516867,1.870071996,4.012457315,9.72782048,0.933837571,6.383279017,3.741820712,6.369459269,26.78890585,5.361915374,4.373617984,2.148049335,5.838666639,1.894595231,0,3.23,6.42,5.36,6.85,8.24,5.36,1.94,4.86,2.47,8.77,0,0.39,0.26,0.39,0.83,2.74,1.57,2.73
6/15/26,12.59011891,8.672118783,0,9.322824964,17.98109359,10.42871213,15.93665107,0,5.036845507,19.21447789,3.461386093,13.10562769,1.88976378,5.895711337,13.0143819,6.221299534,3.287671233,13.31900459,0,0,5.718509605,19.15803314,39.29650143,31.81635915,20.33873093,9.74737254,22.84387173,12.33291347,2.60944693,15.4874723,2.11308176,5.590608402,8.707804642,12.73409809,3.683809386,7.891881398,0.916030534,6.828516867,2.175415508,4.935534238,17.84202491,2.202331387,7.299743406,3.741820712,8.757518971,33.46445519,6.085444779,4.732742068,3.805829019,7.902476974,2.152862945,2.589473662,3.72,7.19,8.08,7.24,12.27,8.08,2.33,5.25,2.99,9.79,0,0.39,0.26,0.39,0.83,2.74,2.88,2.73
6/16/26,14.39800212,9.656245767,3.406829268,14.11728044,19.55648744,10.75658098,22.72478429,0,9.400356385,21.11616683,5.918866135,23.11343846,7.843752277,11.89571134,14.83560162,6.841454573,3.859099804,16.72043462,0,2.272727273,9.956797633,23.31187929,56.01980705,41.51382972,30.33873093,12.89951758,25.34925087,16.3141231,3.997918409,19.59554922,2.42804239,6.493266227,11.37447131,16.60956634,5.563956047,12.7915796,0.916030534,8.688981983,2.476167388,5.390079692,24.02150238,4.011940726,10.69902606,3.741820712,10.80869168,37.98986113,7.289566709,6.754028301,5.739366227,8.99910676,2.638788867,5.902857857,4.98,7.58,9.89,8.39,13.04,9.89,3.5,5.8,5.85,11.38,0,0.39,0.26,0.39,0.83,3.13,4.7,3.50
6/17/26,17.98009168,12.89198363,8.487970199,18.4546136,20.47262394,12.04174227,27.33792936,5.225418197,12.55511829,23.36648942,7.457327673,26.67258912,17.48463761,20.23086219,16.10447362,8.072223803,4.775130339,22.17498008,25.26364264,12.16944932,10.65309393,27.91669432,68.29528201,50.02252554,48.01094808,14.42858394,30.27627465,20.31177431,4.423450324,27.58384077,2.745502707,11.54111574,12.7881032,19.06191995,6.501456047,16.48955247,2.662589623,10.49190328,2.476167388,7.224489557,29.58176889,5.826724394,11.3339467,3.741820712,19.90046685,55.57639139,8.04648978,8.463738197,5.739366227,10.75669522,3.125676542,14.25828262,6.69,10.2,10.47,10.31,18.25,10.47,5.84,6.19,7.93,12.42,0.39,0.39,0.26,0.39,0.83,3.13,6.52,4.55
6/18/26,21.89975606,15.82382941,14.61975095,19.97225385,22.9114527,12.69214878,30.07311378,5.826921956,14.42072831,30.05555057,9.861098294,27.90182243,32.59802416,34.51521334,17.94600271,10.35883033,8.541110837,31.70275785,40.7944344,17.51721028,11.25708253,34.01481667,79.32552048,57.38712023,55.93064321,14.42858394,39.35454741,24.36493045,4.735950324,37.34453415,3.03535778,14.91673237,14.2966994,21.82295297,8.623490875,22.03382127,3.131339623,12.50765731,2.791128017,9.421832077,32.78130619,6.12302069,20.6004941,5.570605923,34.32888227,68.58581879,8.04648978,10.37926857,6.83573758,14.10553703,3.888467233,17.85443691,7.74,13.24,12,11.07,21.3,12,7.92,6.19,7.93,12.42,0.39,0.39,0.26,0.39,1.22,6.27,8.62,5.07
6/19/26,24.25675081,22.63501765,28.03191311,22.84827011,23.54637334,13.32207004,31.01061378,7.075632671,16.26239977,30.97862749,10.47178532,31.04266918,48.69087736,42.22205767,18.88846303,11.83205705,16.88601824,35.96222542,56.61855314,21.73092352,11.67961774,35.42475762,86.838341,66.50944303,60.61897718,15.85715537,49.42427393,31.99273372,7.909076939,45.52388899,3.99535778,18.04173237,17.70278169,26.16755493,12.03434359,27.64020455,4.515955008,17.48565639,5.567921873,10.69679271,38.26532875,8.450570415,27.28580879,5.858375708,40.72562252,91.50473771,9.011247814,12.67575932,7.575587198,15.06866684,4.625065442,20.81515455,12.93,15.24,13.03,13.35,22.86,13.03,12.6,9.61,13.43,12.42,0.39,0.39,0.26,0.78,1.22,8.16,10.19,5.46
6/20/26,27.93882705,27.57262775,34.70120445,25.07186036,25.69893422,15.81964756,31.01061378,7.710553306,18.93122487,33.45209201,11.82288826,37.26636797,60.52051353,52.94057271,21.63655463,12.76228961,25.63631188,44.63205457,76.1059481,24.15648318,12.08778101,38.67733182,92.43449484,74.79550217,69.66725948,22.96785304,55.36192856,37.05075483,10.38223287,46.91923783,4.610742395,20.40150148,20.8186468,31.13836769,14.88148769,30.44086004,6.691828062,24.27913465,8.727757663,13.2365962,45.566659,11.59891676,34.78275629,8.512361215,57.65170456,105.9057058,15.06545894,17.70962779,10.10013225,16.57138176,6.365867396,27.03982189,14.05,17.27,14.82,17.04,26.31,14.82,15.51,11.17,13.82,14.39,0.39,0.39,0.26,0.78,2.01,13.02,12.03,7.03
6/21/26,30.06320516,34.21917312,50.6884676,25.51630481,26.02413748,16.71366668,32.2536907,9.968742708,25.05485642,38.40903313,14.18566543,42.84736881,77.99496822,59.68888625,22.55643245,14.33482381,34.20807114,47.79173961,82.5134455,29.21578911,12.08778101,42.43471371,96.2140224,80.36761755,78.45817434,28.57831816,65.39611659,39.75280825,11.62015773,51.15066154,5.540974953,23.50749785,25.41321502,35.8106543,15.81660336,32.87286553,8.889364053,28.75388212,12.65215204,17.87645634,56.49053692,20.62741915,42.94489437,9.724694373,66.81087008,123.7853961,18.50908109,25.4976769,11.94159618,23.81387511,7.523725067,34.90583616,15.19,17.99,16.1,21.06,28.54,16.1,17.06,11.68,18.12,17.23,0.39,0.39,0.26,1.17,2.8,18.47,14.36,10.15
6/22/26,32.94382475,38.0521506,64.93900775,25.97784327,26.02413748,17.3243537,34.14118553,13.73596712,36.94023848,45.56135101,19.28511691,44.38188374,100.3145192,65.78847416,26.89332748,14.64732381,36.99653268,54.50539876,90.26869025,32.7805975,13.33297332,46.98855986,107.5632288,86.03305441,88.1558602,36.93965935,91.61414353,43.71695765,12.23557877,54.02828571,6.024845921,26.96128049,28.8410251,38.88446623,15.81660336,35.59883838,10.73811832,31.43245355,16.34923016,25.70238649,67.90786946,21.97488837,51.25313377,11.2307322,91.0612542,131.9995776,26.66908196,33.0671822,21.03443125,30.2462816,10.35943712,40.06012133,15.19,19.74,16.1,24.88,32.78,16.1,19.42,12.71,24.37,19.05,1.15,0.39,0.26,1.17,5.14,21.92,15.53,12.51
6/23/26,33.94382475,43.14034599,80.92911018,30.57224886,27.60656064,22.29364717,43.70535435,18.90328995,44.72968584,51.52784263,21.16999758,45.30496066,128.4345145,72.23870907,27.17501762,15.12351429,41.90173084,60.66029006,107.2796635,34.7546433,15.6150246,54.98855986,120.9235808,94.77193998,100.7360085,43.67060886,102.3077344,47.40976859,13.42896184,65.79967019,6.024845921,28.97569877,30.07417954,43.41345039,18.14995673,37.48122027,13.16236074,33.21745687,17.28673016,34.12400106,82.23585672,34.8206369,56.24147332,15.18559451,113.6149548,151.2333238,31.20658169,38.37653467,33.77321275,37.13114117,14.83560504,43.03423411,18.95,21.25,18.76,31.73,43.64,18.76,25.32,15.05,35.39,20.62,1.41,0.91,0.65,1.43,9.25,28.02,16.71,14.32
6/24/26,39.75926689,44.90826627,93.55766951,32.09369047,28.24152127,25.98866183,50.90319971,21.13575283,47.59190806,59.93798534,31.54906866,47.57458822,134.836255,74.7317096,28.72302001,16.0326052,51.86734983,61.93537261,114.3752899,34.7546433,16.85306215,60.53429413,125.1646522,107.0393011,108.1925183,56.37267334,118.3077344,50.69914588,15.24833521,89.85622312,9.651108547,31.75289888,38.5833122,47.99519284,19.87217895,39.30517138,22.98789594,36.55786897,19.96080665,42.90055783,115.4529877,41.64921999,63.71388887,19.18559451,150.5921064,156.4268704,46.94452286,51.15411698,36.46610637,40.49461136,17.49871318,50.53840312,21.18,22.72,19.35,35.43,43.64,19.35,27.93,17.34,49.12,25.22,1.67,1.17,1.42,1.43,21.31,35.99,18.28,16.14
6/25/26,45.16096094,49.72771934,112.5909238,35.14264152,29.6700927,28.22624503,55.54280487,24.58309535,55.15096318,66.55215856,41.96479126,55.77881973,136.7314926,75.0442096,35.81349267,16.0326052,57.56160582,64.08452117,126.1740175,36.58670437,21.79794404,63.85644566,129.2247297,112.077469,118.5918473,66.7105517,145.5412384,56.74995694,17.61651692,111.4612227,14.10904405,38.32293697,42.83737205,50.7835053,21.73991151,40.58517138,29.56919709,42.83284016,23.65311434,55.85442344,125.5535889,44.98782218,70.96335582,22.82216686,191.3196923,174.9715429,59.58699334,59.45324459,43.49709581,45.08466853,20.15357122,56.48137281,23.88,26.48,20.1,42.17,45.83,20.1,38.08,18.5,59.55,27.83,2.71,1.43,1.42,1.43,29.31,39.12,18.28,20.37
6/26/26,55.71938636,55.91399255,118.1851123,36.08752341,30.58206826,30.17746455,56.78334211,29.19165207,66.45111585,74.35423025,55.88672469,59.86814003,137.6617252,81.33435357,40.05591692,17.40344331,61.23277435,66.87544601,143.634303,37.97489757,24.68855579,69.71713615,141.5643402,124.8230435,128.5306708,98.24056616,169.7797254,64.93272155,19.07131333,144.1812894,21.46492167,47.01904577,47.20033595,54.72893624,24.97068074,44.30100492,41.5588559,49.43658613,25.27384345,74.2563776,143.8555038,49.31503324,80.32987166,25.81341302,242.9833998,206.2553381,66.71804387,79.77378313,57.63284421,52.28084323,25.5967386,62.74946762,30.13,28.47,24.21,46.17,50.03,24.21,43.12,23.28,71.14,31.66,3.23,1.69,2.2,1.82,40.11,43.54,19.57,23.50
6/27/26,69.50846584,62.26223689,124.3285834,38.98833642,30.58206826,31.17810787,56.78334211,36.9750823,77.78619897,79.64846835,66.02483504,65.27620881,139.9523235,87.57708613,49.82580037,21.7500466,63.54432015,72.85832015,168.69146,40.24762485,30.19202801,102.596257,160.5171207,136.1356762,146.373927,110.6381933,194.7784509,85.99865561,26.51178952,158.3763606,25.51160554,57.73590338,51.51489881,60.38415957,26.22075704,47.52283903,48.545575,65.5775745,26.18987398,79.78829249,159.5915104,60.83640623,92.86997861,29.0828937,272.1628385,228.9519193,69.87758049,89.37650438,62.7176495,56.73242282,28.9179404,69.58416619,34.18,29.48,26.26,65.33,57.46,26.26,45.49,25.84,82.14,34.49,4,1.69,2.2,1.82,42.44,45.86,19.83,27.39
6/28/26,77.53793371,63.52494015,143.0590943,47.44185011,31.82873331,37.29961137,56.78334211,47.05783,93.50321531,83.64846835,66.66999633,68.86755736,140.9010735,97.6624216,62.94407741,24.53370045,64.48972958,82.00365271,202.9571534,41.76740278,33.26267166,125.9011003,191.7430038,142.6621185,179.8998649,120.0814632,230.2468605,96.99102203,30.18780839,182.2160121,32.93584797,71.35206056,54.60664476,71.78832285,33.35234074,50.87141046,53.81689283,78.0546879,31.98321407,80.26829249,162.921422,71.09590142,103.2573687,34.57558787,277.5958277,242.9930907,88.51318946,99.60735775,69.87913474,59.59579952,40.98955833,73.73004392,41.15,33.43,32.13,69.2,62.59,32.13,49.42,28.92,85.76,37.9,4.39,2.73,2.72,2.61,46.29,46.64,24.2,33.02
6/29/26,89.38578464,67.76525022,159.5111547,52.99237213,32.5518572,44.74760523,57.10592275,57.96420455,100.2159973,85.48052942,70.9804813,71.90537423,149.7760735,104.964391,65.08632359,29.17110503,65.88871213,88.68925877,243.8287176,45.76986082,36.46877853,140.1101021,214.0432372,148.1450566,206.7273544,130.4176455,244.9636549,102.5369123,31.14018934,197.1187564,35.88699901,85.86333876,65.0885967,75.67905989,37.06176381,54.1829024,58.77927407,92.1818766,34.75993509,88.51504574,183.767149,87.43604982,122.9314385,38.28819965,286.3083537,286.9227794,96.46147456,110.9668855,80.14475682,66.17403128,64.24968885,77.07230164,63.09,38.69,34.33,72.22,69.31,34.33,60.1,34.99,105.32,53.4,5.56,4.04,2.72,2.61,49.03,50.01,25.34,39.27
6/30/26,108.106894,72.75136133,192.289097,56.9476141,34.41964566,51.16019265,57.74088338,71.52150988,107.5512879,89.48052942,79.01769242,80.69640958,166.0382197,105.2869717,65.70647863,30.72876007,67.28666834,112.172805,249.9612808,46.07993834,38.38877853,152.4369604,233.7987462,168.7134671,231.8592989,151.2518644,282.6729083,109.7282425,35.34111957,210.6225523,45.51718471,91.56023728,75.61422941,89.62301068,44.93902916,57.88963317,60.16080593,98.42196984,38.75570428,103.0910206,202.9200225,90.51146756,127.2360922,42.28864193,296.9744884,354.4235534,110.7403226,140.1452186,88.32391868,69.97775174,84.83521304,79.21381947,79.99,44.68,35.85,78.25,76.94,35.85,81.37,39.09,125.68,57.51,6.73,4.56,3.77,2.61,55.86,56.77,31.57,49.77
7/1/26,115.4406328,80.91136133,215.141556,60.65568381,37.17653789,60.71065914,58.68088216,76.4876333,122.1317303,94.06229633,92.09150832,98.97635299,173.9874797,108.2093837,70.31951445,34.32849367,70.65885171,134.7588321,251.9121134,49.14280423,38.38877853,177.4589385,261.879247,175.9523335,263.4560072,166.5756899,310.4255904,116.1929777,39.90522214,212.7323723,55.88519968,94.47413503,84.7766704,96.91613362,50.15154841,60.68033084,61.41393625,106.2080273,43.92164945,151.3020204,213.8852544,92.95443083,136.9842265,51.12851121,305.3040912,427.6783884,121.0616533,150.856375,99.28848536,74.7737791,101.6939161,80.34433417,91.59,65.52,39.85,105.9,84.9,39.85,106.61,41.44,135.76,64.91,7.51,7.97,6.86,10.38,65.64,60.86,37.67,56.85
7/2/26,119.9955324,87.68602284,246.6146254,64.28605205,39.67280481,79.7193957,62.06604818,76.81283655,131.2199548,100.6140616,108.758175,136.4366316,176.2116235,112.0265265,91.31232744,38.49485819,80.05035573,158.2911138,252.537266,51.89353181,39.28278774,190.963212,301.8343894,184.7134559,276.9124332,184.2079015,343.4369285,126.5703575,44.44426204,213.1903876,68.6725862,95.82938617,102.8649057,106.6189881,51.02534509,65.6418693,63.79488863,119.3968268,49.80358147,169.8434576,223.0546249,115.5655419,147.4190586,61.91577348,313.8485269,483.4882799,132.4546503,151.9314528,122.3395963,76.45542057,117.840485,84.74032344,96.25,98.23,43.4,112.24,93.57,43.4,133.23,45.68,146.33,68.81,14.48,11.12,7.64,18.19,84.4,70.09,53.15,69.46
7/3/26,126.3823657,93.97779233,273.0387326,81.39448653,42.69746359,87.74158851,64.41377797,77.4554172,141.1719666,105.6534317,131.052861,152.4368561,176.8317785,116.4767591,112.3363233,41.28555586,85.49186648,169.8393491,258.1359941,52.82622412,40.25248471,223.6298786,318.7048213,188.5154807,324.2629361,214.2061529,367.2625987,138.2405968,54.75592626,213.1903876,73.17123119,100.6310278,114.9279434,114.3127866,51.64799803,68.47651497,66.20656297,131.9280211,55.18267979,211.3088629,259.7469326,135.631356,153.6049937,70.33682611,330.5116219,504.8750483,173.7350555,156.1400372,136.6889545,82.18455626,164.1686729,88.46759613,97.36,133.57,48.89,119.54,96.56,48.89,142.58,54.26,160.39,76.07,17.21,13.09,8.69,31.7,109.64,86.67,66.4,75.98
7/4/26,149.9927962,121.5361989,279.39687,101.1246556,46.09213996,94.44397458,69.08589918,79.60861861,158.5326656,105.6534317,140.26684,160.1351268,194.7515229,120.5512008,118.3046145,49.86830644,87.6843268,174.9560672,271.1753428,54.69160873,41.48806164,240.2623573,330.3700708,197.5815324,344.7256643,239.0705449,412.7515323,147.6150228,82.27018564,215.9493728,74.82374084,109.6145798,129.2572267,122.3618908,56.51502333,77.95424272,72.51195907,140.6690663,64.74470258,256.5204262,297.6532369,151.7142437,166.5136556,84.93615271,365.085527,531.3133025,196.6916977,160.3361513,168.6412099,100.9389828,213.0804119,92.56470098,103.5,158.89,53.7,129.56,101.68,53.7,177.13,67.25,166.64,86.09,26.75,14.66,9.08,48,138.75,112.13,76.15,85.83
7/5/26,170.6031216,153.035404,288.5487431,109.3887995,49.1042156,105.9087723,78.23006866,83.2588615,180.5241023,111.2595416,146.7098478,167.42052,203.8537043,140.8680191,133.4434463,52.33989735,91.08666703,181.4780242,280.7232752,59.65795489,43.0506752,250.5028302,335.5544157,214.2441751,368.5852346,268.0664743,431.525025,179.6150228,97.86438854,219.6311109,79.84124644,122.0603974,139.5105922,144.289667,62.29385343,89.00354395,91.50977903,165.0518363,70.86174833,264.4958412,307.5871424,215.792827,184.0002866,95.43777256,409.5470655,574.6888458,227.8258168,183.6236031,192.4126732,116.9884885,262.6892892,99.19965128,120.6,182.92,68.57,138.6,105.79,68.57,217.8,78.95,177.29,89.96,35.02,17.02,11.41,59.49,154.23,139.02,87.93,97.30
7/6/26,189.8943137,164.3221687,310.5159338,110.9863417,52.33498483,134.5041433,96.34662526,89.81454003,189.0182384,114.606861,163.8080821,176.8721795,232.4076949,160.6283213,139.8140756,63.03738194,94.2269668,187.2854422,335.3526458,69.55663034,45.81990597,260.9951574,347.8201193,227.8398442,395.9585464,294.4513223,438.3771948,191.2694278,113.9895323,231.247329,86.47547191,126.5371796,156.5203786,157.9738776,73.91375114,136.9857556,100.1851037,179.5399797,74.77841499,268.3333015,324.9740849,230.3112398,203.4154913,105.8681684,441.9678451,612.017845,338.2969117,192.967344,205.2169512,119.5893995,341.0629957,105.2153691,137.67,194.59,71.6,157.38,106.93,71.6,273.54,84.61,185.64,109.32,35.79,22.28,16.72,70.47,168.45,164.96,109.61,113.07
7/7/26,206.2720882,187.5380005,320.2869262,113.5211449,53.95051067,163.1483606,103.6105849,93.24742487,192.4391954,118.1374283,178.908728,197.5298853,266.2432542,177.9179167,148.063048,66.14304024,96.39312065,208.9240635,400.2849017,72.37916634,47.37279059,274.6084557,378.47946,258.8649825,486.1639127,323.436537,445.8790263,200.3603369,142.3202166,247.9409652,90.73982727,140.1327032,186.2789938,194.8412208,80.93479212,194.5357966,111.1712489,211.1179173,76.88398812,297.7450444,385.069525,236.2966944,211.3925065,113.8246439,472.0727085,628.3627036,403.1348644,205.7907886,222.9938338,128.2747055,370.240403,110.6099639,161.43,196.12,72.75,186.37,109.95,72.75,332.87,100.71,205.41,123.08,52.68,26.22,19.04,77.1,193.86,190.55,147.38,143.71
7/8/26,211.9138102,209.8579497,329.6795633,120.0242347,55.23321323,187.2521136,105.7678492,95.78234994,193.6921196,132.6891168,188.0587044,219.8884424,270.2113613,185.1179167,163.72569,77.84003408,98.10681636,239.0752034,408.2849017,73.3290876,52.91125213,293.8463317,426.7048846,269.0444432,512.6609649,365.2498015,454.8554043,221.8045509,159.4901945,261.7100359,96.93280172,154.6550771,257.4978987,224.3271736,88.71491897,228.9234132,124.7763505,240.630293,79.54621009,330.5419322,416.9693143,249.9983905,221.1968492,128.3946922,483.9312048,686.2027423,431.1785147,214.3863094,230.8215281,134.1493324,422.8339829,116.0846911,174.31,207.64,77.75,210.69,121.9,77.75,419.17,114.34,231.94,130.76,67.91,29.84,23.63,79.77,212.61,222.15,167.35,157.76
7/9/26,217.2639502,238.080607,337.4458186,130.5012184,57.64095517,219.1986834,107.0084575,100.5454548,196.723855,141.727919,199.2159806,244.5396052,273.3031727,194.0548549,191.5547267,86.19753058,101.5743164,282.4445061,413.2091441,76.14227441,56.32221665,329.6045735,491.2167203,275.5372785,523.8054745,409.983916,469.5798137,246.4569573,169.976588,280.8210652,107.097374,166.009437,335.0106562,285.6292049,91.95737625,238.9752817,158.4481995,259.2212491,94.16703921,373.6439362,442.7398276,267.8201301,239.3023568,138.0532007,536.5005664,713.0503833,438.827765,271.7136408,244.6716233,142.9286801,468.5423236,138.0945314,189.25,219.14,81.56,261.09,136.53,81.56,488.95,125.71,249.03,142.91,87.49,36,27.83,82.45,231.3,258.19,218.75,177.35
7/10/26,223.3196687,253.4791458,347.4760474,142.6166539,59.47686758,223.5227684,110.3806284,102.7257983,199.4930857,148.7816719,210.631178,257.5095296,274.2382502,215.6691348,213.7652415,101.5949672,103.7645077,444.9581007,416.8578609,78.45511963,60.55131509,360.8109227,519.4582625,295.231935,544.0481694,479.3289478,487.7956081,263.298261,187.2932134,343.103473,113.4703312,179.9086281,344.2223736,317.2567749,99.49483303,259.252514,190.9958024,283.3284437,118.5162456,426.0884037,481.8689762,279.1554208,248.4355492,149.1659577,575.3547826,725.8520244,466.7504671,358.3675991,275.3078514,150.6847905,488.079278,169.8472574,229.51,239.23,98.27,318.73,298.62,98.27,567.36,148.12,269.6,163.79,101.34,37.57,38.52,84.79,271.42,288.71,242.7,208.83
7/11/26,242.536043,281.9028647,367.4152665,157.3598714,72.2041403,228.9105704,116.3983216,104.1105788,207.3330189,159.4843296,216.3843013,261.496272,283.0363272,239.8038735,254.0036828,107.4742782,107.9619638,566.2044024,440.9040256,82.0243504,61.01285355,432.5548686,543.6736866,344.1747569,580.1720177,522.3256196,538.6276782,279.7803597,229.6577454,381.2157258,121.2807887,205.8439428,362.8255615,327.3353522,106.6238858,269.8678986,238.400282,320.5488007,142.1925692,452.8602316,515.5807014,297.7614814,258.3720571,160.5254035,615.0999801,745.6500547,499.5006677,391.1936466,308.5365664,162.4815694,526.561569,267.5168194,286.85,251.35,105.46,390.48,424.49,105.46,593.95,159.37,276.41,200.48,113.94,41.76,54.59,90.08,313.17,326.1,262,226.34
7/12/26,260.9155694,313.679769,380.5923047,172.5250229,77.40907278,235.2609124,120.4041377,106.8799735,209.1905101,167.3023723,224.0906532,264.2701858,291.7536779,257.0313867,300.0680267,112.4550509,108.4344047,689.6089588,473.9714135,83.88896579,66.02683956,473.7191149,551.574361,373.0059257,606.9412485,559.723405,566.4391357,288.2977208,248.8511284,439.0220513,129.5086576,226.2952639,383.7413061,341.7338057,110.2689418,301.2088948,282.0911783,346.1197753,160.2160306,476.4778027,522.5881402,356.7575945,267.9690966,170.6676656,670.9652242,783.4155881,530.6462629,408.1065128,324.4398354,185.5631895,571.5918498,352.9571166,387.53,274.63,117.83,450.68,507.57,117.83,617.96,167.7,287.25,232.63,133.38,43.86,65.69,102.68,345.89,347.62,302.14,240.35
7/13/26,272.5952529,340.1943675,405.5100085,174.6557047,84.20542948,268.7482719,125.4082849,112.4855936,214.1578883,176.7175907,249.3379484,269.4307828,299.6808757,277.3683919,335.9289344,124.2765839,111.2919105,776.3017154,517.1932916,90.67081668,66.97178004,492.8479349,562.7883853,388.8023098,625.0773679,614.2849471,579.0631437,310.9364344,289.309899,542.3029435,141.6675426,248.187671,394.1867352,371.1840172,135.4582813,334.1568897,294.5040898,354.7758948,168.2656069,505.1343683,569.2663884,373.3126144,278.1248861,177.6827032,727.9622585,796.5023983,575.8323374,456.1204409,344.6115755,196.8055586,587.8503385,399.4921357,514.22,293.56,122.21,479.44,548.9,122.21,660.79,183.76,302.75,252.74,154.88,48.15,75.31,116.62,379.61,383.76,332.1,250.87
7/14/26,287.6335751,347.9530643,415.0988997,176.2060923,91.42192612,300.3497733,130.0824411,129.4431264,217.9728276,186.6268457,292.1944823,327.5752974,306.84086,281.9409477,355.1194106,136.9018716,115.8046066,862.3956351,582.2687722,100.3004463,71.59359822,508.0464529,576.100523,422.4397916,671.8075267,633.4339801,628.1855705,351.0683471,348.7058721,577.8749433,149.2595195,259.907634,459.4307599,411.1093741,164.0629269,351.2085615,298.2180321,373.2205439,184.6585216,561.7077949,673.6702345,381.9065792,287.7990957,194.8353675,755.7960748,840.1115966,629.8307913,469.8330459,377.1778069,212.8823482,619.723276,419.6634154,680.61,314.65,137.61,492.62,579.96,137.61,747.63,202.01,311.61,271.79,186.63,53,98.38,131.03,438.16,408.39,360.95,270.76
7/15/26,293.5352145,358.5522581,422.9577595,176.5235527,97.37665053,348.0868179,144.1945577,138.1397568,232.8906123,192.6939814,344.8301267,393.0844249,310.2052391,289.9254438,378.8524871,148.1966979,119.2046788,1016.35494,630.9776564,118.1006853,76.66436745,533.5436278,612.0379582,460.4084393,703.1416613,666.448116,739.0029812,396.7596817,481.2590636,634.1754258,169.5100079,281.4201505,523.7460308,470.0152097,198.8827097,383.5610718,325.4005809,389.8359781,220.0550506,613.9033361,710.5634184,424.1326841,308.747442,213.1183331,824.3110272,882.1557655,647.1125835,486.8016589,408.00029,229.377164,661.8131219,443.8766756,747.77,343.26,158.34,504.09,652.89,158.34,871.49,212.82,350.77,288.23,244.71,60.8,111.37,144.22,503.14,426.55,382.53,323.63
7/16/26,299.9838961,361.5885725,426.1046548,188.3742738,100.4920751,392.1813865,148.3454885,143.7869788,263.9776936,195.8535864,353.77833,416.1433151,320.8605477,310.8126618,431.7216758,171.8066117,130.645566,1056.069225,634.0455468,142.2934364,83.65502565,567.8518985,640.1364032,540.8697909,735.5336123,707.0979108,889.088329,448.6275083,511.5157908,733.3156855,257.661894,313.0885333,592.9286092,491.8662946,212.1402855,404.2196067,367.3585163,439.9560047,233.1929003,631.3017898,726.3991254,436.5197392,328.8876237,228.3104513,993.8936401,909.3602876,669.5152962,514.134992,437.7767376,252.3295193,695.2144032,470.0522564,805.6,370.73,167.14,545.44,747.3,167.14,923.66,237.72,369.87,308.93,287.54,74.07,120.82,153.26,543.8,451.86,398.41,356.64
7/17/26,314.0022772,372.1234562,434.8584072,199.6851205,102.8670751,419.1357034,150.8937763,158.3517123,272.8604214,204.6261117,358.7456219,454.0191817,350.0115387,340.3177194,463.2192084,239.7225909,153.2242389,1125.110321,638.8059022,163.3947504,100.0687754,585.6960676,671.3601043,578.9531078,752.4879133,739.0751533,1064.971066,507.6451544,537.8544909,810.2655855,286.8616466,392.5024932,621.41475,508.3754428,246.7748266,420.1599634,454.2746002,467.7208862,239.0692459,659.9926525,744.0461842,451.9250489,343.3386196,266.0644444,1104.783239,945.2126177,705.6755604,546.2602449,461.964129,268.8747957,742.3845617,487.6017357,862.42,404.9,182.22,584.1,799.21,182.22,965.03,264.76,384.24,335.54,319.25,85.04,125.38,182.6,664.45,511.96,417.53,395.25
7/18/26,332.8885864,379.782706,446.9286005,214.3397275,105.0291334,424.9948127,159.1368646,171.4526754,299.0052528,217.9824428,362.0453468,491.8944562,484.8377681,360.5533924,482.6319916,322.96712,262.7189079,1172.478413,667.6302357,191.6909893,121.9763785,587.9912065,700.518545,601.0872452,771.606233,782.0901909,1118.524463,533.85746,558.9256725,862.4919444,355.8958959,469.514042,635.6044121,520.276943,315.5241971,460.4657855,543.3001108,478.2888258,267.657387,694.35961,752.1725875,469.27571,361.1074376,307.8191503,1157.696282,982.9129507,715.5023714,606.1441334,487.7756325,284.3457106,773.2557683,531.5891416,907.22,451.53,205.94,611.91,885.38,205.94,1030.54,302.76,395.08,359.37,353.23,87,129.55,195.6,736.85,568.66,438.32,419.16
7/19/26,361.4323093,399.9343577,459.0497368,232.8007847,106.8486147,432.3702966,171.6120444,179.6146187,354.0229677,244.3642508,368.6833248,509.1639228,570.7288988,395.3739095,491.7700367,412.7284565,337.0638886,1191.651067,722.1825787,318.3765239,166.3256334,590.3205334,730.1567879,634.3579146,792.2471624,809.4814952,1135.093262,551.7603948,624.4346779,907.6499904,417.7609384,565.2654871,645.1481218,546.3211594,355.9604301,527.0370086,571.4977149,487.6896624,284.2446241,721.6929433,780.6617961,479.1461166,370.6473222,351.2353528,1227.626587,1070.454723,737.0235639,637.5869822,533.4907253,302.8042828,813.1343094,567.9471804,1021.2,528.83,229.44,624.26,933.6,229.44,1058.83,333.18,421.92,382.61,385.44,103.86,146.77,211.85,810.96,598.09,477.41,456.31
7/20/26,376.8304271,430.017143,477.0689676,239.8337123,111.3069398,472.757095,181.5533942,186.6057691,398.0384691,252.936519,370.8892071,516.9859985,590.3968912,429.1083221,494.0601131,478.7238054,352.6574947,1206.713825,853.5509997,539.5546849,202.9794902,600.1520806,758.9209925,661.3692821,811.7582114,840.4969691,1172.35642,584.4891732,704.0452691,999.8486206,486.6096561,590.6491294,652.5226157,565.2194162,398.5171298,578.274525,588.6881643,496.7403677,288.5741561,760.1672824,816.1956307,500.8469149,406.4975862,407.4754686,1287.958412,1205.726071,788.5632188,656.8529,555.743103,318.6595464,851.1901524,593.7113733,1186.44,580.64,247.41,672.27,946.18,247.41,1107.93,367.43,444.08,405.67,431.77,120.19,182.1,224.05,862.4,627.99,519.08,479.76
7/21/26,387.1541531,450.5700982,482.1960001,255.3964829,122.4766637,531.8508779,189.2867948,210.7724357,405.0945079,273.9782006,381.5462406,530.7148584,600.6187649,446.8751632,498.6716419,503.7810567,394.4185149,1229.081107,935.0055452,588.8577049,287.6699664,649.9293955,775.5900834,697.625881,844.076945,858.7189714,1242.57456,618.4720403,750.2669113,1106.848834,502.6938641,611.6029105,680.5925407,598.4077995,442.1495755,607.2732986,617.2180737,506.8599806,303.5337264,785.17042,870.3252054,536.9183078,433.3249164,429.4348462,1314.879383,1286.160362,858.7894506,694.1461239,590.9747832,333.3989073,944.5826296,660.9220007,1320.88,629.72,263.27,732.19,1029.07,263.27,1157.83,393.63,500.26,446.58,504.73,129.08,216.31,235.04,953.44,653.74,572.27,493.95
7/22/26,406.1069902,466.1592181,486.5921514,268.786412,133.8811681,598.4763663,194.6670274,225.5153877,418.67185,311.977779,400.0350743,569.9232439,617.1291703,460.1949165,502.8647389,534.6514271,488.618581,1289.753782,955.3635843,600.3790724,320.4012581,799.7359889,809.7066007,772.0830959,875.4376834,890.9481797,1275.789588,642.9994483,780.7961104,1174.741634,508.7490423,625.4678795,697.5389384,648.6888751,461.0276071,635.6343568,637.7130465,532.1685758,331.0451527,813.2114709,889.0466018,594.999072,452.1870125,461.6918286,1376.501118,1339.693342,890.7526476,729.0330133,605.5631245,366.7677461,1004.728978,708.2414109,1357.91,678.23,274.13,815.75,1146.97,274.13,1196.51,407.04,562.78,463.41,586.26,154.1,254.5,255.45,1024.21,672.97,635.6,513.70
7/23/26,431.0245485,474.9405058,497.1367629,302.3562861,140.6719878,636.9667993,200.839733,251.2320433,427.8959734,343.5068171,423.5331135,623.5632141,626.2501339,471.4762101,516.8879818,566.5133587,576.3761224,1317.022681,972.6159278,614.3640348,354.3990285,943.6711203,849.4690945,811.8828851,893.5422768,966.4393221,1307.466732,688.6647709,796.297314,1224.744758,523.8923723,638.7261609,745.9940639,694.2210142,471.0276071,651.3595651,671.8958314,574.6300184,357.9164568,869.9368141,919.9964219,645.1569935,464.788518,478.3962998,1473.982372,1426.346403,920.8363335,755.9502325,615.3635645,393.8934843,1040.428895,735.2398084,1424.6,722.52,280.52,869.74,1218.34,280.52,1263,423.54,581.61,475.81,654.83,183.92,287.12,287.58,1097.07,691.75,699.12,552.07
7/24/26,446.7824639,480.0681847,519.7468671,336.9891865,161.3980802,659.7602829,220.6934579,298.1804033,456.159912,367.1593619,453.3773833,672.9063095,658.9488603,483.3659739,526.8377198,603.7260024,590.2534178,1328.881621,985.7231563,623.3799078,411.4094324,1024.018057,877.0108672,848.3273296,913.8756593,1051.454952,1335.084493,746.8398936,841.8153939,1259.884877,541.858937,677.5353554,766.9596179,738.9794412,476.1838571,665.8393971,708.2887432,625.2186812,400.1531982,986.0414229,1041.049771,659.3683937,470.6507453,508.6487576,1592.765808,1447.448967,946.4025481,803.4715362,633.0055118,418.4423822,1067.382841,760.8083074,1499.05,737.45,292.35,927.08,1271.9,292.35,1307.43,446,594.97,500.66,715.37,191.53,341.28,308.01,1169.43,723.86,782.81,596.84
7/25/26,464.8845777,490.8986457,557.5956554,363.7058751,168.9796325,672.415725,273.375319,345.7736096,508.5694773,394.8665874,475.9935481,696.6096032,693.7600639,505.2032091,541.694537,640.6300386,598.8150292,1352.852293,997.147,678.6121666,463.3090853,1065.733808,894.8023483,870.7213104,927.1995229,1095.989178,1371.976144,791.7672822,909.0577957,1287.223679,571.8119313,712.8987155,782.2233167,764.5353863,494.3531935,690.7289286,764.217003,655.6353996,415.2087849,1006.923004,1082.730525,693.0022215,485.4790282,532.5021356,1684.52609,1509.215578,971.7033824,840.7248593,670.8546491,440.7244404,1093.170177,804.0365712,1534.81,764.46,306.78,1017.44,1324.95,306.78,1323.97,487.77,619.01,536.57,757.06,203.06,378.75,342.09,1259.98,751.88,850.74,626.58
7/26/26,481.3756876,510.2514882,587.3497317,395.3780736,173.536063,677.4234539,321.5347246,400.8625309,594.395053,413.5549369,495.6622852,722.6796766,745.0037911,531.0027968,554.5739342,667.8426842,601.5506683,1378.539626,1010.552952,712.7226856,467.6380364,1106.629338,908.5011048,897.7141065,951.2285416,1130.109491,1392.213605,826.9776485,924.2740442,1339.275924,609.149302,748.6290203,795.9192007,789.1145162,534.1359627,746.1262069,788.9671333,664.8191929,429.1736972,1020.420317,1112.474107,705.449596,501.7205478,548.24162,1795.517031,1573.794436,1043.209598,893.6953273,731.7056138,467.0777134,1157.164198,855.3571534,1578.29,804.8,337.47,1116.76,1351.59,337.47,1359.7,517.85,633.16,563.34,776.38,228.67,409.23,374.03,1337.37,768.9,896.7,650.27
7/27/26,507.2108524,518.7330067,605.7984233,470.0552206,190.5356632,681.1329652,381.4096258,441.2114665,633.970808,419.5921179,517.0682008,734.8100024,785.1968172,567.3638417,571.9813717,684.8576096,606.6275914,1396.074844,1088.57491,740.6317765,476.2692814,1123.705317,918.8331191,959.952757,998.9745733,1158.064695,1409.319798,876.9286289,931.282887,1417.19018,654.6655423,782.1241383,833.6833934,817.6354366,598.0369701,811.6594237,802.0382753,688.0067407,435.0640923,1040.09071,1171.007688,715.12896,520.6816406,565.77417,1905.460047,1634.714338,1100.157389,923.5443717,778.8849594,499.0967607,1275.979002,915.3918832,1612.97,872.17,351.41,1189.92,1386.62,351.41,1421.26,541.82,659.47,609.93,810.2,253.85,444.9,405.78,1421.92,779.72,937.44,690.07
7/28/26,536.7163414,533.4471813,614.3500761,602.5067612,208.364037,684.7970873,450.5377861,476.0501762,644.2172706,431.4234875,538.5820083,752.1444582,796.1824845,590.1000363,590.4034372,705.9490851,619.3917738,1439.962746,1230.041997,761.6588957,485.167743,1143.770102,928.4079223,1014.369363,1065.045575,1175.909337,1426.743627,922.0271382,959.8995335,1539.287304,671.3553433,803.7332218,900.2208003,835.7014617,636.6574785,853.6000813,806.9592413,703.7648765,464.3075363,1075.490418,1230.55767,743.3869905,541.2380257,571.1580986,2000.583844,1718.856582,1122.970783,961.5247382,792.2769189,511.066096,1360.661096,954.9870455,1735.94,927.22,368.21,1239.41,1417.56,368.21,1466.65,593.05,684.97,645.22,866.12,270.42,502.67,427.4,1493.58,793.89,967.52,737.92
7/29/26,559.8660852,539.6574246,621.5627777,620.3448588,229.6210743,704.1442365,484.7428638,540.4473377,648.8242053,443.91026,554.779269,769.7137761,799.3105724,610.959397,620.1155304,729.0208719,624.779611,1485.870951,1281.768455,773.3414354,566.5317276,1187.892463,946.639452,1117.436765,1122.411129,1220.94889,1465.991549,955.3819629,973.8306299,1600.972181,677.6716242,843.4959992,962.260016,861.0756114,656.0868263,875.3704162,812.9296361,730.7844604,483.9960979,1120.443694,1353.0459,788.1015082,561.2699463,574.7808961,2208.142583,1771.960877,1155.458244,1005.071322,811.447501,522.1863636,1415.720686,1001.245142,1820.66,965.78,379.36,1310.17,1481.43,379.36,1512.36,625.02,728.4,679.56,927.51,284.03,544.1,465.29,1622.89,809.15,995.07,769.44
7/30/26,581.9717109,544.9404435,628.9563844,635.3170565,248.741888,724.9945434,494.9926185,563.4443586,655.4028727,452.2045744,598.0770133,795.6851771,807.4192565,628.4118283,648.8373987,758.9435537,640.307907,1524.308084,1302.811769,836.6593602,651.9663971,1296.694254,967.6655208,1196.868607,1158.239201,1276.590149,1563.11629,1006.740169,981.5137913,1633.900617,692.219616,888.3409702,1014.203167,894.3888228,673.9646266,893.4097722,832.1629341,754.606271,499.9870291,1175.443694,1404.224136,843.0559932,577.5764962,584.9252594,2343.592973,1820.0701,1170.712365,1071.7029,828.4863981,535.8647327,1459.014283,1067.5196,1892.27,985.47,390.25,1408.58,1508.1,390.25,1557.14,653.15,797.67,701.17,1001.7,299.35,576.99,482.82,1756.1,829.13,1020.32,793.86
7/31/26,599.114949,547.3810555,634.6523144,652.2259152,259.6066053,740.855833,498.6994577,579.2339737,661.2143244,463.8806491,644.5165165,823.1281983,828.0948406,643.3670522,667.5615997,781.9233096,663.0948967,1547.905895,1320.019874,903.0111388,731.4492254,1399.384279,988.5651221,1207.811533,1176.069558,1348.193027,1588.765145,1038.53356,988.8737443,1668.433061,709.8663243,934.0179481,1138.223558,942.263969,713.3216388,904.1878598,849.1778595,763.4361879,501.8571842,1218.65616,1430.455663,883.4329415,587.3595422,600.8942035,2416.450116,1881.03254,1205.057328,1108.101144,898.9648785,553.9739909,1499.993069,1104.924988,1934.22,1006.79,408.41,1508.18,1550.33,408.41,1596.39,667.62,854.23,710.87,1060.41,321.26,622.47,498.3,1885.46,843.64,1045.21,815.90
8/1/26,613.0420209,550.2524577,652.1586474,673.3423987,263.4289798,749.5813232,502.1011752,600.6279131,682.0845786,475.4090039,675.8597132,834.0468672,854.7585292,654.2727845,703.1042675,807.8880154,758.5149799,1574.859741,1335.032113,969.7029142,760.7180224,1452.415858,1006.159527,1225.992193,1197.672603,1430.121798,1643.967061,1065.487776,1016.249526,1705.99853,751.5162297,964.3695393,1172.964897,966.0331229,741.4670136,922.5075075,873.3367007,781.7533712,521.1754498,1266.771527,1476.155009,914.183191,594.4490047,627.2313676,2480.303177,1932.502524,1219.558847,1152.120665,925.0266975,578.1170603,1545.146271,1159.24072,1955.13,1031.34,425.98,1581.76,1589.36,425.98,1633.42,693.97,873.04,713.85,1136.72,349.55,675.04,526.6,1984.37,860.55,1068.37,820.83
8/2/26,625.3958516,562.2205648,674.1844238,689.8531648,264.8463027,769.2194597,509.1183643,613.8051009,763.2931348,487.4640129,692.6501641,846.9507582,868.4464795,673.6174148,739.4073052,821.6726543,844.2692392,1607.652845,1347.910214,1025.892257,769.0504464,1485.949014,1015.808256,1260.56232,1256.937796,1526.145005,1686.962878,1079.15936,1050.868665,1737.786354,787.4268959,991.5169872,1193.396007,993.3493341,774.4973167,935.6942235,901.0073502,801.024471,543.5091208,1293.73871,1540.273476,928.6225464,604.773011,649.1718326,2583.535309,2005.192397,1226.740333,1173.424976,984.6478873,604.0142563,1573.564564,1196.732665,1985.49,1049.03,440.87,1655.4,1606.66,440.87,1664.45,714.36,902.06,759.31,1177.19,373.78,712.76,533.7,2084.48,891.95,1105.48,831.89
8/3/26,643.5136885,572.9955522,703.3841636,720.7840933,267.1978727,795.566893,520.4953485,633.70327,880.0385016,504.556222,707.2298291,855.4667378,882.7152028,708.95825,775.2209825,835.6460781,886.7631184,1654.936368,1402.515983,1134.020162,771.8523846,1502.753858,1027.273535,1333.354325,1295.847339,1561.069448,1713.133062,1106.347382,1065.33051,1795.852541,813.920711,998.7451247,1217.572788,1033.167516,815.8711238,947.4386926,924.7060825,837.4487134,554.4532699,1310.857782,1569.94161,945.4493438,612.8145942,672.6760169,2672.349538,2052.573851,1249.720465,1210.413992,1005.085964,628.8985387,1589.306241,1214.77551,2012.55,1068.13,444.94,1752.87,1624.39,444.94,1723.1,751.19,947.02,789.49,1191.35,395.82,762.08,544.15,2184.66,912.93,1125.54,842.13
8/4/26,655.1500522,583.2542621,725.4761544,735.0219405,272.1475571,822.5157589,529.9677539,654.3710537,900.4002181,535.9660541,748.1119325,876.324563,897.7230245,777.8473151,794.1704774,859.9058023,903.9358678,1706.313653,1467.104398,1191.631351,789.0781679,1525.01763,1036.388236,1414.928004,1326.260343,1582.256144,1736.824304,1128.067257,1104.112678,1844.37541,829.7914011,1005.096228,1244.11631,1060.489194,847.5329503,959.3191092,939.0379267,862.0453843,558.6820236,1323.916766,1594.192237,978.7381138,623.8670507,692.6121334,2702.544184,2081.884125,1288.773968,1255.104364,1067.727156,636.4403073,1615.830938,1246.966439,2073.44,1079.58,450.07,1794.71,1671.3,450.07,1749.77,779.22,995.21,824.12,1201.98,418.81,819.26,555.65,2229.41,947.84,1151.69,856.21
8/5/26,671.8366656,587.8612111,741.2973223,749.0450653,287.5058557,847.6072317,547.2189468,660.843432,907.5042527,553.9272556,780.3901524,903.8173458,901.8465138,830.2961813,801.9412635,893.0584029,933.2068965,1741.659371,1518.131775,1213.164313,825.3877189,1544.127896,1056.48598,1532.867621,1355.229905,1641.965235,1774.86154,1150.613234,1150.10324,1862.022152,854.2615865,1009.729049,1275.074571,1088.32018,863.4727699,972.9923025,964.2150509,887.9663823,562.685495,1378.079022,1625.917042,1004.608156,629.9647308,712.7967899,2736.021383,2122.310099,1312.588837,1276.640428,1108.01844,653.2345597,1638.723602,1278.831966,2103.92,1094.17,453.7,1854.88,1707.23,453.7,1763.69,816.78,1028.28,833.22,1216.28,438.83,838.23,572.53,2281.93,977.9,1166.79,874.22
8/6/26,686.7635743,593.4549832,752.0239091,764.1058857,300.8549772,867.2511942,574.5735635,667.3118734,910.4407866,574.7716873,804.6730271,940.5239979,905.8279953,849.7178939,813.9465289,934.3902599,986.4252873,1754.792519,1530.420332,1239.896707,895.2119678,1573.241372,1064.015737,1571.250234,1378.288171,1706.781211,1790.484641,1172.742914,1186.974156,1892.578341,896.6474703,1022.990694,1298.58357,1123.291609,866.7003463,977.3878836,975.0257497,962.681482,579.7004204,1394.232348,1664.874767,1039.884524,639.1374513,731.3614876,2769.89727,2169.574599,1326.754239,1299.765572,1155.921368,674.5923476,1680.199369,1299.458499,2137.27,1114.49,456.11,1928.26,1735.28,456.11,1803.53,844.59,1067.26,834.52,1240.18,453.18,867.31,586.31,2319.15,1005.65,1196.2,889.80
8/7/26,692.4487691,597.6279958,772.7803345,778.619087,310.4383105,906.1903141,584.7593875,672.1321551,913.6529078,587.688354,813.799635,962.286929,909.4962969,865.9584168,831.1188343,999.073886,996.9596206,1756.774147,1543.03069,1263.698469,966.5876291,1595.541866,1069.318767,1589.92482,1402.5456,1745.458751,1817.678885,1189.810583,1203.353467,1938.644339,931.955206,1042.480151,1321.359757,1139.271917,873.434867,995.1231897,983.2086932,1033.108086,607.6730109,1413.722141,1706.75712,1064.619553,640.8720624,747.7010321,2795.806063,2238.956178,1343.083959,1321.838472,1182.235149,689.3046517,1725.680838,1319.053304,2162.04,1132.68,457.54,1965.52,1755.26,457.54,1819.52,885.03,1095.62,838.88,1245.56,480.94,891.71,610.82,2358.66,1024.44,1219.98,894.79
8/8/26,695.2695538,601.883315,811.169654,805.4335116,314.453498,922.9537612,594.9247067,673.5275039,922.8378608,597.1658209,817.843591,976.2349809,916.1337904,875.5529537,877.7755646,1052.205841,1001.656965,1763.005956,1560.196677,1304.551419,1000.208002,1609.223539,1072.250661,1599.998816,1427.204239,1760.558089,1840.957927,1214.810583,1227.894752,1980.627731,956.0533796,1055.571705,1344.761799,1154.906025,892.6416377,1009.695661,996.2992327,1067.186502,635.340269,1428.473214,1725.258781,1088.669855,647.3445033,761.0744544,2824.225216,2287.56874,1356.17797,1339.276136,1184.912482,707.7264457,1745.742233,1346.110701,2175.85,1145.47,458.29,2023.18,1758.86,458.29,1845.63,896.55,1121.24,842.14,1268.36,511.51,907.98,620.88,2402.42,1048.04,1244.96,910.80
8/9/26,696.0144578,613.8190211,863.3898551,828.2341842,315.8171343,934.0840816,606.9752118,678.3452018,925.1209975,599.197707,824.5274722,984.0338356,924.3917861,893.6734384,949.3333491,1092.343141,1007.462739,1776.982885,1583.871238,1335.987642,1014.896379,1615.670523,1075.582361,1615.700205,1435.409881,1776.958089,1854.44242,1218.898284,1236.396852,2039.653722,974.0720157,1064.089268,1360.490521,1159.26353,919.4534291,1025.01481,1009.013649,1111.289954,644.505402,1448.216062,1741.688501,1107.432943,652.2673945,768.7295175,2845.376173,2317.887728,1361.604441,1353.60074,1197.18137,720.5676436,1771.049791,1366.109057,2199.03,1161.37,460.79,2083.28,1761.11,460.79,1919.59,914.17,1150.92,843.69,1278.82,530.14,939.23,623.2,2447.19,1061.41,1268.15,924.16
8/10/26,705.4644393,624.9618782,895.2418716,842.936341,316.2822506,943.7056505,622.6357933,685.5948537,928.3589783,599.8690356,826.1391536,989.4144747,927.6518594,911.4834096,981.9067825,1110.783276,1016.286269,1789.231356,1608.074871,1362.646373,1023.870738,1623.314354,1078.223054,1629.305772,1445.544462,1790.311075,1864.476923,1226.010956,1254.855763,2107.738658,1000.557438,1067.725631,1398.414718,1160.374641,950.2292372,1049.101643,1024.966174,1120.249662,652.6341654,1470.424757,1758.259502,1122.016726,655.8395338,772.5705294,2881.635485,2338.65407,1382.267846,1371.737403,1214.518495,727.942085,1841.658883,1377.934429,2227.58,1172.06,462.62,2126.39,1761.11,462.62,1957.13,938.62,1166.22,848.95,1298.03,547.75,945.74,626.34,2488.48,1074.9,1278.51,936.92
8/11/26,711.8820217,635.8033655,903.9264961,852.3131134,317.2346316,955.0233981,630.7999384,691.1604025,931.0071181,601.4225169,828.7675366,996.8733784,932.757405,925.8399561,988.6228845,1128.131905,1031.621047,1795.164274,1624.355135,1393.777325,1042.786994,1634.469415,1084.748017,1652.262293,1457.031618,1805.13146,1882.382351,1229.619978,1266.562062,2151.735864,1025.87623,1072.203243,1427.831288,1167.263774,960.4005534,1064.476643,1032.955567,1133.231719,673.5531669,1496.655394,1767.472864,1138.463684,658.9052272,776.9767276,2909.059717,2354.901941,1406.766952,1386.145974,1229.604716,740.0963959,1897.721449,1397.142063,2265,1180.15,463,2142.82,1761.49,463,2014.56,952.16,1175.66,854.75,1304.91,556.23,954.22,629.85,2525.71,1086.31,1282.66,955.93
8/12/26,719.6655425,638.9078582,911.1413136,860.3480233,323.9479406,971.4390817,635.3100965,693.2072253,941.0315247,604.7675968,836.9779752,1013.752499,933.9606846,932.8147845,992.0493971,1145.150381,1051.730696,1802.332273,1631.021801,1432.701158,1057.728171,1640.771205,1092.454536,1687.556182,1477.288729,1811.37759,1891.817606,1237.73832,1281.471119,2215.597638,1034.320779,1074.850302,1490.229247,1178.321941,976.6902459,1082.292126,1039.820403,1158.629592,678.258524,1545.618357,1776.68117,1160.73684,662.5462528,787.3303652,2915.72369,2362.107466,1435.789982,1396.485105,1247.328439,749.4522914,1968.941479,1415.265845,2273.97,1185.84,465.06,2158.14,1764.84,465.06,2063.88,973.73,1208.23,869.14,1319.56,559.76,961.59,641.93,2547.61,1098.38,1286.49,976.91
8/13/26,721.7894363,640.7651585,918.0810603,862.8429873,338.6936496,985.9715962,640.6379978,694.4477625,955.2566561,610.1716372,839.0562838,1022.92693,935.7788664,940.3197279,996.3376854,1154.017306,1068.225474,1806.83577,1640.040301,1442.683735,1065.732123,1646.961276,1096.876785,1695.263348,1499.12079,1822.314212,1902.184496,1248.75792,1293.214674,2270.33073,1043.340896,1076.327812,1546.505311,1196.399176,986.0777459,1091.920112,1046.072434,1169.678695,684.8276823,1590.813162,1800.064255,1169.891235,667.5640782,793.1127996,2923.981686,2369.602567,1453.802419,1406.23316,1262.287898,759.4326441,2019.452394,1427.387584,2283.31,1190.65,466.28,2169.21,1766.65,466.28,2115.69,991.24,1220.26,883.53,1323.74,566.42,971.02,649.56,2584.98,1108.06,1289.68,981.68
8/14/26,722.7867838,641.5551793,930.4174102,869.6237312,344.1488165,993.7704509,643.7055257,694.75784,971.7542029,613.2459411,843.1165227,1031.335206,937.3229815,943.7729654,1006.089733,1169.219258,1073.68653,1808.979208,1657.158411,1448.874261,1072.488992,1650.780905,1102.231295,1715.369859,1516.763239,1825.497371,1914.8623,1254.714418,1311.133877,2303.285577,1058.757562,1090.500715,1562.757406,1205.031778,996.5789317,1105.251027,1053.290479,1183.361045,689.0960027,1621.022836,1804.575533,1181.432356,674.8642001,799.5877533,2930.981048,2378.526119,1471.983896,1432.194084,1272.734474,777.3804442,2078.929049,1447.980766,2294.84,1191.99,466.28,2188.4,1772.98,466.28,2146.28,994.62,1227.91,894.08,1326.09,574.99,977.23,654.39,2629.65,1117.19,1293.96,989.45
8/15/26,723.994761,645.5659176,942.771434,879.7548562,348.5735512,998.1596848,644.9653683,698.4269834,996.2344633,616.7689495,845.4124158,1038.624095,938.6662651,946.5218831,1012.444088,1209.92052,1075.590501,1810.78403,1664.962301,1449.7983,1090.548076,1652.436077,1106.185119,1737.108908,1525.513239,1827.803357,1920.858579,1260.059461,1316.490057,2348.99704,1074.533818,1108.919902,1570.819421,1210.509173,1005.397011,1125.451359,1075.87032,1195.259752,694.5690538,1657.061269,1815.543759,1187.385218,676.9808902,803.0673513,2935.627715,2391.900223,1485.555601,1456.859463,1279.690003,797.8773866,2146.243975,1465.885647,2296.73,1194.7,466.28,2203.51,1785.19,466.28,2168.59,1004.18,1247.8,902.74,1328.78,579.91,982.73,654.65,2669.47,1140.62,1298.84,993.79
8/16/26,724.4825659,650.1831488,959.0482606,889.2933177,348.5735512,1005.415007,645.8956567,701.4672197,1004.889877,619.1197438,848.1276936,1050.434991,938.9862651,950.5428673,1021.143834,1222.477067,1077.903072,1814.224292,1673.298068,1459.406574,1101.042491,1652.436077,1108.292762,1753.474979,1528.249831,1830.11105,1931.267719,1261.975651,1322.112798,2380.401551,1087.079543,1121.440098,1577.02957,1218.336088,1012.442948,1146.746637,1089.887201,1199.592293,697.2925292,1693.643883,1829.351893,1189.245796,678.8413553,807.8311859,2941.328754,2397.639986,1497.313408,1476.432841,1294.431071,814.8280924,2211.355625,1474.023993,2300.05,1205.92,467.96,2211.74,1787.51,467.96,2180.3,1008.44,1255.2,917.25,1329.54,585.21,986.22,679.46,2707.53,1152.62,1300.74,"1,002.57"
8/17/26,727.1722309,657.5966814,976.7020846,892.3074944,349.5259321,1012.422877,647.4153255,702.4696163,1008.619725,620.0849051,850.4004209,1058.81652,938.9862651,952.7785631,1027.788634,1226.845744,1079.386642,1816.627295,1676.178068,1470.812288,1107.739209,1652.436077,1109.530687,1756.505282,1528.865216,1831.943111,1937.990252,1263.776247,1325.053426,2402.501055,1103.917061,1122.839366,1585.411058,1227.162539,1020.204877,1160.988426,1114.96772,1200.053831,701.0236036,1704.768054,1848.686995,1190.180002,681.7847823,818.8072824,2949.028686,2405.268804,1505.347791,1485.143021,1299.459076,828.5695144,2247.578674,1488.104988,2300.44,1214.55,467.96,2221.52,1788.27,467.96,2195.19,1034.7,1262.54,928.96,1329.54,591.24,987.79,702.15,2719.11,1160.36,1303.13,"1,004.43"
8/18/26,727.1722309,662.070262,984.9504425,894.9808444,350.4659309,1020.249326,651.4666075,703.8128999,1009.249646,620.993996,855.3058935,1062.031416,938.9862651,953.0705339,1030.87687,1234.704222,1082.197909,1818.389658,1680.321503,1479.463187,1113.916342,1654.311077,1109.962342,1758.402906,1532.865216,1832.423111,1943.811148,1265.75459,1330.590246,2444.000575,1111.230699,1125.825105,1596.176948,1231.81691,1029.094037,1170.805376,1123.821226,1201.44918,704.2836259,1713.538518,1865.176803,1203.95247,682.9833349,823.3494604,2960.35715,2413.737047,1511.164821,1491.06472,1315.154781,834.9943661,2263.810281,1498.051482,2304.08,1217.4,468.95,2230.96,1790.21,468.95,2221.05,1068.29,1273.16,941.12,1330.7,593.18,988.58,705.01,2729.14,1169.56,1304.98,"1,005.21"
8/19/26,729.0659507,664.1755252,993.0236989,896.8632263,350.4659309,1021.489636,653.8507135,704.2640277,1009.869838,620.993996,858.2024453,1068.227494,938.9862651,958.5330538,1030.87687,1247.032989,1086.129915,1820.758849,1683.008372,1482.046673,1117.520738,1656.919773,1109.962342,1761.492813,1534.100454,1833.807726,1946.945476,1266.055342,1333.250475,2459.285901,1115.68808,1128.259104,1607.134378,1235.703388,1034.903784,1184.913207,1125.056803,1204.994874,706.3934459,1724.158108,1877.875116,1212.594387,686.0520444,824.5755676,2967.38061,2425.018559,1519.123496,1494.046538,1323.696448,843.0230227,2310.911756,1506.013021,2314.23,1222.68,468.95,2236.35,1794.98,468.95,2265.93,1124.85,1299.33,942.29,1332.75,615.12,992.88,711.09,2745.97,1174.1,1309.97,"1,007.03"
8/20/26,729.5744252,666.5028287,997.39231,900.0624457,352.0139705,1022.465246,654.9935706,704.7364686,1009.869838,620.993996,859.99349,1072.287645,939.3037254,960.9626494,1032.203667,1267.682696,1087.042614,1820.758849,1684.414792,1483.574272,1123.009071,1656.919773,1111.774376,1769.885528,1535.968186,1834.751059,1952.890358,1270.596555,1335.074954,2489.560263,1122.25058,1131.526951,1617.311514,1240.581084,1041.817103,1188.856869,1126.597833,1212.662415,708.2684459,1739.288795,1891.530623,1223.817484,688.3022631,826.4324549,2969.681256,2432.165226,1522.755711,1499.323475,1329.235748,860.1642604,2361.375464,1509.18482,2321.16,1226.71,469.72,2237.39,1796.48,469.72,2317.11,1173.48,1304.63,962.98,1335.87,618.2,995.21,719.14,2746.75,1180.97,1314.07,"1,012.44"
8/21/26,731.4615774,667.4008016,1000.172864,905.8645847,354.2093392,1024.390407,655.3135706,705.6888496,1010.177531,620.993996,860.2674626,1078.473352,939.3037254,968.4077216,1032.665206,1278.738251,1087.402974,1821.055146,1686.264524,1487.677631,1127.358277,1656.919773,1112.676631,1771.270143,1535.968186,1835.376059,1957.615939,1274.071451,1338.833195,2501.259244,1124.015285,1136.023273,1623.165168,1242.125317,1045.260943,1194.463145,1127.227755,1216.793054,709.2133278,1746.764578,1903.088969,1233.924962,690.5830467,831.0652682,2971.533691,2439.269068,1526.00096,1501.982732,1333.986093,876.6823617,2377.909692,1511.725478,2326.29,1234.45,470.08,2237.64,1796.87,470.08,2371.04,1182.99,1313.07,964.73,1343.98,618.2,1004.15,730.07,2761.26,1185.83,1315.25,"1,017.13"
8/22/26,732.3640371,670.4308739,1004.760132,907.3047676,354.6744555,1026.315986,655.3135706,706.3042342,1011.49332,620.993996,861.8155396,1079.847397,939.3037254,981.4077216,1033.816285,1286.489804,1087.703726,1821.055146,1687.260054,1492.100774,1131.129335,1657.374318,1114.061247,1774.428038,1538.240236,1837.25165,1962.191157,1279.281977,1340.881665,2515.915958,1130.314656,1143.603134,1625.463753,1244.145961,1050.821209,1198.259587,1127.707755,1218.975709,710.1657687,1757.420034,1907.822019,1239.90063,694.4878086,832.2310357,2972.714947,2446.431905,1531.398835,1510.098547,1336.17276,882.1048086,2396.516731,1516.317478,2326.29,1238.5,470.08,2237.64,1797.27,470.08,2445.84,1184.29,1323.52,966.29,1354.65,620.93,1005.72,742.46,2782.17,1188.99,1316.41,"1,020.62"
8/23/26,734.7077871,672.7500746,1007.55083,910.1088685,356.5498044,1027.7978,655.3135706,706.3042342,1011.951335,621.6046831,862.1305002,1082.638095,939.3037254,989.5894573,1034.383661,1296.457718,1088.626803,1821.055146,1687.260054,1493.919274,1132.32443,1657.374318,1114.675003,1776.318159,1540.35715,1837.576853,1965.372975,1280.622345,1342.374704,2523.09413,1134.574495,1151.746376,1629.743512,1246.391301,1056.370798,1202.343576,1135.14112,1220.819887,712.9044012,1776.442257,1910.061568,1254.094916,695.4151269,835.2752139,2974.258959,2454.87476,1534.589614,1512.315334,1337.137466,894.4474112,2425.910844,1521.94866,2327.56,1243.6,470.08,2238.38,1798.45,470.08,2468.34,1185.46,1324.04,967.83,1357,622.48,1007.68,750.54,2794.91,1194.35,1316.41,"1,020.62"
8/24/26,734.7077871,675.7155528,1015.668925,912.3364529,356.5498044,1029.346384,655.3135706,706.3042342,1013.304719,621.6046831,862.1305002,1085.268809,939.3037254,993.8523854,1034.686691,1298.58908,1089.071247,1821.516684,1687.260054,1493.919274,1133.774979,1657.374318,1114.969121,1777.248392,1544.764017,1837.576853,1970.505748,1282.010593,1347.307389,2542.496495,1140.090279,1151.746376,1641.804699,1248.126188,1063.173992,1206.021791,1140.665707,1224.226424,717.1124217,1779.24841,1914.733858,1267.189592,698.9129001,838.3634492,2975.647206,2458.659491,1539.649974,1513.90933,1337.137466,912.268013,2477.622914,1524.189839,2327.56,1249.75,470.45,2239.1,1798.45,470.45,2482.01,1186.24,1326.61,969.36,1358.54,623.65,1008.47,765.84,2802.99,1200.28,1317.54,"1,021.40"
8/25/26,734.7077871,676.6457854,1018.608656,912.3364529,356.5498044,1031.154336,656.1622677,706.3042342,1013.304719,621.6046831,862.1305002,1085.682603,939.3037254,995.028856,1034.686691,1300.942022,1092.846708,1821.516684,1687.260054,1494.403144,1134.698056,1657.374318,1115.838686,1777.728392,1545.964017,1837.576853,1973.155149,1284.207739,1349.131194,2559.83495,1151.402952,1153.120422,1644.948067,1252.000434,1070.702215,1209.58398,1147.206323,1226.905402,718.9732275,1784.71207,1917.147223,1269.896359,699.3780164,840.7621897,2977.768419,2468.206371,1543.643017,1520.108373,1337.137466,920.2180882,2509.953122,1528.987408,2327.95,1250.84,470.84,2245.62,1798.45,470.84,2501.24,1196.7,1338.9,972.64,1358.93,626.38,1010.04,770.96,2805.31,1202.47,1317.54,"1,021.40"
8/26/26,735.1729034,677.1219758,1023.173651,913.6247365,356.5498044,1034.933863,656.7684675,706.3042342,1013.304719,621.9298863,863.0395911,1086.867788,939.3037254,995.028856,1035.562603,1302.318558,1092.846708,1821.978222,1687.260054,1494.871894,1137.053056,1657.374318,1115.838686,1779.574545,1547.348632,1838.521735,1974.539764,1288.28871,1354.040284,2575.748272,1151.402952,1156.326529,1649.392511,1255.383624,1075.772914,1212.794207,1154.817489,1230.534016,719.278571,1788.77222,1920.793684,1269.896359,700.3082489,845.6477358,2979.535303,2468.206371,1551.031833,1524.235159,1337.137466,920.2180882,2550.031597,1532.404115,2328.32,1252.33,470.84,2247.82,1798.45,470.84,2503.51,1221.52,1342.39,980.58,1359.71,626.64,1013.17,789.8,2811.74,1202.86,1319.86,"1,021.40"
8/27/26,735.5062367,677.5981663,1028.499644,914.2173291,356.5498044,1036.775051,657.3745629,706.3042342,1013.304719,621.9298863,863.0395911,1087.157643,939.3037254,995.028856,1035.562603,1302.318558,1092.846708,1821.978222,1688.603338,1494.871894,1137.053056,1657.374318,1117.212732,1779.574545,1549.180693,1839.001735,1974.539764,1291.400123,1354.040284,2591.818612,1151.402952,1157.222051,1652.480746,1257.129384,1078.456039,1220.936618,1161.086145,1232.6832,720.8363414,1799.020976,1923.066411,1269.896359,703.5181969,846.8557895,2982.408605,2468.206371,1555.50456,1526.314032,1337.137466,920.2180882,2607.749048,1545.534628,2329.58,1252.59,470.84,2250.74,1798.7,470.84,2506.81,1234.69,1342.39,981.73,1363.94,627.41,1014.74,823.71,2814.08,1204.86,1322.06,"1,021.40"
8/28/26,735.9062367,677.5981663,1034.05974,914.2173291,356.5498044,1038.192551,657.6730703,706.3042342,1013.77716,621.9298863,863.0395911,1087.157643,939.3037254,995.7185112,1035.562603,1302.318558,1092.846708,1821.978222,1688.603338,1494.871894,1137.053056,1657.374318,1117.212732,1779.574545,1549.180693,1839.001735,1974.539764,1294.592455,1354.040284,2600.836949,1151.402952,1158.131142,1661.972103,1257.968544,1080.779203,1226.553159,1167.177656,1233.877433,722.1163414,1808.386715,1930.876982,1269.896359,705.7613561,849.433472,2983.79322,2468.206371,1556.197518,1530.786759,1337.137466,920.2180882,2651.859219,1551.952019,2330.34,1253.37,470.84,2251.87,1798.95,470.84,2508.34,1249.92,1347.69,982.91,1365.12,630.11,1033.14,840.13,2814.47,1205.62,1322.06,"1,021.79"
8/29/26,735.9062367,678.0820373,1036.315379,915.7828424,357.1604914,1038.192551,658.1648736,706.3042342,1014.407081,623.0837325,863.3656781,1087.157643,939.3037254,995.7185112,1035.562603,1302.318558,1092.846708,1821.978222,1688.603338,1494.871894,1137.053056,1657.374318,1117.212732,1779.574545,1549.180693,1839.001735,1974.539764,1294.592455,1354.040284,2611.311258,1151.402952,1159.474426,1665.942691,1258.440985,1085.933031,1232.816895,1168.968701,1235.415894,723.3594184,1819.534691,1937.59226,1269.896359,705.7613561,853.6135112,2984.258337,2468.206371,1557.443088,1533.861759,1337.137466,920.2180882,2704.198046,1555.340974,2331.82,1254.46,470.84,2253.61,1799.34,470.84,2510.29,1259.08,1348.21,984.45,1365.9,630.5,1038.41,843.23,2814.86,1206.01,1324.98,"1,022.18"
8/30/26,735.9062367,678.0820373,1037.3082,916.1134209,357.475452,1038.842958,658.1648736,706.3042342,1014.407081,623.0837325,863.3656781,1087.157643,939.3037254,996.6415881,1035.562603,1302.318558,1092.846708,1821.978222,1688.603338,1494.871894,1137.053056,1657.374318,1117.212732,1779.574545,1549.180693,1839.001735,1974.539764,1294.592455,1354.040284,2624.947621,1151.402952,1161.292608,1669.077019,1258.906102,1088.889841,1244.241943,1185.925223,1238.492817,724.3043588,1843.391834,1937.59226,1269.896359,707.2464265,856.4056352,2988.751392,2468.206371,1557.443088,1534.60165,1337.137466,920.2180882,2737.053828,1555.340974,2333.31,1256.73,470.84,2253.99,1799.34,470.84,2523.39,1265.77,1350.85,987.19,1366.69,630.5,1046.58,850.16,2814.86,1210.55,1325.48,"1,022.96"
8/31/26,735.9062367,678.0820373,1037.746156,918.0751451,357.475452,1040.731535,658.1648736,706.3042342,1014.407081,623.0837325,863.3656781,1087.157643,939.3037254,996.6415881,1035.562603,1302.318558,1092.846708,1821.978222,1688.603338,1494.871894,1137.053056,1657.374318,1117.212732,1779.574545,1549.180693,1839.001735,1974.539764,1294.592455,1354.040284,2624.947621,1151.402952,1161.292608,1672.184863,1259.815193,1093.297,1250.739654,1186.383238,1238.492817,725.2203894,1852.226333,1939.493272,1269.896359,708.162457,862.7247083,2992.340266,2468.206371,1557.813013,1536.046187,1337.137466,920.2180882,2765.421125,1555.340974,2334.81,1258.56,471.09,2254.75,1799.34,471.09,2525.36,1267.34,1355.88,989.86,1368.26,633.96,1055.12,857.08,2815.25,1213.24,1326.94,"1,023.35"
9/1/26,735.9062367,678.0820373,1041.461989,918.7308828,357.959323,1041.35169,658.1648736,706.3042342,1014.407081,623.0837325,863.3656781,1087.157643,939.3037254,996.6415881,1035.562603,1302.318558,1092.846708,1821.978222,1688.603338,1494.871894,1137.053056,1657.374318,1117.212732,1779.574545,1549.180693,1839.001735,1974.539764,1294.592455,1354.040284,2624.947621,1151.402952,1161.292608,1673.335942,1261.619704,1094.771978,1252.615111,1187.285494,1239.437699,725.2203894,1857.655437,1949.634117,1269.896359,708.7506923,864.143148,2993.654135,2468.206371,1557.813013,1541.954076,1337.137466,920.2180882,2803.510259,1555.340974,2336.19,1262.81,471.09,2255.13,1799.34,471.09,2529.21,1268.91,1359.78,992.22,1371,635.93,1057.88,862.16,2816.03,1221.32,1328.76,"1,023.74"
9/2/26,735.9062367,678.0820373,1045.113499,918.7308828,358.2871918,1042.281922,658.1648736,706.3042342,1014.717158,623.0837325,863.3656781,1087.157643,939.3037254,996.6415881,1035.562603,1302.318558,1092.846708,1821.978222,1688.603338,1494.871894,1137.053056,1657.374318,1117.212732,1779.574545,1549.180693,1839.001735,1974.539764,1294.592455,1354.040284,2624.947621,1151.402952,1162.542608,1673.942002,1262.55357,1095.99837,1256.878504,1188.526031,1241.283853,725.2203894,1864.732643,1952.798899,1269.896359,709.0656529,865.3498935,2993.654135,2468.206371,1557.813013,1542.925927,1337.137466,920.2180882,2812.350884,1555.340974,2336.19,1265.05,471.09,2255.5,1799.34,471.09,2531.03,1270.07,1359.78,994.53,1371.52,636.32,1069.64,865.31,2816.42,1227.19,1331.65,"1,024.13"
9/3/26,736.5411573,678.0820373,1047.721159,918.7308828,358.2871918,1042.281922,659.0951062,706.3042342,1014.717158,623.0837325,863.3656781,1087.157643,939.3037254,996.6415881,1035.562603,1302.318558,1092.846708,1821.978222,1688.603338,1494.871894,1137.053056,1657.374318,1117.212732,1779.574545,1549.180693,1839.001735,1974.539764,1294.592455,1354.040284,2624.947621,1151.402952,1162.542608,1674.245033,1262.55357,1096.943252,1259.176109,1190.041182,1243.173617,725.2203894,1866.106689,1956.811207,1269.896359,709.6811832,866.6086347,2994.241204,2468.206371,1557.813013,1544.759757,1337.137466,920.2180882,2829.296537,1555.340974,2336.56,1266.87,471.09,2255.5,1799.34,471.09,2532.19,1272.42,1360.55,999.55,1375.06,638.66,1072.37,865.57,2819.03,1227.56,1331.65,"1,024.13"
9/4/26,736.5411573,678.0820373,1048.292587,918.7308828,358.2871918,1042.769727,659.0951062,706.3042342,1014.717158,623.0837325,863.3656781,1087.157643,939.3037254,996.6415881,1035.562603,1302.318558,1092.846708,1821.978222,1688.603338,1494.871894,1137.053056,1657.374318,1117.212732,1779.574545,1549.180693,1839.001735,1974.539764,1294.592455,1354.040284,2624.947621,1151.402952,1162.542608,1674.245033,1262.55357,1097.838774,1260.560724,1190.509932,1243.635155,725.2203894,1869.32524,1959.101283,1269.896359,709.6811832,867.0631802,2994.241204,2468.206371,1557.813013,1545.83713,1337.137466,920.2180882,2854.662698,1555.340974,2338.01,1266.87,471.09,2255.96,1799.34,471.09,2535.27,1273.21,1362.12,999.55,1375.06,643.31,1075.13,867.54,2819.82,1230.97,1332.04,"1,024.13"
9/5/26,736.5411573,678.0820373,1049.18811,918.7308828,358.2871918,1042.769727,659.0951062,706.3042342,1014.717158,623.0837325,863.3656781,1087.157643,939.3037254,996.6415881,1035.562603,1302.318558,1092.846708,1821.978222,1688.603338,1494.871894,1137.053056,1657.374318,1117.212732,1779.574545,1549.180693,1839.001735,1974.539764,1294.592455,1354.040284,2624.947621,1151.402952,1163.142271,1675.140555,1262.55357,1097.838774,1260.560724,1190.509932,1243.635155,725.2203894,1869.32524,1961.426865,1269.896359,712.7511113,868.9174848,2994.851891,2468.206371,1557.813013,1545.83713,1337.137466,920.2180882,2885.582392,1555.340974,2338.38,1270.25,471.09,2256.34,1799.34,471.09,2536.55,1277.93,1363.29,999.55,1375.06,644.1,1075.52,868.33,2819.82,1230.97,1332.42,"1,024.13"
9/6/26,736.5411573,678.0820373,1049.18811,918.7308828,358.2871918,1042.769727,659.0951062,706.3042342,1014.717158,623.0837325,863.3656781,1087.157643,939.3037254,996.6415881,1035.562603,1302.318558,1092.846708,1821.978222,1688.603338,1494.871894,1137.053056,1657.374318,1117.212732,1779.574545,1549.180693,1839.001735,1974.539764,1294.592455,1354.040284,2624.947621,1151.402952,1163.142271,1677.20374,1262.55357,1100.164355,1260.560724,1190.509932,1245.510155,725.2203894,1869.32524,1962.368171,1269.896359,713.2162276,869.1914574,2994.851891,2468.206371,1557.813013,1546.073101,1337.137466,920.2180882,2899.553932,1555.340974,2338.38,1274.53,471.09,2256.34,1799.73,471.09,2539.13,1278.72,1366.41,1003.31,1377.9,644.49,1080.48,869.9,2821.79,1232.48,1332.42,"1,024.13"
9/7/26,736.5411573,678.0820373,1049.66811,918.7308828,359.6934418,1042.769727,659.0951062,706.3042342,1014.717158,623.0837325,863.3656781,1087.157643,939.3037254,996.6415881,1035.562603,1302.318558,1092.846708,1821.978222,1688.603338,1494.871894,1137.053056,1657.374318,1117.212732,1779.574545,1549.180693,1839.001735,1974.539764,1294.592455,1354.040284,2624.947621,1151.402952,1163.142271,1678.995595,1262.55357,1100.618901,1260.560724,1190.509932,1246.140077,725.2203894,1869.32524,1962.822717,1269.896359,715.4718667,872.885335,2994.851891,2468.206371,1557.813013,1547.145883,1337.137466,920.2180882,2908.010006,1555.340974,2338.38,1274.91,471.09,2256.34,1799.73,471.09,2539.52,1289.52,1369.93,1007.04,1378.29,644.49,1083.22,870.29,2821.79,1233.26,1333.92,"1,024.13"
9/8/26,736.5411573,678.0820373,1049.66811,918.7308828,359.6934418,1042.769727,659.0951062,706.3042342,1014.717158,623.0837325,863.3656781,1087.157643,939.3037254,996.6415881,1035.562603,1302.318558,1092.846708,1821.978222,1688.603338,1494.871894,1137.053056,1657.374318,1117.212732,1779.574545,1549.180693,1839.001735,1974.539764,1294.592455,1354.040284,2624.947621,1151.402952,1163.142271,1679.871508,1262.55357,1101.091342,1260.560724,1190.509932,1246.769998,725.2203894,1869.32524,1962.822717,1269.896359,715.936983,874.5937148,2995.143862,2468.206371,1557.813013,1548.198439,1337.137466,920.2180882,2911.079046,1555.340974,2338.38,1275.68,471.09,2256.34,1799.73,471.09,2540.28,1296.81,1370.72,1010.04,1378.68,644.88,1083.61,871.08,2822.18,1233.64,1334.31,"1,024.13"
9/9/26,736.5411573,678.0820373,1050.269614,918.7308828,359.6934418,1042.769727,659.0951062,706.3042342,1014.717158,623.0837325,863.3656781,1087.157643,939.3037254,996.6415881,1035.562603,1302.318558,1092.846708,1821.978222,1688.603338,1494.871894,1137.053056,1657.374318,1117.212732,1779.574545,1549.180693,1839.001735,1974.539764,1294.592455,1354.040284,2624.947621,1151.402952,1163.142271,1681.728564,1262.55357,1101.563783,1260.560724,1190.509932,1248.03734,725.2203894,1869.32524,1965.184922,1269.896359,715.936983,876.7708014,2995.143862,2468.206371,1557.813013,1549.965918,1337.137466,920.2180882,2929.47773,1555.340974,2338.38,1276.06,471.09,2256.34,1799.73,471.09,2541.83,1304.17,1370.72,1010.78,1380.65,646.05,1083.61,871.47,2822.18,1233.64,1334.69,"1,024.13"
9/10/26,736.5411573,678.0820373,1050.269614,918.7308828,359.6934418,1042.769727,659.0951062,706.3042342,1014.717158,623.0837325,863.3656781,1087.157643,939.3037254,996.6415881,1035.562603,1302.318558,1092.846708,1821.978222,1688.603338,1494.871894,1137.053056,1657.374318,1117.212732,1779.574545,1549.180693,1839.001735,1974.539764,1294.592455,1354.040284,2624.947621,1151.402952,1163.142271,1681.728564,1262.55357,1101.563783,1260.560724,1191.440165,1248.03734,725.2203894,1869.32524,1966.949628,1269.896359,718.6279552,877.2119779,2995.591623,2468.206371,1557.813013,1549.965918,1337.137466,920.2180882,2933.262345,1555.340974,2338.38,1276.77,471.09,2256.71,1799.73,471.09,2541.83,1308.08,1371.51,1010.78,1381.04,646.05,1083.61,871.86,2824.54,1233.64,1334.69,"1,024.13"
9/11/26,736.5411573,678.0820373,1050.269614,918.7308828,359.6934418,1042.769727,659.0951062,706.3042342,1014.717158,623.0837325,863.3656781,1087.157643,939.3037254,996.6415881,1035.562603,1302.318558,1092.846708,1821.978222,1688.603338,1494.871894,1137.053056,1657.374318,1117.212732,1779.574545,1549.180693,1839.001735,1974.539764,1294.592455,1354.040284,2624.947621,1151.402952,1163.142271,1681.728564,1262.55357,1101.563783,1260.560724,1191.440165,1248.03734,725.2203894,1869.32524,1968.355878,1269.896359,718.9404552,877.2119779,2996.046168,2468.206371,1557.813013,1550.327683,1337.137466,920.2180882,2957.60871,1555.340974,2338.38,1276.77,471.09,2256.71,1799.73,471.09,2542.22,1310.42,1373.75,1011.54,1382.22,646.05,1083.61,871.86,2825.33,1233.64,1334.69,"1,024.13"
9/12/26,736.5411573,678.0820373,1050.269614,918.7308828,359.6934418,1042.769727,659.0951062,706.3042342,1014.717158,623.0837325,863.3656781,1087.157643,939.3037254,996.6415881,1035.562603,1302.318558,1092.846708,1821.978222,1688.603338,1494.871894,1137.053056,1657.374318,1117.212732,1779.574545,1549.180693,1839.001735,1974.539764,1294.592455,1354.040284,2624.947621,1151.402952,1163.142271,1681.728564,1262.55357,1101.563783,1260.560724,1191.440165,1248.03734,725.2203894,1869.32524,1969.308258,1269.896359,719.2554158,877.6467605,2996.511285,2468.206371,1557.813013,1550.679111,1337.137466,920.2180882,2958.380486,1555.340974,2338.76,1276.77,471.09,2256.71,1800.25,471.09,2543.01,1312.76,1375.63,1011.92,1382.61,646.05,1083.61,875.01,2826.9,1233.64,1334.69,"1,024.13"
9/13/26,737.0026958,678.0820373,1050.269614,918.7308828,359.6934418,1042.769727,659.0951062,706.3042342,1014.717158,623.0837325,863.3656781,1087.157643,939.3037254,996.6415881,1035.562603,1302.318558,1092.846708,1821.978222,1688.603338,1494.871894,1137.053056,1657.374318,1117.212732,1779.574545,1549.180693,1839.001735,1974.539764,1294.592455,1354.040284,2624.947621,1151.402952,1163.142271,1681.728564,1262.55357,1101.563783,1260.560724,1191.440165,1248.652724,725.2203894,1869.32524,1969.784449,1269.896359,719.7169543,878.5558514,2996.959046,2468.206371,1557.813013,1551.387025,1337.137466,920.2180882,2967.577563,1555.340974,2338.76,1276.77,471.09,2256.71,1800.25,471.09,2544.56,1313.55,1376.41,1011.92,1382.61,646.05,1083.61,876.19,2826.9,1233.64,1334.69,"1,024.13"
9/14/26,737.0026958,678.0820373,1050.269614,918.7308828,359.6934418,1042.769727,659.0951062,706.3042342,1014.717158,623.0837325,863.3656781,1087.157643,939.3037254,996.6415881,1035.562603,1302.318558,1092.846708,1821.978222,1688.603338,1494.871894,1137.053056,1657.374318,1117.212732,1779.574545,1549.180693,1839.001735,1974.539764,1294.592455,1354.040284,2624.947621,1151.402952,1163.142271,1681.728564,1262.55357,1101.563783,1260.560724,1191.440165,1248.652724,725.2203894,1869.32524,1970.264449,1269.896359,721.9160139,879.0036126,2996.959046,2468.206371,1557.813013,1551.754189,1337.137466,920.2180882,2968.852853,1555.340974,2339.14,1276.77,471.09,2256.71,1800.63,471.09,2544.56,1314.73,1376.8,1011.92,1383,646.44,1084,876.19,2826.9,1233.64,1334.69,"1,024.13"
9/15/26,737.0026958,678.0820373,1050.269614,918.7308828,359.6934418,1042.769727,659.0951062,706.3042342,1014.717158,623.0837325,863.3656781,1087.157643,939.3037254,996.6415881,1035.562603,1302.318558,1092.846708,1821.978222,1688.603338,1494.871894,1137.053056,1657.374318,1117.212732,1779.574545,1549.180693,1839.001735,1974.539764,1294.592455,1354.040284,2624.947621,1151.402952,1163.142271,1681.728564,1262.55357,1101.563783,1260.560724,1191.440165,1248.652724,725.2203894,1869.32524,1971.21683,1269.896359,721.9160139,879.4723626,2996.959046,2468.206371,1557.813013,1551.754189,1337.137466,920.2180882,2968.852853,1555.340974,2339.14,1276.77,471.09,2256.71,1800.63,471.09,2544.56,1315.52,1377.19,1011.92,1383,646.44,1084.79,876.19,2826.9,1233.64,1334.69,"1,024.13"
9/16/26,737.0026958,678.0820373,1050.269614,918.7308828,359.6934418,1042.769727,659.0951062,706.3042342,1014.717158,623.0837325,863.3656781,1087.157643,939.3037254,996.6415881,1035.562603,1302.318558,1092.846708,1821.978222,1688.603338,1494.871894,1137.053056,1657.374318,1117.212732,1779.574545,1549.180693,1839.001735,1974.539764,1294.592455,1354.040284,2624.947621,1151.402952,1163.142271,1681.728564,1262.55357,1101.563783,1260.560724,1191.440165,1248.652724,725.2203894,1869.32524,1971.21683,1269.896359,721.9160139,879.4723626,2996.959046,2468.206371,1557.813013,1551.754189,1337.137466,920.2180882,2968.852853,1555.340974,2339.14,1276.77,471.09,2257.85,1800.63,471.09,2544.56,1315.52,1377.58,1011.92,1383,646.44,1084.79,876.19,2826.9,1234.03,1334.69,"1,024.13"
9/17/26,737.5336692,678.0820373,1050.269614,918.7308828,359.6934418,1042.769727,659.0951062,706.3042342,1014.717158,623.0837325,863.3656781,1087.157643,939.3037254,996.6415881,1035.562603,1302.318558,1092.846708,1821.978222,1688.603338,1494.871894,1137.053056,1657.374318,1117.212732,1779.574545,1549.180693,1839.001735,1974.539764,1294.592455,1354.040284,2624.947621,1151.402952,1163.142271,1681.728564,1262.55357,1101.563783,1260.560724,1191.440165,1248.652724,725.2203894,1869.32524,1971.21683,1269.896359,722.3922044,879.4723626,2996.959046,2468.206371,1557.813013,1551.754189,1337.137466,920.2180882,2968.852853,1555.340974,2339.52,1276.77,471.09,2258.94,1800.63,471.09,2544.56,1315.52,1377.97,1011.92,1383,646.44,1084.79,876.98,2826.9,1234.03,1334.69,"1,024.13"
9/18/26,737.5336692,678.0820373,1050.269614,918.7308828,359.6934418,1042.769727,659.0951062,706.3042342,1014.717158,623.0837325,863.3656781,1087.157643,939.3037254,996.6415881,1035.562603,1302.318558,1092.846708,1821.978222,1688.603338,1494.871894,1137.053056,1657.374318,1117.212732,1779.574545,1549.180693,1839.001735,1974.539764,1294.592455,1354.040284,2624.947621,1151.402952,1163.142271,1681.728564,1262.55357,1101.563783,1260.560724,1191.440165,1248.652724,725.2203894,1869.32524,1971.21683,1269.896359,722.3922044,879.4723626,2996.959046,2468.206371,1557.813013,1551.754189,1337.137466,920.2180882,2968.852853,1555.340974,2339.52,1276.77,471.09,2259.32,1800.63,471.09,2544.56,1315.91,1378.36,1011.92,1383,646.44,1084.79,876.98,2826.9,1234.03,1334.69,"1,024.13"
9/19/26,737.5336692,678.0820373,1050.269614,918.7308828,359.6934418,1042.769727,659.0951062,706.3042342,1014.717158,623.0837325,863.3656781,1087.157643,939.3037254,996.6415881,1035.562603,1302.318558,1092.846708,1821.978222,1688.603338,1494.871894,1137.053056,1657.374318,1117.212732,1779.574545,1549.180693,1839.001735,1974.539764,1294.592455,1354.040284,2624.947621,1151.402952,1163.142271,1681.728564,1262.55357,1101.563783,1260.560724,1191.440165,1248.652724,725.2203894,1869.32524,1971.21683,1269.896359,722.3922044,879.4723626,2996.959046,2468.206371,1557.813013,1551.754189,1337.137466,920.2180882,2968.852853,1555.340974,2339.52,1276.77,471.09,2259.32,1800.63,471.09,2544.56,1315.91,1379.14,1011.92,1383.39,646.44,1084.79,876.98,2826.9,1234.03,1334.69,"1,024.13"
9/20/26,737.5336692,678.0820373,1050.269614,918.7308828,359.6934418,1042.769727,659.0951062,706.3042342,1014.717158,623.0837325,863.3656781,1087.157643,939.3037254,996.6415881,1035.562603,1302.318558,1092.846708,1821.978222,1688.603338,1494.871894,1137.053056,1657.374318,1117.212732,1779.574545,1549.180693,1839.001735,1974.539764,1294.592455,1354.040284,2624.947621,1151.402952,1163.142271,1681.728564,1262.55357,1101.563783,1260.560724,1191.440165,1248.652724,725.2203894,1869.32524,1971.21683,1269.896359,722.8609544,879.7898229,2996.959046,2468.206371,1557.813013,1551.754189,1337.137466,920.2180882,2968.852853,1555.340974,2339.52,1276.77,471.09,2259.32,1800.63,471.09,2544.56,1315.91,1379.14,1011.92,1383.39,646.44,1084.79,876.98,2826.9,1234.03,1334.69,"1,024.13"
9/21/26,737.5336692,678.0820373,1050.269614,918.7308828,359.6934418,1042.769727,659.0951062,706.3042342,1014.717158,623.0837325,863.3656781,1087.157643,939.3037254,996.6415881,1035.562603,1302.318558,1092.846708,1821.978222,1688.603338,1494.871894,1137.053056,1657.374318,1117.212732,1779.574545,1549.180693,1839.001735,1974.539764,1294.592455,1354.040284,2624.947621,1151.402952,1163.142271,1681.728564,1262.55357,1101.563783,1260.560724,1191.440165,1248.652724,725.2203894,1869.32524,1971.21683,1269.896359,722.8609544,880.0999004,2996.959046,2468.206371,1557.813013,1552.008453,1337.137466,920.2180882,2968.852853,1555.340974,2339.52,1276.77,471.09,2259.32,1800.63,471.09,2544.56,1315.91,1379.14,1011.92,1383.78,646.44,1084.79,876.98,2826.9,1234.81,1334.69,"1,024.13"
9/22/26,737.5336692,678.0820373,1050.269614,918.7308828,359.6934418,1042.769727,659.0951062,706.3042342,1014.717158,623.0837325,863.3656781,1087.157643,939.3037254,996.6415881,1035.562603,1302.318558,1092.846708,1821.978222,1688.603338,1494.871894,1137.053056,1657.374318,1117.212732,1779.574545,1549.180693,1839.001735,1974.539764,1294.592455,1354.040284,2624.947621,1151.402952,1163.142271,1681.728564,1262.55357,1101.563783,1260.560724,1191.440165,1248.652724,725.2203894,1869.32524,1971.21683,1269.896359,722.8609544,880.0999004,2996.959046,2468.206371,1557.813013,1552.008453,1337.137466,920.2180882,2968.852853,1555.340974,2339.52,1276.77,471.09,2259.32,1800.63,471.09,2544.56,1315.91,1379.14,1011.92,1383.78,646.44,1084.79,876.98,2826.9,1234.81,1334.69,"1,024.13"
9/23/26,737.5336692,678.0820373,1050.269614,918.7308828,359.6934418,1042.769727,659.0951062,706.3042342,1014.717158,623.0837325,863.3656781,1087.157643,939.3037254,996.6415881,1035.562603,1302.318558,1092.846708,1821.978222,1688.603338,1494.871894,1137.053056,1657.374318,1117.212732,1779.574545,1549.180693,1839.001735,1974.539764,1294.592455,1354.040284,2624.947621,1151.402952,1163.142271,1681.728564,1262.55357,1101.563783,1260.560724,1191.440165,1248.652724,725.2203894,1869.32524,1971.21683,1269.896359,723.3448254,880.0999004,2996.959046,2468.206371,1557.813013,1552.008453,1337.137466,920.2180882,2968.852853,1555.340974,2339.52,1276.77,471.09,2259.32,1800.63,471.09,2544.56,1315.91,1379.14,1011.92,1383.78,646.44,1084.79,876.98,2826.9,1234.81,1334.69,"1,024.13"
9/24/26,737.5336692,678.0820373,1050.269614,918.7308828,359.6934418,1042.769727,659.0951062,706.3042342,1014.717158,623.0837325,863.3656781,1087.157643,939.3037254,996.6415881,1035.562603,1302.318558,1092.846708,1821.978222,1688.603338,1494.871894,1137.053056,1657.374318,1117.212732,1779.574545,1549.180693,1839.001735,1974.539764,1294.592455,1354.040284,2624.947621,1151.402952,1163.142271,1681.728564,1262.55357,1101.563783,1260.560724,1191.440165,1248.652724,725.2203894,1869.32524,1971.21683,1269.896359,723.3448254,880.0999004,2996.959046,2468.206371,1557.813013,1552.008453,1337.137466,920.2180882,2968.852853,1555.340974,2339.52,1276.77,471.09,2259.32,1800.63,471.09,2544.56,1315.91,1379.14,1011.92,1383.78,646.44,1084.79,876.98,2826.9,1234.81,1334.69,"1,024.13"
9/25/26,737.5336692,678.0820373,1050.269614,918.7308828,359.6934418,1042.769727,659.0951062,706.3042342,1014.717158,623.0837325,863.3656781,1087.157643,939.3037254,996.6415881,1035.562603,1302.318558,1092.846708,1821.978222,1688.603338,1494.871894,1137.053056,1657.374318,1117.212732,1779.574545,1549.180693,1839.001735,1974.539764,1294.592455,1354.040284,2624.947621,1151.402952,1163.142271,1681.728564,1262.55357,1101.563783,1260.560724,1191.440165,1248.652724,725.2203894,1869.32524,1971.21683,1269.896359,723.3448254,880.0999004,2996.959046,2468.206371,1557.813013,1552.008453,1337.137466,920.2180882,2968.852853,1555.340974,2339.52,1276.77,471.09,2259.32,1800.63,471.09,2544.56,1315.91,1379.14,1011.92,1383.78,646.44,1084.79,876.98,2826.9,1234.81,1334.69,"1,024.13"
9/26/26,737.5336692,678.0820373,1050.269614,918.7308828,359.6934418,1042.769727,659.0951062,706.3042342,1014.717158,623.0837325,863.3656781,1087.157643,939.3037254,996.6415881,1035.562603,1302.318558,1092.846708,1821.978222,1688.603338,1494.871894,1137.053056,1657.374318,1117.212732,1779.574545,1549.180693,1839.001735,1974.539764,1294.592455,1354.040284,2624.947621,1151.402952,1163.142271,1681.728564,1262.55357,1101.563783,1260.560724,1191.440165,1248.652724,725.2203894,1869.32524,1971.21683,1269.896359,723.3448254,880.0999004,2996.959046,2468.206371,1557.813013,1552.008453,1337.137466,920.2180882,2968.852853,1555.340974,2339.52,1276.77,471.09,2259.32,1800.63,471.09,2544.56,1315.91,1379.14,1011.92,1383.78,646.44,1084.79,876.98,2826.9,1234.81,1334.69,"1,024.13"
9/27/26,737.5336692,678.0820373,1050.269614,918.7308828,359.6934418,1042.769727,659.0951062,706.3042342,1014.717158,623.0837325,863.3656781,1087.157643,939.3037254,996.6415881,1035.562603,1302.318558,1092.846708,1821.978222,1688.603338,1494.871894,1137.053056,1657.374318,1117.212732,1779.574545,1549.180693,1839.001735,1974.539764,1294.592455,1354.040284,2624.947621,1151.402952,1163.142271,1681.728564,1262.55357,1101.563783,1260.560724,1191.440165,1248.652724,725.2203894,1869.32524,1971.21683,1269.896359,723.3448254,880.0999004,2996.959046,2468.206371,1557.813013,1552.008453,1337.137466,920.2180882,2968.852853,1555.340974,2339.52,1276.77,471.09,2259.32,1800.63,471.09,2544.56,1315.91,1379.14,1011.92,1383.78,646.44,1084.79,876.98,2826.9,1234.81,1334.69,"1,024.13"
9/28/26,737.5336692,678.0820373,1050.269614,918.7308828,359.6934418,1042.769727,659.0951062,706.3042342,1014.717158,623.0837325,863.3656781,1087.157643,939.3037254,996.6415881,1035.562603,1302.318558,1092.846708,1821.978222,1688.603338,1494.871894,1137.053056,1657.374318,1117.212732,1779.574545,1549.180693,1839.001735,1974.539764,1294.592455,1354.040284,2624.947621,1151.402952,1163.142271,1681.728564,1262.55357,1101.563783,1260.560724,1191.440165,1248.652724,725.2203894,1869.32524,1971.21683,1269.896359,723.3448254,880.0999004,2997.413591,2468.206371,1557.813013,1552.008453,1337.137466,920.2180882,2968.852853,1555.340974,2339.52,1276.77,471.09,2259.32,1800.63,471.09,2544.56,1315.91,1379.14,1011.92,1383.78,646.44,1084.79,876.98,2826.9,1234.81,1334.69,"1,024.13"
9/29/26,737.5336692,678.0820373,1050.269614,918.7308828,359.6934418,1042.769727,659.0951062,706.3042342,1014.717158,623.0837325,863.3656781,1087.157643,939.3037254,996.6415881,1035.562603,1302.318558,1092.846708,1821.978222,1688.603338,1494.871894,1137.053056,1657.374318,1117.212732,1779.574545,1549.180693,1839.001735,1974.539764,1294.592455,1354.040284,2624.947621,1151.402952,1163.142271,1681.728564,1262.55357,1101.563783,1260.560724,1191.440165,1248.652724,725.2203894,1869.32524,1971.21683,1269.896359,723.3448254,880.0999004,2997.413591,2468.206371,1557.813013,1552.008453,1337.137466,920.2180882,2968.852853,1555.340974,2339.52,1276.77,471.09,2259.32,1800.63,471.09,2544.56,1315.91,1379.14,1011.92,1383.78,646.44,1084.79,876.98,2826.9,1234.81,1334.69,"1,024.13"
9/30/26,737.5336692,678.0820373,1050.269614,918.7308828,359.6934418,1042.769727,659.0951062,706.3042342,1014.717158,623.0837325,863.3656781,1087.157643,939.3037254,996.6415881,1035.562603,1302.318558,1092.846708,1821.978222,1688.603338,1494.871894,1137.053056,1657.374318,1117.212732,1779.574545,1549.180693,1839.001735,1974.539764,1294.592455,1354.040284,2624.947621,1151.402952,1163.142271,1681.728564,1262.55357,1101.563783,1260.560724,1191.440165,1248.652724,725.2203894,1869.32524,1971.21683,1269.896359,723.3448254,880.0999004,2997.413591,2468.206371,1557.813013,1552.008453,1337.137466,920.2180882,2968.852853,1555.340974,2339.52,1276.77,471.09,2259.32,1800.63,471.09,2544.56,1315.91,1379.14,1011.92,1383.78,646.44,1084.79,876.98,2826.9,1234.81,1334.69,"1,024.13"
10/1/26,737.5336692,678.0820373,1050.269614,918.7308828,359.6934418,1042.769727,659.0951062,706.3042342,1014.717158,623.0837325,863.3656781,1087.157643,939.3037254,996.6415881,1035.562603,1302.318558,1092.846708,1821.978222,1688.603338,1494.871894,1137.053056,1657.374318,1117.212732,1779.574545,1549.180693,1839.001735,1974.539764,1294.592455,1354.040284,2624.947621,1151.402952,1163.142271,1681.728564,1262.55357,1101.563783,1260.560724,1191.440165,1248.652724,725.2203894,1869.32524,1971.21683,1269.896359,723.3448254,880.0999004,2997.413591,2468.206371,1557.813013,1552.008453,1337.137466,920.2180882,2968.852853,1555.340974,2339.52,1276.77,471.09,2259.32,1800.63,471.09,2544.56,1315.91,1379.14,1011.92,1383.78,646.44,1084.79,876.98,2826.9,1234.81,1334.69,"1,024.13"
10/2/26,737.5336692,678.0820373,1050.269614,918.7308828,359.6934418,1042.769727,659.0951062,706.3042342,1014.717158,623.0837325,863.3656781,1087.157643,939.3037254,996.6415881,1035.562603,1302.318558,1092.846708,1821.978222,1688.603338,1494.871894,1137.053056,1657.374318,1117.212732,1779.574545,1549.180693,1839.001735,1974.539764,1294.592455,1354.040284,2624.947621,1151.402952,1163.142271,1681.728564,1262.55357,1101.563783,1260.560724,1191.440165,1248.652724,725.2203894,1869.32524,1971.21683,1269.896359,723.3448254,880.0999004,2997.413591,2468.206371,1557.813013,1552.008453,1337.137466,920.2180882,2968.852853,1555.340974,2339.52,1276.77,471.09,2259.32,1800.63,471.09,2544.56,1315.91,1379.14,1011.92,1383.78,646.44,1084.79,876.98,2826.9,1234.81,1334.69,"1,024.13"
10/3/26,737.5336692,678.0820373,1050.269614,918.7308828,359.6934418,1042.769727,659.0951062,706.3042342,1014.717158,623.0837325,863.3656781,1087.157643,939.3037254,996.6415881,1035.562603,1302.318558,1092.846708,1821.978222,1688.603338,1494.871894,1137.053056,1657.374318,1117.212732,1779.574545,1549.180693,1839.001735,1974.539764,1294.592455,1354.040284,2624.947621,1151.402952,1163.142271,1681.728564,1262.55357,1101.563783,1260.560724,1191.440165,1248.652724,725.2203894,1869.32524,1971.21683,1269.896359,723.3448254,880.0999004,2997.413591,2468.206371,1557.813013,1552.008453,1337.137466,920.2180882,2968.852853,1555.340974,2339.52,1276.77,471.09,2259.32,1800.63,471.09,2544.56,1315.91,1379.14,1011.92,1383.78,646.44,1084.79,876.98,2826.9,1234.81,1334.69,"1,024.13"
10/4/26,737.5336692,678.0820373,1050.269614,918.7308828,359.6934418,1042.769727,659.0951062,706.3042342,1014.717158,623.0837325,863.3656781,1087.157643,939.3037254,996.6415881,1035.562603,1302.318558,1092.846708,1821.978222,1688.603338,1494.871894,1137.053056,1657.374318,1117.212732,1779.574545,1549.180693,1839.001735,1974.539764,1294.592455,1354.040284,2624.947621,1151.402952,1163.142271,1681.728564,1262.55357,1101.563783,1260.560724,1191.440165,1248.652724,725.2203894,1869.32524,1971.21683,1269.896359,723.3448254,880.0999004,2997.413591,2468.206371,1557.813013,1552.008453,1337.137466,920.2180882,2968.852853,1555.340974,2339.52,1276.77,471.09,2259.32,1800.63,471.09,2544.56,1315.91,1379.14,1011.92,1383.78,646.44,1084.79,876.98,2826.9,1234.81,1334.69,"1,024.13"
10/5/26,737.5336692,678.0820373,1050.269614,918.7308828,359.6934418,1042.769727,659.0951062,706.3042342,1014.717158,623.0837325,863.3656781,1087.157643,939.3037254,996.6415881,1035.562603,1302.318558,1092.846708,1821.978222,1688.603338,1494.871894,1137.053056,1657.374318,1117.212732,1779.574545,1549.180693,1839.001735,1974.539764,1294.592455,1354.040284,2624.947621,1151.402952,1163.142271,1681.728564,1262.55357,1101.563783,1260.560724,1191.440165,1248.652724,725.2203894,1869.32524,1971.21683,1269.896359,723.3448254,880.0999004,2997.413591,2468.206371,1557.813013,1552.008453,1337.137466,920.2180882,2968.852853,1555.340974,2339.52,1276.77,471.09,2259.32,1800.63,471.09,2544.56,1315.91,1379.14,1011.92,1383.78,646.44,1084.79,876.98,2826.9,1234.81,1334.69,"1,024.13"
10/6/26,737.5336692,678.0820373,1050.269614,918.7308828,359.6934418,1042.769727,659.0951062,706.3042342,1014.717158,623.0837325,863.3656781,1087.157643,939.3037254,996.6415881,1035.562603,1302.318558,1092.846708,1821.978222,1688.603338,1494.871894,1137.053056,1657.374318,1117.212732,1779.574545,1549.180693,1839.001735,1974.539764,1294.592455,1354.040284,2624.947621,1151.402952,1163.142271,1681.728564,1262.55357,1101.563783,1260.560724,1191.440165,1248.652724,725.2203894,1869.32524,1971.21683,1269.896359,723.3448254,880.0999004,2997.413591,2468.206371,1557.813013,1552.008453,1337.137466,920.2180882,2968.852853,1555.340974,2339.52,1276.77,471.09,2259.32,1800.63,471.09,2544.56,1315.91,1379.14,1011.92,1383.78,646.44,1084.79,876.98,2826.9,1234.81,1334.69,"1,024.13"
10/7/26,737.5336692,678.0820373,1050.269614,918.7308828,359.6934418,1042.769727,659.0951062,706.3042342,1014.717158,623.0837325,863.3656781,1087.157643,939.3037254,996.6415881,1035.562603,1302.318558,1092.846708,1821.978222,1688.603338,1494.871894,1137.053056,1657.374318,1117.212732,1779.574545,1549.180693,1839.001735,1974.539764,1294.592455,1354.040284,2624.947621,1151.402952,1163.142271,1681.728564,1262.55357,1101.563783,1260.560724,1191.440165,1248.652724,725.2203894,1869.32524,1971.21683,1269.896359,723.3448254,880.0999004,2997.413591,2468.206371,1557.813013,1552.008453,1337.137466,920.2180882,2968.852853,1555.340974,2339.52,1276.77,471.09,2259.32,1800.63,471.09,2544.56,1315.91,1379.14,1011.92,1383.78,646.44,1084.79,876.98,2826.9,1234.81,1334.69,"1,024.13"
10/8/26,737.5336692,678.0820373,1050.269614,918.7308828,359.6934418,1042.769727,659.0951062,706.3042342,1014.717158,623.0837325,863.3656781,1087.157643,939.3037254,996.6415881,1035.562603,1302.318558,1092.846708,1821.978222,1688.603338,1494.871894,1137.053056,1657.374318,1117.212732,1779.574545,1549.180693,1839.001735,1974.539764,1294.592455,1354.040284,2624.947621,1151.402952,1163.142271,1681.728564,1262.55357,1101.563783,1260.560724,1191.440165,1248.652724,725.2203894,1869.32524,1971.21683,1269.896359,723.3448254,880.0999004,2997.413591,2468.206371,1557.813013,1552.008453,1337.137466,920.2180882,2968.852853,1555.340974,2339.52,1276.77,471.09,2259.32,1800.63,471.09,2544.56,1315.91,1379.14,1011.92,1383.78,646.44,1084.79,876.98,2826.9,1234.81,1334.69,"1,024.13"
10/9/26,737.5336692,678.0820373,1050.269614,918.7308828,359.6934418,1042.769727,659.0951062,706.3042342,1014.717158,623.0837325,863.3656781,1087.157643,939.3037254,996.6415881,1035.562603,1302.318558,1092.846708,1821.978222,1688.603338,1494.871894,1137.053056,1657.374318,1117.212732,1779.574545,1549.180693,1839.001735,1974.539764,1294.592455,1354.040284,2624.947621,1151.402952,1163.142271,1681.728564,1262.55357,1101.563783,1260.560724,1191.440165,1248.652724,725.2203894,1869.32524,1971.21683,1269.896359,723.3448254,880.0999004,2997.413591,2468.206371,1557.813013,1552.008453,1337.137466,920.2180882,2968.852853,1555.340974,2339.52,1276.77,471.09,2259.32,1800.63,471.09,2544.56,1315.91,1379.14,1011.92,1383.78,646.44,1084.79,876.98,2826.9,1234.81,1334.69,"1,024.13"
10/10/26,,,,,,,,,,,,,,,,,,,,,,,,,,,,,,,,,,,,,,,,,,,,,,,,,,,,,,,,,,,,,,,,,,,,,,
10/11/26,,,,,,,,,,,,,,,,,,,,,,,,,,,,,,,,,,,,,,,,,,,,,,,,,,,,,,,,,,,,,,,,,,,,,,
10/12/26,,,,,,,,,,,,,,,,,,,,,,,,,,,,,,,,,,,,,,,,,,,,,,,,,,,,,,,,,,,,,,,,,,,,,,