Date,1956,1957,1958,1959,1960,1961,1962,1963,1964,1965,1966,1967,1968,1969,1970,1971,1972,1973,1974,1975,1976,1977,1978,1979,1980,1981,1982,1983,1984,1985,1986,1987,1988,1989,1990,1991,1992,1993,1994,1995,1996,1997,1998,1999,2000,2001,2002,2003,2004,2005,2006,2007,2008,2009,2010,2011,2012,2013,2014,2015,2016,2017,2018,2019,2020,2021,2022,2023,2024,average.56-24,p10,p25,p75,p90
06/03/2024,0,0,0,0,0,0,0,0,0,0,0,0,0,0,0,0,0,0,0,0,0,0,0,0,0,0,0,0,0,0,0,0,0,0,0,0,0,0,0,0,0,0,0,0,0,0,0,0,0,0,0,0,0,0,0,0,0,0,0,0,0,0,0,0,0,0,0,0,0,0,0,0,0,0
06/04/2024,0,0,0,0,0,0,0,0,0,0,0,0,0,0,0,0,0,0,0,0,0,0,0,0,0,0,0,0,0,0,0,0,0,0,0,0,0,0,0,0,0,0,0,0,0,0,0,0,0,0,0,0,0,0,0,0,0,0,0,0,0,0,0,0,0,0,0,0,0,0,0,0,0,0
06/05/2024,0,0.002492532,0,0,0,0,0,0,0,0,0,0,0,0,0,0,0,0,0,0,0,0,0,0,0,0,0,0,0,0,0,0,0,0,0,0,0,0,0,0,0,0,0,0,0,0,0,0,0,0,0,0,0,0,0,0,0,0,0,0,0,0.001156218,0,0,0,0,0,0,0,5.28804E-05,0,0,0,0
06/06/2024,0,0.003833211,0,0,0,0,0,0,0,0,0,0,0,0,0,0,0,0,0,0,0,0,0,0,0,0,0,0,0,0,0,0,0,0,0,0,0,0,0,0,0,0,0,0,0,0,0,0,0,0,0,0,0,0,0,0,0,0,0,0,0,0.002707724,0,0,0,0,0,0,0,9.47962E-05,0,0,0,0
06/07/2024,0.000420425,0.003833211,0,0.009476253,0,0,0,0,0,0,0,0,0,0,0,0,0,0,0,0,0,0,0,0,0,0,0,0,0,0,0,0,0,0,0,0,0,0,0,0,0,0,0,0,0,0,0,0,0,0,0,0,0,0,0,0,0,0,0,0,0,0.003221599,0,0,0,0,0,0,0,0.000245674,0,0,0,0
06/08/2024,0.001274516,0.003833211,0,0.009476253,0,0,0,0,0,0,0,0,0,0,0,0,0,0,0,0,0,0,0,0,0,0,0,0,0,0,0,0,0.000553141,0,0,0,0,0,0,0,0,0,0,0.000673324,0,0,0.000437754,0.000304085,0,0,0,0,0,0,0,0,0,0,0,0,0,0.003221599,0,0,0,0,0,0,0,0.000286578,0,0,0,0.000330819
06/09/2024,0.002049299,0.004546799,0,0.009476253,0,0,0,0,0,0,0,0,0,0,0,0,0,0,0,0,0,0,0,0,0,0,0,0,0,0,0,0.000264535,0.000726754,0.000742633,0,0,0,0.000667386,0,0,0,0,0,0.001034034,0,0,0.000437754,0.000788068,0.000373215,0,0,0,0,0,0,0,0,0,0,0,0,0.005296861,0,0,0,0,0,0,0,0.000382661,0,0,0,0.00072993
06/10/2024,0.005169259,0.005272085,0,0.009476253,0,0,0,0,0,0.003546875,0,0,0,0,0,0,0,0,0,0,0,0,0,0,0,0,0,0,0,0,0,0.000264535,0.000885321,0.00168151,0,0.000942672,0,0.001395443,0,0,0,0,0.001944094,0.002500143,9.53203E-05,0.002240719,0.000661745,0.001582575,0.000726165,0.000408134,8.49849E-05,0,0.000320579,0.000916375,0.001634507,0.000256714,0.001271777,0.001634507,0,0,0.000188523,0.006077556,0,0,0,0,0.000109661,0.000315838,0,0.000747882,0,0,0.000726165,0.002003419
06/11/2024,0.008129186,0.005272085,0,0.009476253,0,0,0.005936483,0,0,0.005537839,0,0,0,0,0,0,0,0,0,0,0,0,0,0.002467019,0,0,0.003551707,0,0.000662141,0.000504212,0,0.001667389,0.001056437,0.00331297,0.001234807,0.001665743,0,0.002090695,0,0,0,0,0.003182123,0.003907273,0.000690256,0.004611077,0.001806047,0.001736837,0.001089652,0.002308638,0.000253657,0,0.000641157,0.001206169,0.005646479,0.000601951,0.002249213,0.005646479,0,0.000197582,0.000471308,0.006334493,0,0,0.000239678,0.000444708,0.000293608,0.000315838,0.000591898,0.001406248,0,0,0.001806047,0.005325236
06/12/2024,0.009641587,0.007060117,0,0.009476253,0.017427776,0.001978707,0.007441175,0,0,0.007034676,0,0,0,0,0,0,0,0,0,0,0,0,0.003437125,0.006386838,0.003630952,0.002023342,0.007009329,0.000724166,0.000662141,0.001035784,0.000735877,0.001667389,0.001056437,0.00405587,0.001650593,0.002008173,0.000768843,0.003791404,0,0.000964314,0.002558637,0,0.003796553,0.004251586,0.00100799,0.007445799,0.001806047,0.002350681,0.001089652,0.002589297,0.000512611,0,0.001166906,0.001503795,0.006474347,0.002115681,0.003010058,0.006474347,0.000302606,0.001177892,0.000471308,0.006848367,0,0,0.000239678,0.000444708,0.000293608,0.000955613,0.000591898,0.002335486,0,0,0.003437125,0.007014398
06/13/2024,0.011804379,0.010484895,0,0.009476253,0.024488907,0.004634356,0.014708966,0,0,0.012918003,0,0.006083914,0,0.002264333,0.00649789,0.00143974,0,0.002763461,0,0,0,0.00364339,0.012075005,0.009990066,0.006940559,0.005045467,0.008918674,0.006646531,0.001290019,0.002470412,0.000735877,0.002033236,0.002690524,0.004748155,0.001650593,0.002703033,0.000768843,0.004777315,0.00131323,0.001209331,0.003152687,0.000248021,0.006349259,0.004251586,0.001319156,0.008298893,0.003209725,0.002818037,0.001272712,0.00445795,0.000512611,0,0.001166906,0.003031086,0.008681993,0.002575996,0.003432132,0.008681993,0.000455874,0.002925732,0.001036878,0.007629062,0,0,0.000239678,0.000444708,0.000293608,0.001166171,0.000981501,0.003852889,0,0.000512611,0.006083914,0.009579016
06/14/2024,0.014356958,0.011867471,0,0.009476253,0.03265568,0.007716807,0.017148475,0,0.000938568,0.024067513,0.001063044,0.009725662,0,0.004511882,0.009614338,0.00359935,0,0.006153247,0,0,0.004204687,0.008090895,0.026190814,0.014101171,0.011045293,0.005045467,0.010277569,0.007359599,0.001927156,0.004472238,0.001300758,0.003651595,0.003526646,0.008887667,0.002224705,0.00411334,0.000768843,0.005468708,0.002578626,0.002146474,0.004934932,0.000735365,0.008824669,0.004251586,0.002124985,0.010853592,0.003441951,0.002818037,0.001606454,0.006344873,0.000638157,0,0.001380625,0.005028314,0.011377868,0.003031886,0.004576176,0.011377868,0.000762411,0.003693262,0.001790971,0.008666693,0,0.000603304,0.000239678,0.000444708,0.000293608,0.002218965,0.001176303,0.005558185,0,0.001063044,0.008666693,0.011475789
06/15/2024,0.017070568,0.012789188,0,0.010147504,0.049990051,0.010000973,0.024179592,0,0.004963793,0.030837714,0.004009177,0.012054947,0.002011877,0.005915578,0.012567451,0.004777095,0.003008355,0.007310189,0,0,0.005029237,0.011559268,0.035173696,0.017878632,0.013128702,0.005300361,0.011569213,0.009526483,0.001927156,0.005900107,0.001835224,0.00480647,0.005177889,0.010085986,0.003344163,0.006260612,0.000768843,0.005468708,0.002999661,0.002640276,0.009051275,0.001734261,0.010091651,0.004251586,0.002921692,0.013558208,0.003906403,0.003049431,0.002846251,0.008587613,0.00072515,0.001664891,0.00159007,0.005631398,0.017151712,0.003204504,0.006814282,0.017151712,0.000915679,0.003989635,0.002168018,0.009674678,0,0.000603304,0.000239678,0.000444708,0.000293608,0.002218965,0.002157804,0.007371781,0.000414488,0.002011877,0.010085986,0.017086797
06/16/2024,0.019521824,0.014240527,0.003243766,0.015366067,0.054369875,0.010315394,0.034478764,0,0.009264016,0.033889774,0.006855573,0.02126043,0.008350603,0.011935797,0.014326127,0.005253288,0.003531236,0.009177077,0,0.001520349,0.008756669,0.014065549,0.050142471,0.023327952,0.019583726,0.007014413,0.012838055,0.012601744,0.002952585,0.00746512,0.002108769,0.005582521,0.00676356,0.013155534,0.005050961,0.010147531,0.000768843,0.006958686,0.003414365,0.002883436,0.012186129,0.003159266,0.014791045,0.004251586,0.003606006,0.015391687,0.004679359,0.004351799,0.004292278,0.00977932,0.000888824,0.003795218,0.002128642,0.005936856,0.020993865,0.003713507,0.00724191,0.020993865,0.001375483,0.004407596,0.004241774,0.011245948,0,0.000603304,0.000239678,0.000444708,0.000293608,0.002534803,0.003521417,0.009616992,0.000735735,0.003243766,0.012838055,0.020993865
06/17/2024,0.024378672,0.019012425,0.008081706,0.020087072,0.056916867,0.011547844,0.041477974,0.007398254,0.012373023,0.037501363,0.008637508,0.024534242,0.018614466,0.020299035,0.015551424,0.006198348,0.004369442,0.012170826,0.014961265,0.008140797,0.009369039,0.016843928,0.061130061,0.028109261,0.030991187,0.007845878,0.015333332,0.015689705,0.003266853,0.010508339,0.002384485,0.009922359,0.007604142,0.01509791,0.005902024,0.013081125,0.002234766,0.008402579,0.003414365,0.003864758,0.015006857,0.004588346,0.015668802,0.004251586,0.006639213,0.022516914,0.005165248,0.00545341,0.004292278,0.011689289,0.001052823,0.009167303,0.002859561,0.00798891,0.022225053,0.00456332,0.010135342,0.022225053,0.002295092,0.004703969,0.00574996,0.012273698,0.000281837,0.000603304,0.000239678,0.000444708,0.000293608,0.002534803,0.004885029,0.012362951,0.002283027,0.00456332,0.015668802,0.024409786
06/18/2024,0.029693229,0.023336158,0.013919998,0.02173896,0.063697166,0.012171574,0.045627882,0.008249875,0.014211574,0.048236776,0.011421694,0.025664928,0.034704455,0.03463152,0.017329713,0.007954145,0.00781547,0.017400185,0.024158684,0.011718202,0.009900226,0.020523316,0.071003058,0.032247663,0.03610337,0.007845878,0.019930998,0.018820541,0.003497644,0.014226773,0.002636225,0.012824512,0.008501193,0.017284774,0.007828408,0.017479381,0.002628197,0.010016922,0.003848662,0.005040232,0.016629985,0.00482167,0.028479493,0.006329515,0.011452835,0.027787716,0.005165248,0.006687637,0.005112218,0.015328472,0.001309754,0.011479436,0.003308371,0.010369918,0.02547284,0.004899704,0.011829193,0.02547284,0.003112522,0.004703969,0.00574996,0.012273698,0.000281837,0.000603304,0.000239678,0.000444708,0.000431568,0.005077704,0.006458429,0.015321513,0.00263462,0.005112218,0.020523316,0.032724434
06/19/2024,0.032889008,0.033380943,0.026690207,0.024869383,0.065462337,0.012775659,0.047050287,0.010017826,0.016026535,0.049718242,0.012129027,0.028553972,0.051837202,0.042364335,0.018239808,0.009085379,0.015451406,0.019738011,0.033529812,0.01453698,0.010271832,0.021374023,0.077727669,0.037373789,0.039129701,0.008622697,0.025030782,0.024712591,0.005841094,0.01734278,0.003469991,0.0155112,0.010526539,0.020725897,0.010924781,0.021926912,0.003790333,0.014003618,0.007677558,0.005722275,0.019412034,0.006654536,0.037721717,0.006656489,0.013586921,0.037073374,0.00578455,0.008167326,0.005665526,0.016375104,0.001557863,0.013383017,0.005526775,0.011936371,0.027659258,0.005908858,0.012695557,0.027659258,0.00495174,0.007302931,0.009737953,0.012273698,0.000281837,0.000603304,0.000239678,0.000889416,0.000431568,0.006608304,0.007634732,0.018267132,0.003726265,0.006656489,0.025030782,0.038003314
06/20/2024,0.037881426,0.040662672,0.033040282,0.027289668,0.071446769,0.015170797,0.047050287,0.010916759,0.018656652,0.053687956,0.013693952,0.034278716,0.06443125,0.053118968,0.020893526,0.009799668,0.023458287,0.024496481,0.045070353,0.016159567,0.010630798,0.02333651,0.0827367,0.042029991,0.04497039,0.012489305,0.02803789,0.028619628,0.007667595,0.017874352,0.004004456,0.017539988,0.012379315,0.024663007,0.01350942,0.024148666,0.005616588,0.019444265,0.012034628,0.007080949,0.023116005,0.009133751,0.048085996,0.00967204,0.019233817,0.042907962,0.009670903,0.011410781,0.007553548,0.018008103,0.002144218,0.017385141,0.006005505,0.01352632,0.031458957,0.007542092,0.014611553,0.031458957,0.006095356,0.008488422,0.010020738,0.014220492,0.000281837,0.000603304,0.000239678,0.000889416,0.000711026,0.010544132,0.009013329,0.021507998,0.005294161,0.009670903,0.028619628,0.04546634
06/21/2024,0.040761807,0.050464651,0.048262338,0.027773427,0.072350881,0.016028147,0.048936323,0.01411395,0.024691468,0.061643454,0.016430657,0.039412287,0.083034876,0.059890022,0.021781814,0.011007156,0.031301802,0.026230687,0.048864907,0.019544009,0.010630798,0.025603579,0.086119697,0.045161141,0.050644947,0.015540126,0.033119676,0.030706813,0.00858184,0.019486355,0.004812368,0.020210337,0.015111366,0.028363671,0.014358318,0.026077971,0.007461024,0.023027926,0.017445941,0.009563053,0.028657698,0.016243388,0.059369878,0.011049535,0.022289507,0.050151964,0.011881452,0.016428826,0.008930717,0.025878512,0.00253422,0.022442562,0.006492785,0.014090243,0.03417606,0.009321389,0.015850008,0.03417606,0.006704499,0.008875987,0.013138623,0.017027038,0.000281837,0.000603304,0.000239678,0.001334124,0.000990484,0.014957767,0.010759053,0.024919258,0.006156702,0.011007156,0.033119676,0.05050071
06/22/2024,0.044667554,0.056117326,0.061830797,0.028275792,0.072350881,0.016613787,0.05180009,0.019447664,0.036404468,0.073122357,0.022337136,0.040823779,0.10679668,0.066010163,0.025969775,0.011247113,0.03385336,0.029915505,0.053457605,0.0219287,0.011725903,0.028351205,0.096278198,0.048344732,0.056904828,0.0200868,0.04639772,0.033768896,0.009036348,0.020582615,0.005232613,0.023179693,0.017149631,0.03079827,0.014358318,0.028240479,0.009012721,0.025173095,0.022543809,0.013749553,0.034449721,0.017304474,0.070855741,0.012760747,0.030379943,0.05347996,0.017119566,0.021306058,0.015730941,0.032868601,0.003489374,0.025756488,0.006492785,0.01546089,0.03417606,0.011012163,0.018204739,0.03417606,0.007631968,0.009658715,0.017670432,0.018825599,0.000831057,0.000603304,0.000239678,0.001334124,0.001818246,0.017751719,0.011635661,0.028650881,0.00624075,0.013749553,0.034449721,0.057890022
06/23/2024,0.046023424,0.063621131,0.077055557,0.03327661,0.076750247,0.021379262,0.06631115,0.026763665,0.04408094,0.082698103,0.024520314,0.041672853,0.136733743,0.072482134,0.026241791,0.011612761,0.038341819,0.033293642,0.063531595,0.023249245,0.01373289,0.033178117,0.108236845,0.053255392,0.065025345,0.02374691,0.051813459,0.036621385,0.009917697,0.025067041,0.005232613,0.024911569,0.017882898,0.034385432,0.016476537,0.029733768,0.011047437,0.026602638,0.02383652,0.018254716,0.041718321,0.027420062,0.077751954,0.017254399,0.03790433,0.06127256,0.020032303,0.024727014,0.025257846,0.040350371,0.004997083,0.027668682,0.008099952,0.016643561,0.039822539,0.014044049,0.024235962,0.039822539,0.00995064,0.011436952,0.025660919,0.020377105,0.001018948,0.00140771,0.000599194,0.001630596,0.003272136,0.02269175,0.012519761,0.033307079,0.007526484,0.016643561,0.041672853,0.067545347
06/24/2024,0.053908409,0.066228367,0.089079669,0.034932635,0.07851553,0.024922724,0.077231949,0.029924432,0.046901649,0.096195715,0.036541954,0.043760524,0.143549154,0.074983535,0.027736633,0.012310817,0.047460773,0.033993476,0.067733663,0.023249245,0.014821703,0.036524214,0.112032963,0.060148816,0.06983854,0.030653953,0.059916613,0.039162244,0.01126136,0.034231625,0.008382043,0.027299239,0.022942651,0.038014381,0.018039971,0.031180704,0.019294209,0.029277851,0.02752378,0.022949756,0.0585694,0.032797338,0.088082318,0.021799337,0.050240683,0.063376739,0.030134889,0.032959947,0.027271771,0.04400545,0.005894099,0.032493456,0.009053139,0.017794904,0.041074954,0.01568171,0.024235962,0.041074954,0.010976357,0.013177193,0.035616399,0.024922919,0.001206839,0.001809913,0.001309009,0.001630596,0.007538293,0.029146184,0.013696064,0.037684468,0.00891892,0.019294209,0.047460773,0.075433218
06/25/2024,0.061232406,0.073335845,0.107201925,0.03825129,0.082487166,0.027068531,0.084271305,0.03480525,0.05435107,0.106810939,0.048606045,0.051307021,0.145566859,0.075297088,0.034583609,0.012310817,0.052671253,0.035173045,0.074720933,0.024474809,0.01917056,0.038528681,0.115667076,0.062979924,0.076551333,0.036275415,0.073708943,0.043836156,0.013010334,0.042462265,0.012253785,0.032947764,0.025472227,0.040222852,0.0197355,0.032196126,0.024818029,0.034303245,0.032615071,0.029879457,0.063693444,0.035426373,0.098104463,0.025931337,0.063828259,0.070890159,0.038250414,0.038307294,0.032530011,0.04899346,0.006788336,0.036314463,0.010207222,0.020739836,0.042667006,0.018664908,0.025452203,0.042667006,0.014965259,0.014058712,0.043179083,0.027502174,0.001958404,0.002212116,0.001309009,0.001630596,0.010368248,0.031680987,0.013696064,0.042219983,0.011876677,0.024474809,0.05435107,0.0777385
06/26/2024,0.075548261,0.082459038,0.112528355,0.039279754,0.085022591,0.028939721,0.086153488,0.041330139,0.065487328,0.119332646,0.064731233,0.055068499,0.146557201,0.081608428,0.038680343,0.01336343,0.056030525,0.036704855,0.085061009,0.025403446,0.021712756,0.04206481,0.126712072,0.070142071,0.082966868,0.053420595,0.085984455,0.050156882,0.014084746,0.054927301,0.018642406,0.040424157,0.02806656,0.043347813,0.022668393,0.035143888,0.034881194,0.039591942,0.03484988,0.039723626,0.072978021,0.038833904,0.111053358,0.029330094,0.081064355,0.083564867,0.042828018,0.051400354,0.04310166,0.056813536,0.008621761,0.040344509,0.01287871,0.022298456,0.051391454,0.020435352,0.02778472,0.051391454,0.016945955,0.017691179,0.05158287,0.031287058,0.002334186,0.002614318,0.002028042,0.002075304,0.014188687,0.035260485,0.014662581,0.048051999,0.013940483,0.025403446,0.065487328,0.085245698
06/27/2024,0.094244465,0.091821098,0.118377778,0.042437168,0.085022591,0.029899322,0.086153488,0.052350079,0.076658011,0.127829478,0.076473778,0.060043002,0.148995814,0.087872197,0.048114716,0.016701019,0.058145685,0.039988579,0.099899992,0.026923795,0.026552875,0.061902888,0.143676416,0.076499002,0.094484735,0.060162093,0.098644988,0.066429134,0.019579764,0.060335056,0.022156974,0.049637869,0.030632113,0.047827008,0.023803213,0.037699762,0.04074529,0.052518665,0.036112986,0.042682938,0.080960911,0.047906592,0.128389636,0.033044991,0.090799227,0.092760444,0.044856205,0.05758764,0.046904414,0.061651062,0.009740442,0.04473885,0.014609834,0.023089515,0.055743064,0.02891578,0.031911053,0.055743064,0.017877354,0.019636601,0.059558856,0.034083722,0.002890633,0.002614318,0.002028042,0.002075304,0.015012912,0.037139317,0.014857383,0.053871927,0.014981806,0.02891578,0.076499002,0.095316785
06/28/2024,0.105131382,0.093683266,0.136211781,0.051638462,0.0884885,0.035769749,0.086153488,0.066625439,0.092147072,0.134249161,0.077221041,0.063346432,0.150005871,0.097991517,0.060782494,0.018838479,0.059010774,0.045008031,0.12019232,0.027940456,0.029253403,0.075964192,0.171626225,0.080166419,0.116125811,0.065297091,0.116607862,0.07492012,0.022294616,0.069417009,0.028604971,0.061344224,0.032470546,0.056859625,0.030277267,0.040356176,0.045169614,0.062511126,0.044101372,0.042939715,0.082650178,0.055985594,0.142749855,0.039285981,0.092611787,0.09844926,0.056818879,0.064179649,0.052260247,0.064762691,0.013806531,0.047404425,0.017589078,0.026183259,0.068203528,0.030628685,0.034760056,0.068203528,0.019421825,0.021977187,0.06218368,0.037453554,0.00317247,0.00422313,0.002507398,0.002976123,0.016374828,0.037770993,0.018131551,0.06028216,0.018023057,0.030628685,0.080166419,0.116222222
06/29/2024,0.121195531,0.099936654,0.151876387,0.057679973,0.09049889,0.04291226,0.086642917,0.082066908,0.098762494,0.137189474,0.082213694,0.066140706,0.159454359,0.105318093,0.062851172,0.022399362,0.0602909,0.048677453,0.144396681,0.030617915,0.032073067,0.084537392,0.191586822,0.083247458,0.133443023,0.070917631,0.12406114,0.079204009,0.022997978,0.075094358,0.031168062,0.073820152,0.03870339,0.059941266,0.033644683,0.042983175,0.049334642,0.073825071,0.047930168,0.047351335,0.093225233,0.068852902,0.169948597,0.043504379,0.095518468,0.116247484,0.061921087,0.071498893,0.05993756,0.071911248,0.021641251,0.049553315,0.02696707,0.03030303,0.072873549,0.03196537,0.038492083,0.072873549,0.023619015,0.026589964,0.076366431,0.05277097,0.00401798,0.006249613,0.002507398,0.002976123,0.017344087,0.040500158,0.018985682,0.066900712,0.02224774,0.033644683,0.084537392,0.125937517
06/30/2024,0.146578927,0.107289911,0.183085462,0.061985087,0.095691613,0.049061831,0.0876063,0.101261618,0.105991396,0.143609157,0.091522856,0.074226962,0.176767339,0.10564176,0.06345003,0.023595425,0.061570088,0.061566491,0.148028418,0.030825343,0.033761642,0.091974974,0.209269676,0.094805507,0.149665756,0.082246722,0.143158884,0.084758908,0.026100493,0.080238764,0.039531933,0.078718003,0.044962208,0.070985511,0.040795667,0.045923716,0.05049419,0.078822532,0.053439899,0.055148788,0.102941503,0.071274689,0.175899637,0.04804982,0.099076914,0.143595591,0.071087044,0.090299262,0.066054479,0.076044747,0.028575082,0.050930195,0.034190774,0.034994557,0.076100108,0.034634315,0.042729489,0.076100108,0.031978024,0.029705679,0.091129254,0.056832556,0.00486349,0.007054019,0.003475327,0.002976123,0.019760161,0.045974684,0.023653433,0.074117983,0.025611081,0.040795667,0.094805507,0.144203111
07/01/2024,0.156522526,0.119323853,0.204844121,0.066021166,0.103356174,0.058220581,0.089032496,0.108292758,0.120360368,0.150962529,0.106665705,0.091041399,0.185230267,0.10857402,0.067904648,0.026359521,0.064655776,0.073962921,0.149183712,0.032874258,0.033761642,0.107072335,0.234404102,0.098873258,0.170061509,0.090579409,0.15721415,0.089752553,0.029471222,0.081042521,0.048536613,0.081223198,0.050410436,0.076761997,0.045527594,0.048137571,0.051545968,0.085058099,0.060563175,0.080939377,0.108504174,0.073198439,0.189376106,0.058093986,0.101855844,0.173274971,0.07771257,0.097200743,0.074254509,0.081256585,0.034253606,0.051657055,0.039149056,0.051316995,0.084591055,0.04687251,0.047150164,0.084591055,0.041897224,0.031491515,0.098438157,0.064145387,0.005427163,0.012329064,0.006323805,0.011836074,0.023219781,0.049286935,0.028223782,0.08190223,0.029221734,0.048137571,0.103356174,0.156660851
07/02/2024,0.162698379,0.12931477,0.234810778,0.069972669,0.110296158,0.076449664,0.094168577,0.108753187,0.129316779,0.161477593,0.125970001,0.12549848,0.187598131,0.112404026,0.08817654,0.029558711,0.073249391,0.086878708,0.14955393,0.034714367,0.034547893,0.115220328,0.270167338,0.103796414,0.178747666,0.100167334,0.173932647,0.097768496,0.032823441,0.081217006,0.059642531,0.082388362,0.061166176,0.0844471,0.046320827,0.052073548,0.05354435,0.095620523,0.068673719,0.090858163,0.113155804,0.091003916,0.203801912,0.070350847,0.104706447,0.195886489,0.085026026,0.097893444,0.091493657,0.083084023,0.039692262,0.054483438,0.041140918,0.076936332,0.09212677,0.049678664,0.051965146,0.09212677,0.052358758,0.03471362,0.106102354,0.067999447,0.010464091,0.017201906,0.007042838,0.020741636,0.029856026,0.056761769,0.039821981,0.090602927,0.034203003,0.052358758,0.110296158,0.164945233
07/03/2024,0.171358096,0.138593543,0.259970134,0.088594482,0.118705149,0.084142823,0.097730627,0.109662966,0.13912445,0.169565383,0.151792994,0.140215963,0.18825836,0.116869254,0.108478544,0.03170158,0.078228599,0.093217003,0.152869527,0.035338295,0.035400709,0.134930218,0.285267803,0.105932893,0.209312534,0.116479582,0.18599909,0.106783101,0.04043892,0.081217006,0.06354963,0.086516525,0.068339175,0.09054094,0.046886071,0.054322266,0.055568517,0.105656295,0.076090911,0.113040181,0.131769843,0.106805059,0.21235376,0.079919139,0.110265605,0.204551392,0.111524974,0.100605146,0.102225058,0.089309868,0.055297006,0.056879872,0.041615374,0.104615553,0.103780594,0.052909725,0.053625675,0.103780594,0.056033263,0.041233823,0.116297113,0.075173927,0.012436948,0.020249366,0.008010767,0.036146776,0.038784534,0.070188936,0.04974938,0.099751148,0.038256983,0.055568517,0.116869254,0.174286295
07/04/2024,0.203370778,0.179235243,0.266023949,0.110069943,0.128142842,0.090570307,0.104819317,0.112711513,0.156233355,0.169565383,0.162465156,0.147297062,0.207336049,0.120957426,0.114241876,0.038291942,0.080234791,0.096025334,0.1605915,0.036586151,0.036487358,0.144965657,0.295709189,0.111027399,0.222521276,0.130000174,0.20903683,0.114024319,0.060759038,0.082268069,0.064984844,0.094240045,0.076859744,0.096916197,0.051304359,0.061840926,0.060860764,0.112656677,0.089275899,0.137226214,0.150999744,0.119469784,0.230199553,0.0965074,0.121800184,0.215262917,0.126261429,0.103308813,0.126121071,0.109690283,0.071771968,0.059514089,0.044239844,0.124446846,0.113990957,0.057344688,0.056469125,0.113990957,0.069611249,0.051105319,0.120828922,0.085075895,0.019331108,0.022678052,0.008370284,0.054733289,0.049082033,0.090807493,0.057054447,0.110258009,0.048113595,0.061840926,0.130000174,0.204163832
07/05/2024,0.231315706,0.225688627,0.274737781,0.119065116,0.13651685,0.10156487,0.118693141,0.117879601,0.177905834,0.178562745,0.16992782,0.153998384,0.217026398,0.141342706,0.12886082,0.040189781,0.083348073,0.099604936,0.166245837,0.039908406,0.037861624,0.15114439,0.300349617,0.120390672,0.237922688,0.145767385,0.218544611,0.138742522,0.072275832,0.083670664,0.069342576,0.104940213,0.082956664,0.114283996,0.056550383,0.070606312,0.076806022,0.13218394,0.09771064,0.141492682,0.156039223,0.169929479,0.254374235,0.108439704,0.136633485,0.232836627,0.146247216,0.118313533,0.143898947,0.127131264,0.088481748,0.063780003,0.051549036,0.143267777,0.145556051,0.061345892,0.058751659,0.145556051,0.085594366,0.059996504,0.128551126,0.088900308,0.025307491,0.026328816,0.010518165,0.06783507,0.054557996,0.112584122,0.065880467,0.12252338,0.053956204,0.072275832,0.146247216,0.219973414
07/06/2024,0.257472061,0.242333759,0.295653544,0.120803974,0.145498857,0.128987388,0.146180156,0.127161265,0.186276774,0.183934927,0.189731983,0.162692302,0.247425501,0.161169595,0.135012673,0.048403965,0.086221577,0.10279236,0.198597645,0.046530161,0.040297069,0.157475082,0.31132846,0.128030514,0.255592229,0.16011476,0.222014873,0.147744896,0.084184742,0.088095978,0.075104438,0.108789082,0.09307113,0.125122515,0.06709893,0.108670493,0.084087398,0.14378696,0.103111297,0.14354554,0.164859634,0.181362233,0.281215105,0.120291081,0.147449737,0.247960564,0.217161437,0.124333952,0.153474834,0.129957671,0.114880397,0.067647783,0.058845404,0.15240803,0.151987943,0.069658127,0.059384771,0.151987943,0.107499921,0.06429771,0.134605624,0.108032256,0.025863938,0.034465689,0.015413121,0.08035531,0.059588242,0.133591403,0.082123939,0.134794937,0.059276898,0.084184742,0.161169595,0.243352107
07/07/2024,0.279678199,0.276571256,0.304956863,0.123563001,0.149990254,0.156456748,0.157201266,0.132021614,0.189648114,0.189601208,0.207222423,0.181693875,0.283447459,0.178517452,0.142978365,0.05078868,0.088203698,0.114668804,0.237050877,0.048418307,0.041662779,0.165688857,0.338771166,0.145464534,0.313820018,0.175876146,0.225814154,0.154767113,0.105107816,0.094455586,0.078808055,0.120477698,0.110766385,0.154323132,0.073472634,0.154324812,0.093308294,0.169076568,0.106014653,0.159279422,0.195346103,0.186075574,0.292243062,0.129331504,0.15749335,0.254582725,0.258782576,0.132596435,0.166769565,0.139395984,0.124708236,0.071116216,0.069001334,0.153606366,0.15442909,0.082489422,0.061061962,0.15442909,0.13081633,0.07653259,0.148940644,0.121630168,0.038069635,0.040560609,0.017551784,0.087915346,0.068576886,0.154315239,0.110422645,0.148590562,0.067073901,0.094455586,0.178517452,0.262340312
07/08/2024,0.287327642,0.309487552,0.313899935,0.130641341,0.153556353,0.179571874,0.160474336,0.135610613,0.190882866,0.212955514,0.217820455,0.202259943,0.287671979,0.185741714,0.158103131,0.059770349,0.0897718,0.131217377,0.24178852,0.04905376,0.04653367,0.177296298,0.381937005,0.1511847,0.330923931,0.198613082,0.230360215,0.171331565,0.117788367,0.099701051,0.084186689,0.132963164,0.153115018,0.177677351,0.080535435,0.181604431,0.104727333,0.192711943,0.109685568,0.176824196,0.211528893,0.196865192,0.305797237,0.145886498,0.161449593,0.278016762,0.276784512,0.138134756,0.172623634,0.145779934,0.142423355,0.074636169,0.074506736,0.162629134,0.165042773,0.093253722,0.067698528,0.165042773,0.16473182,0.086890441,0.16817727,0.129219701,0.04907572,0.04616051,0.021783018,0.090959885,0.075209594,0.17990622,0.125384921,0.161056628,0.073145095,0.104727333,0.192711943,0.279878938
07/09/2024,0.294581738,0.351108854,0.32129447,0.142045098,0.160250226,0.210208139,0.162356626,0.142354314,0.19387063,0.227462076,0.230743456,0.224934817,0.290963578,0.194708767,0.184976481,0.066187746,0.092944706,0.155020791,0.244704683,0.050935652,0.049533499,0.198871534,0.439680561,0.154833232,0.33811774,0.222938298,0.23781735,0.190374165,0.125532888,0.106981588,0.093014677,0.142724963,0.19920614,0.226231355,0.083478939,0.189578556,0.132988801,0.207600756,0.1298461,0.199881716,0.224602297,0.210899203,0.330827495,0.15686083,0.178987834,0.288894151,0.281694761,0.175072269,0.182981653,0.155320442,0.157819315,0.088787304,0.080892662,0.171636238,0.1731304,0.115561319,0.075823462,0.1731304,0.192155029,0.095530849,0.18056905,0.141226579,0.063225368,0.055689623,0.025654735,0.094015827,0.081821076,0.209092897,0.163895736,0.175893978,0.079878822,0.125532888,0.210899203,0.289308036
07/10/2024,0.302792507,0.373817815,0.330844616,0.155232241,0.165354329,0.214354869,0.16747299,0.145441289,0.196599697,0.23878279,0.243965197,0.23686494,0.291959079,0.216395881,0.206424258,0.078010842,0.094948822,0.244217025,0.246865473,0.052482838,0.053252849,0.217700322,0.464959132,0.165900291,0.35118445,0.260646273,0.247042687,0.203383126,0.138321744,0.130708693,0.098549627,0.154674654,0.20468367,0.251281833,0.090321445,0.205664439,0.160306668,0.22690732,0.163421006,0.227937009,0.244452548,0.219825357,0.343453828,0.169487529,0.191950415,0.294080768,0.299619058,0.230905701,0.205893454,0.163748999,0.164399956,0.109202587,0.09810132,0.187371257,0.208601329,0.14107342,0.165841955,0.208601329,0.222969787,0.112560889,0.195484142,0.161860621,0.073234185,0.05811831,0.035509177,0.096684075,0.096013301,0.23380925,0.181839978,0.193251728,0.094023347,0.145441289,0.23686494,0.295188426
07/11/2024,0.328847418,0.415735633,0.349829474,0.171279614,0.200737995,0.219521688,0.176603225,0.14740189,0.204325922,0.255959707,0.250628797,0.240532064,0.301325673,0.240611948,0.245280857,0.082525337,0.098789668,0.31076354,0.261105741,0.054870488,0.053658757,0.260988036,0.486633988,0.193402832,0.374502484,0.284026714,0.272786443,0.216114622,0.169609241,0.145227936,0.105333053,0.176972283,0.215745614,0.259264525,0.096793202,0.2140856,0.200094213,0.256715734,0.19606808,0.242258662,0.261554535,0.234476994,0.357190717,0.182394525,0.205210246,0.302101989,0.320642249,0.252056389,0.230744089,0.176568546,0.177361963,0.171998825,0.122610621,0.196863961,0.223863805,0.172830763,0.235745267,0.223863805,0.23341953,0.121110106,0.200422002,0.198118428,0.082339678,0.064599963,0.050323104,0.102716139,0.110782129,0.264089212,0.196300264,0.212308095,0.098390375,0.171998825,0.256715734,0.312739282
07/12/2024,0.353767672,0.462598553,0.362375813,0.187786245,0.215208463,0.225611567,0.182680977,0.151322855,0.206156473,0.268507046,0.259554739,0.243083593,0.310606325,0.257897513,0.28976329,0.08634988,0.099221971,0.378494622,0.280688426,0.056117829,0.058068389,0.285825061,0.49370576,0.20960399,0.391782089,0.30436263,0.286871476,0.222693806,0.183784139,0.167249833,0.112479004,0.194555103,0.228182665,0.270668757,0.100102185,0.238948342,0.236764872,0.277194586,0.220920472,0.254892938,0.265109415,0.280934418,0.370458303,0.193918515,0.223848062,0.31740279,0.340635403,0.262953795,0.242637607,0.201651317,0.192529532,0.226932308,0.16564509,0.215097473,0.250122057,0.199475949,0.281884674,0.250122057,0.242855346,0.127440326,0.208281973,0.229889715,0.096388154,0.067848524,0.060555499,0.117083628,0.122356645,0.281516995,0.226374664,0.230121742,0.099926142,0.187786245,0.280688426,0.343261857
07/13/2024,0.369603808,0.501700899,0.386100867,0.190105403,0.234103322,0.257725426,0.190273427,0.159259407,0.211051805,0.283617725,0.288797615,0.247830464,0.319045765,0.278303048,0.324392686,0.095427177,0.101836707,0.426076287,0.306284656,0.060654573,0.058899433,0.297366702,0.503743261,0.218480485,0.403488999,0.334031739,0.293264868,0.240180941,0.213664174,0.20659572,0.123039065,0.213376882,0.234393792,0.293994668,0.122969077,0.265085912,0.247183282,0.284126954,0.232019962,0.270222836,0.28878933,0.293970931,0.384498342,0.201889244,0.242863468,0.322704944,0.369641499,0.293890436,0.257723371,0.213868387,0.198005886,0.256851804,0.219797223,0.229923949,0.259419644,0.212205442,0.304837751,0.259419644,0.259687333,0.139644809,0.219520861,0.249762827,0.111925306,0.074484871,0.069423575,0.132979087,0.134284906,0.310784655,0.248821824,0.247100597,0.120760323,0.20659572,0.293970931,0.369611347
07/14/2024,0.389993823,0.51314302,0.3952308,0.191792935,0.25416623,0.288030776,0.197365206,0.183268229,0.214811414,0.299521294,0.338436528,0.301313521,0.326668416,0.282891012,0.342924136,0.105121647,0.105966011,0.473329277,0.344822706,0.067096349,0.062964167,0.306536941,0.515658752,0.237382465,0.433653433,0.344444471,0.31814278,0.271180591,0.25752991,0.220147228,0.12963274,0.223453004,0.273189604,0.325617371,0.148936384,0.278612965,0.250300469,0.298898594,0.254624007,0.300486926,0.341753492,0.300738384,0.397872613,0.221378695,0.252149412,0.34037332,0.404304487,0.302725829,0.282078557,0.231339017,0.208741661,0.269820845,0.29091865,0.246442194,0.292109788,0.218039056,0.322087269,0.292109788,0.293815041,0.153513538,0.225945154,0.268588426,0.134869705,0.081987501,0.090690364,0.149410477,0.154996639,0.330731044,0.27043733,0.267206586,0.133822312,0.218039056,0.322087269,0.391041218
07/15/2024,0.39799568,0.528774158,0.402713507,0.192138477,0.270721229,0.333809861,0.218776556,0.195581097,0.229512836,0.309258566,0.399402172,0.361570769,0.330250196,0.290902414,0.365842187,0.113794507,0.109077218,0.557830454,0.37366837,0.079003884,0.067423738,0.321921018,0.5478258,0.258718265,0.453879695,0.362396676,0.37426594,0.306474582,0.35542448,0.241595459,0.147220404,0.241948176,0.311433154,0.372273479,0.180545796,0.304278139,0.273115336,0.312205284,0.303431969,0.328409055,0.360469436,0.333989999,0.426833,0.242152434,0.275007436,0.35740762,0.415398111,0.313659154,0.305129652,0.249263916,0.222918802,0.285388659,0.319625393,0.268850302,0.336114118,0.223115805,0.36258976,0.336114118,0.342491433,0.161728386,0.254339661,0.28483477,0.176841694,0.094053586,0.102665032,0.164450729,0.17798295,0.34543776,0.286605879,0.292041597,0.158826789,0.229512836,0.35740762,0.400064439
07/16/2024,0.406739256,0.533251956,0.405709781,0.20503749,0.279382561,0.376095869,0.22507448,0.203576549,0.260149039,0.314329481,0.409766498,0.382781023,0.341594033,0.311860016,0.416895777,0.131923645,0.119546104,0.579627798,0.375485191,0.095187713,0.073571787,0.342621394,0.572976287,0.303932079,0.474788781,0.384500948,0.450276234,0.346539567,0.377769995,0.279363931,0.223780818,0.269174753,0.352570933,0.389580534,0.192581028,0.320666509,0.308331486,0.352344568,0.321547634,0.3377164,0.368502904,0.343744382,0.454676127,0.259414245,0.33158375,0.368429601,0.429778986,0.331270742,0.327398453,0.274206215,0.23416937,0.30221814,0.344344139,0.290365532,0.354794201,0.241417772,0.415021409,0.354794201,0.362993995,0.180650652,0.268188871,0.305290932,0.207793146,0.1145814,0.111376395,0.174758831,0.192366196,0.36593484,0.298503772,0.313872741,0.179472288,0.259414245,0.375485191,0.419472418
07/17/2024,0.425746363,0.548788252,0.414044548,0.217348871,0.285985406,0.401944641,0.228940823,0.224197597,0.268902934,0.328408689,0.415519902,0.417620374,0.372628713,0.341464498,0.447311642,0.184073696,0.140206525,0.617521278,0.378304299,0.109303514,0.088007129,0.353387923,0.600924144,0.325332316,0.485732824,0.401889318,0.539351542,0.392127385,0.397221927,0.308678763,0.249140968,0.337450115,0.369509541,0.402656533,0.224022277,0.333311958,0.381281925,0.37458044,0.329650475,0.353064645,0.377455272,0.355875537,0.474654145,0.30231164,0.368578845,0.382955262,0.452991184,0.35196989,0.345487387,0.292185949,0.250057715,0.313501505,0.368631172,0.317128379,0.386805069,0.258529115,0.443850208,0.386805069,0.379252209,0.20119917,0.278608408,0.331587477,0.230708639,0.131551265,0.115579974,0.208214554,0.235045456,0.414606296,0.312829196,0.337457112,0.206811478,0.268902934,0.397221927,0.44844755
07/18/2024,0.451353749,0.560083714,0.425537019,0.233299796,0.291996242,0.407563436,0.241447498,0.242746209,0.294668569,0.349844542,0.419341834,0.452459181,0.516167194,0.36176836,0.466057764,0.247993947,0.240398682,0.643519444,0.395374225,0.128232386,0.107274131,0.354772727,0.627023417,0.337770197,0.498073747,0.425279746,0.566473506,0.41237492,0.412783636,0.328574916,0.309097606,0.403660028,0.377947087,0.412083064,0.28643298,0.365286477,0.45600285,0.383043913,0.369070411,0.371449331,0.381577803,0.36953859,0.499218941,0.349754784,0.386231745,0.398229647,0.459299265,0.39055466,0.36479094,0.308998176,0.260456077,0.341783024,0.387780399,0.353650227,0.437156382,0.270838128,0.491705681,0.437156382,0.404997328,0.230076525,0.286468379,0.35513677,0.255264565,0.134583256,0.119424036,0.223038154,0.26065655,0.460524291,0.328405847,0.364081522,0.238978905,0.291996242,0.425279746,0.492979294
07/19/2024,0.490055335,0.589802318,0.437077995,0.253393882,0.297054664,0.41463641,0.260375237,0.254302056,0.348888323,0.392185252,0.427030323,0.468344151,0.607608469,0.396706212,0.474881997,0.316918202,0.308427418,0.654042431,0.427680416,0.212979136,0.146277812,0.356178159,0.653552154,0.356466053,0.511397519,0.440174405,0.574864727,0.426203932,0.461164033,0.345778325,0.362827746,0.485981381,0.383622028,0.43271127,0.323141007,0.418097279,0.479669673,0.390572697,0.391942406,0.386071363,0.396030403,0.377311198,0.512407512,0.399085777,0.40956196,0.433697415,0.473114268,0.410814117,0.398979715,0.329057086,0.273888384,0.365159274,0.436499795,0.414193629,0.487040693,0.276304375,0.518485197,0.487040693,0.416115163,0.253193607,0.305929782,0.378103012,0.278541387,0.160664563,0.135298076,0.241567653,0.286872546,0.484357917,0.357693547,0.392117289,0.254120421,0.323141007,0.461164033,0.511599517
07/20/2024,0.510933186,0.63416684,0.454234762,0.261048928,0.309449456,0.453366724,0.275458568,0.26420027,0.392265437,0.405943063,0.429585304,0.475539129,0.628547375,0.430554301,0.477093429,0.367593476,0.322696213,0.662309686,0.505477504,0.360937072,0.178513649,0.362110161,0.679298553,0.371644607,0.523991949,0.457039791,0.593736546,0.451485076,0.51995888,0.380902313,0.422623249,0.507804715,0.388007096,0.447679552,0.361773994,0.458743886,0.494097968,0.397821074,0.397912359,0.406653303,0.414056748,0.394399835,0.561969301,0.462987745,0.429689922,0.488502941,0.506198891,0.423227656,0.415621518,0.346286984,0.28670675,0.381724254,0.507129668,0.45477259,0.52518627,0.297554131,0.52547164,0.52518627,0.43541123,0.279221223,0.321997767,0.400891375,0.312022142,0.185925995,0.167866592,0.25547903,0.305069157,0.508572169,0.38891428,0.419293384,0.278468692,0.361773994,0.494097968,0.525243344
07/21/2024,0.524930819,0.664477266,0.459116396,0.277988351,0.34050291,0.510036745,0.287191929,0.298415931,0.399219137,0.439713294,0.441928896,0.488167343,0.63942977,0.448381011,0.481546591,0.386833969,0.360909277,0.674586058,0.553715324,0.393918507,0.25299608,0.392144001,0.694218801,0.392018352,0.544853772,0.466948429,0.629298322,0.477734933,0.55409497,0.421665113,0.436592475,0.52581952,0.404698211,0.473966265,0.401383544,0.481748548,0.518043702,0.405925499,0.418539979,0.420028791,0.441516728,0.422804825,0.599057187,0.487938751,0.438671322,0.521091096,0.551278904,0.447256665,0.441970103,0.362304232,0.318164179,0.424937047,0.564594447,0.493213343,0.558852873,0.324075386,0.571505529,0.558852873,0.455021693,0.2991314,0.362733298,0.441319472,0.364747286,0.199678238,0.199402649,0.268010673,0.337274046,0.52942558,0.42876623,0.446338042,0.298988306,0.392018352,0.521091096,0.565976663
07/22/2024,0.550628408,0.687467286,0.463302132,0.292562727,0.372209088,0.573929556,0.295354988,0.319289304,0.412599557,0.500699605,0.463343731,0.524232385,0.657007051,0.461745649,0.485595692,0.410538131,0.447106239,0.707886497,0.565771465,0.401625768,0.281782153,0.482531906,0.724755973,0.433858249,0.565097207,0.484473811,0.646119977,0.496680979,0.576641714,0.447529552,0.441851431,0.537739789,0.414774984,0.513791169,0.418521028,0.504247312,0.53524555,0.426194222,0.456475242,0.435029418,0.451014109,0.468541443,0.625133403,0.524590252,0.459229624,0.542780117,0.571796898,0.469735208,0.452880231,0.398566113,0.338423299,0.455360865,0.58042248,0.531207657,0.581905793,0.361059965,0.636982612,0.581905793,0.47022275,0.309322066,0.408065896,0.457951221,0.423665612,0.238382526,0.23460762,0.291283724,0.362308536,0.544998826,0.476215451,0.473402855,0.317295857,0.414774984,0.542780117,0.590551315
07/23/2024,0.584413385,0.700417471,0.473342041,0.329102125,0.391088553,0.610841284,0.304720413,0.355699472,0.421689896,0.551301212,0.490560517,0.573572028,0.666717396,0.473064957,0.499137358,0.435003675,0.527408024,0.722853141,0.575988396,0.410981059,0.311682051,0.569377183,0.760346772,0.456223027,0.576783768,0.525523877,0.662162776,0.531954877,0.588089825,0.466578742,0.455003499,0.549138465,0.443587675,0.5498547,0.427599032,0.516722085,0.563935858,0.460200028,0.493527846,0.465374776,0.466714979,0.508039092,0.642554563,0.543570451,0.491751414,0.577887822,0.591108385,0.487078683,0.46020965,0.428043623,0.350448118,0.472719372,0.608928327,0.565896755,0.59547008,0.384956536,0.676618739,0.59547008,0.496353004,0.321860918,0.421719332,0.470205155,0.473218286,0.284512097,0.264677956,0.327920819,0.388082352,0.560207643,0.523807026,0.499298558,0.346178919,0.435003675,0.573572028,0.61718394
07/24/2024,0.605779075,0.707979504,0.494869946,0.366798584,0.4487101,0.632699881,0.334843114,0.422169922,0.449543903,0.589261672,0.525127874,0.618959278,0.701529061,0.484994786,0.508745409,0.463577823,0.540106324,0.729361968,0.583750567,0.41701226,0.361820788,0.617855632,0.784998991,0.476702329,0.589909017,0.571753105,0.676149712,0.576891894,0.621706314,0.479965721,0.470607563,0.582504284,0.456054345,0.585305415,0.432279878,0.528208903,0.59448117,0.500714626,0.551767716,0.527485213,0.528125448,0.519230085,0.650658896,0.577944342,0.531380058,0.586437578,0.607519991,0.517697913,0.473403467,0.454720884,0.359527027,0.489158532,0.640751094,0.577590326,0.620582054,0.410335853,0.706363884,0.620582054,0.513813783,0.338928954,0.431406529,0.494762432,0.516968015,0.296284265,0.31460467,0.351216675,0.413679295,0.586211644,0.586510725,0.526512756,0.365803024,0.456054345,0.589909017,0.642732655
07/25/2024,0.630323194,0.723951703,0.530907158,0.395878578,0.469787916,0.644836254,0.414773705,0.489553358,0.501193336,0.633729572,0.551323223,0.640762274,0.738589708,0.506905607,0.523092023,0.491915004,0.547940553,0.742518366,0.590515829,0.453960081,0.407464791,0.643025414,0.800923873,0.489286224,0.598509604,0.595969627,0.694833383,0.61159578,0.671366876,0.49038071,0.496621908,0.612907581,0.465130541,0.605546889,0.448774008,0.547953712,0.641422898,0.525074256,0.572527732,0.538655865,0.54927013,0.545715575,0.6711585,0.605047376,0.561993211,0.611462476,0.623761244,0.541701212,0.50170956,0.478934772,0.368212987,0.516951964,0.656036281,0.598745271,0.651213144,0.450330188,0.735825794,0.651213144,0.520313925,0.370671247,0.448837681,0.530249427,0.547095637,0.314120413,0.349145918,0.390077311,0.445710849,0.608903394,0.637406439,0.553076003,0.413311922,0.489553358,0.630323194,0.671200175
07/26/2024,0.652683,0.752492265,0.559237099,0.430352436,0.482455454,0.649638589,0.487842683,0.567549381,0.585774122,0.663722892,0.57410469,0.664742304,0.793144721,0.532792132,0.535529124,0.512810541,0.550443776,0.756616961,0.598454906,0.476778437,0.411271958,0.667700305,0.81318542,0.504454342,0.614020395,0.614523342,0.705082587,0.638793811,0.682604539,0.510210533,0.529049627,0.643626355,0.473274474,0.625014681,0.48488882,0.591900249,0.662196186,0.532429218,0.591783827,0.545876285,0.564359075,0.555517457,0.693611857,0.622931124,0.599022116,0.637626762,0.669662912,0.575831482,0.547217943,0.507572845,0.389768121,0.549948318,0.67462129,0.630340625,0.716359931,0.494290317,0.750620616,0.716359931,0.534355645,0.393529953,0.459097699,0.556704087,0.561057394,0.353737392,0.377243522,0.426497754,0.473087127,0.622686891,0.671841401,0.579631218,0.453348646,0.510210533,0.652683,0.707338056
07/27/2024,0.687712132,0.765000366,0.576802771,0.511635376,0.529716812,0.653195952,0.578686782,0.62467623,0.624775882,0.673412089,0.598898258,0.675900139,0.835934955,0.569275704,0.552338767,0.525875643,0.555089371,0.766241235,0.64465993,0.495448325,0.418862848,0.678003336,0.822433448,0.539428236,0.644840578,0.629724634,0.713745969,0.67737814,0.687780783,0.539892746,0.56858074,0.67242345,0.495730055,0.64760455,0.542898178,0.643887603,0.673167062,0.550999271,0.599906041,0.556399008,0.594053211,0.563139626,0.719824933,0.642852215,0.63570141,0.662308613,0.706219155,0.595064009,0.582501784,0.542367909,0.429788563,0.588547398,0.689444843,0.683106589,0.74595088,0.526671742,0.770074918,0.74595088,0.558548433,0.411745484,0.478174805,0.602745276,0.585497695,0.39268919,0.410125462,0.462701544,0.502996215,0.631449373,0.702365343,0.607414071,0.491993621,0.542898178,0.675900139,0.725050122
07/28/2024,0.727717749,0.786700063,0.584945111,0.655803318,0.57928228,0.656709789,0.683570219,0.674001589,0.634873733,0.692400499,0.623816793,0.691844888,0.847630498,0.592088513,0.570128194,0.542070971,0.566769126,0.790329285,0.728437502,0.509514493,0.426688746,0.690109705,0.831003708,0.570006671,0.687489574,0.639428074,0.722570217,0.712214206,0.708915048,0.586406864,0.583075927,0.691001644,0.535294946,0.661913666,0.577957889,0.677159033,0.677297329,0.563619382,0.640229568,0.575336167,0.624262969,0.585391859,0.748243447,0.648969621,0.667436703,0.696399054,0.720863656,0.619535761,0.592517179,0.555374973,0.45831207,0.614004942,0.742006907,0.726223204,0.781612855,0.548576563,0.787257793,0.781612855,0.576386487,0.450676718,0.496664588,0.637619575,0.625908743,0.418321886,0.463380009,0.48735433,0.528345538,0.642924822,0.724902412,0.635470152,0.506944512,0.575336167,0.696399054,0.754917329
07/29/2024,0.759105799,0.795858605,0.591812588,0.675219338,0.63837993,0.675263405,0.735467248,0.765176409,0.63941385,0.712440779,0.642577396,0.708005671,0.850960718,0.613018164,0.598819935,0.559786903,0.57169922,0.815526186,0.759070189,0.517329571,0.49824564,0.716731549,0.84732247,0.627923549,0.724519182,0.663919379,0.742447215,0.737978936,0.719203587,0.609906334,0.588561652,0.725187297,0.572185094,0.682011149,0.595595858,0.694429391,0.682308403,0.585258372,0.667377952,0.599384029,0.686401353,0.620603014,0.775936907,0.653085969,0.736682648,0.717914392,0.741718187,0.647593974,0.606854211,0.567459356,0.476857815,0.643746393,0.778219464,0.756424415,0.805281369,0.579895721,0.822728712,0.805281369,0.5943503,0.474971693,0.528155227,0.671555064,0.670272731,0.439375657,0.501571733,0.53055942,0.574088224,0.655282999,0.745543909,0.662519437,0.530078581,0.5943503,0.736682648,0.781747292
07/30/2024,0.78907816,0.803649726,0.59885231,0.691515947,0.691538569,0.695258526,0.751018501,0.797736062,0.645897103,0.725752497,0.692727344,0.731894939,0.859593372,0.630529406,0.626555456,0.582763372,0.585908254,0.83662256,0.771532153,0.559686327,0.573382564,0.782378634,0.866142582,0.672558849,0.747646292,0.694175609,0.791635762,0.777650267,0.724877836,0.62245075,0.601196666,0.763742315,0.603071856,0.708396732,0.611825332,0.708739972,0.698451302,0.604336383,0.689427706,0.62880641,0.712364117,0.663877794,0.798480166,0.664612346,0.781871738,0.737405965,0.751510197,0.690526458,0.619597027,0.582323625,0.491440416,0.68635728,0.808828307,0.771846143,0.828397971,0.623453074,0.837540194,0.828397971,0.611948628,0.496348534,0.57838218,0.692910507,0.723886745,0.463074686,0.531890965,0.550548473,0.621210513,0.671463626,0.76446216,0.688753075,0.577382257,0.619597027,0.76446216,0.804685442
07/31/2024,0.812322168,0.807249013,0.604275613,0.70992053,0.721744061,0.710469257,0.756642635,0.820091323,0.651624267,0.744491671,0.746516259,0.757137848,0.881604978,0.645535025,0.644636642,0.600408636,0.606759294,0.849574312,0.781722886,0.604072591,0.643285044,0.844338098,0.884849495,0.67870803,0.759155832,0.73311134,0.804625551,0.802208877,0.730313386,0.63560623,0.616522932,0.803012642,0.67681764,0.746316031,0.647553641,0.717290205,0.712732275,0.611407938,0.692006446,0.651923022,0.725671393,0.695673261,0.812004899,0.682756813,0.806178408,0.76210505,0.773557108,0.713978807,0.672305505,0.602002936,0.505243319,0.710406918,0.826759335,0.78854453,0.866946868,0.667537135,0.860993097,0.866946868,0.627373691,0.507344727,0.619393245,0.702496245,0.766314009,0.496968009,0.57381613,0.568199959,0.666970887,0.683214422,0.783110685,0.712802868,0.60365866,0.645535025,0.783110685,0.830275088
08/01/2024,0.831205471,0.811483607,0.620944031,0.732904936,0.732370817,0.718836866,0.761803829,0.8503813,0.672191825,0.762993767,0.78281976,0.767181165,0.909991631,0.656477506,0.678958728,0.620345929,0.694072622,0.864368038,0.790613214,0.648686297,0.669025969,0.876335443,0.900597977,0.688924326,0.773100651,0.777662017,0.832582402,0.823029496,0.750531234,0.64991717,0.652696111,0.829107121,0.697475753,0.765142284,0.673104023,0.73182314,0.733009283,0.626077496,0.718644232,0.677662453,0.748854711,0.719888032,0.821805844,0.712682012,0.827481127,0.782958243,0.782866003,0.742341746,0.69179626,0.628239183,0.520452292,0.745328991,0.835697066,0.807772739,0.904243351,0.700104456,0.882668844,0.904243351,0.641926306,0.527368893,0.633032179,0.705441142,0.821460059,0.540730772,0.622277123,0.600469794,0.701959744,0.696908836,0.800463029,0.736326696,0.625317422,0.673104023,0.807772739,0.853178648
08/02/2024,0.847955663,0.829133547,0.641915576,0.750876212,0.73631118,0.737669535,0.77245053,0.869037833,0.752222556,0.7823411,0.802267431,0.779050549,0.924564074,0.675887323,0.714015071,0.630930619,0.772541321,0.882366663,0.798239695,0.686274363,0.676354056,0.896568143,0.909234408,0.708350388,0.811356481,0.829876871,0.854357511,0.833590027,0.776098523,0.662027059,0.683884729,0.852446869,0.709624628,0.786777969,0.703088944,0.742284132,0.756233822,0.641511011,0.749439934,0.692088612,0.781382065,0.731258531,0.836078437,0.737611528,0.86192153,0.812408727,0.787475983,0.756068676,0.736384936,0.656381638,0.530024438,0.769434281,0.848674087,0.821628014,0.935850899,0.732698334,0.892276592,0.935850899,0.654120948,0.542863874,0.654074278,0.750365642,0.850706037,0.578212982,0.65704883,0.60856576,0.737373094,0.72233785,0.828267238,0.759544798,0.651642538,0.703088944,0.829133547,0.871703599
08/03/2024,0.8725211,0.845023936,0.669717713,0.784543229,0.742848886,0.762936315,0.789712052,0.897210068,0.867274683,0.809772741,0.819154441,0.786883801,0.939754819,0.711347247,0.748598858,0.64166027,0.81142498,0.908318413,0.830577526,0.758606919,0.678818267,0.90670758,0.919496803,0.74925455,0.836472688,0.84886785,0.867611325,0.854591248,0.786779036,0.684147953,0.706894758,0.858661189,0.724000778,0.818315785,0.740648101,0.751600993,0.776124651,0.670681845,0.764530725,0.7012465,0.796432734,0.74450906,0.847195657,0.764317797,0.891551819,0.831605442,0.802227517,0.779901675,0.751669884,0.683423361,0.535326714,0.781034853,0.860240562,0.836587639,0.944490437,0.775839633,0.902123146,0.944490437,0.67717012,0.57085211,0.686674304,0.780190134,0.860938878,0.612307407,0.702513851,0.620481653,0.772811207,0.739328318,0.843296945,0.782360492,0.675872465,0.739328318,0.847195657,0.898192684
08/04/2024,0.8882985,0.860152946,0.690752303,0.800040528,0.756609728,0.788779859,0.804083886,0.926471939,0.887341079,0.860183032,0.866506454,0.80606945,0.955732422,0.78046845,0.766897602,0.660288373,0.827138757,0.936517041,0.868827133,0.797146133,0.693967765,0.920140739,0.927655232,0.795093416,0.856104358,0.860388609,0.879609687,0.871368633,0.815420849,0.702633224,0.720678542,0.864121486,0.739784253,0.8399558,0.769390719,0.761025701,0.78815366,0.690380414,0.770361716,0.708232435,0.808735098,0.770722829,0.862475308,0.786969903,0.901625385,0.843480573,0.827296959,0.808696861,0.798517119,0.691618993,0.544261039,0.801731877,0.886267268,0.845555582,0.955380076,0.79435848,0.928175139,0.955380076,0.687651303,0.592152959,0.72161637,0.814412206,0.868620735,0.647871419,0.755224514,0.633594837,0.788641268,0.767599874,0.86288951,0.803685455,0.690677925,0.761025701,0.864121486,0.921406979
08/05/2024,0.910923384,0.866947034,0.705816214,0.815304111,0.799308028,0.812842193,0.830257943,0.935635665,0.894342079,0.889009337,0.903892953,0.831358131,0.960122364,0.833094054,0.774401529,0.685744972,0.85392296,0.955916679,0.899045821,0.811550687,0.725900796,0.931671186,0.945644415,0.861367468,0.874804283,0.892856817,0.898873536,0.888784134,0.84938628,0.709355927,0.741931037,0.868104508,0.758192849,0.86199921,0.783860893,0.771872615,0.809285333,0.711139587,0.775882067,0.737206663,0.824829119,0.791094603,0.870905146,0.809904409,0.912794081,0.859859258,0.842584332,0.822573115,0.82864961,0.709869289,0.551971985,0.822219685,0.899295582,0.856982855,0.96308561,0.820990386,0.948129266,0.96308561,0.693121797,0.620695944,0.745595081,0.823405012,0.878954747,0.678841037,0.772711769,0.65284271,0.807219923,0.7919437,0.874202998,0.823274122,0.708647984,0.774401529,0.888784134,0.932464082
08/06/2024,0.931162336,0.875196437,0.716029388,0.831697181,0.836420524,0.831680448,0.871761235,0.944793817,0.897236022,0.922462997,0.932018781,0.865122003,0.964361123,0.852581213,0.785994518,0.717482105,0.902619992,0.963124859,0.906323171,0.82943342,0.78730888,0.949237209,0.952384185,0.882935889,0.889688451,0.928102012,0.90678581,0.90587807,0.876616575,0.720996612,0.778743418,0.879506076,0.772171917,0.889698176,0.786790888,0.77535962,0.818358973,0.77097616,0.799343798,0.745847923,0.844592407,0.818873538,0.883586125,0.830998262,0.924095786,0.879008589,0.851677466,0.837473256,0.864474594,0.733078774,0.565942286,0.835481429,0.913550643,0.872898016,0.968201405,0.853469185,0.963707147,0.968201405,0.708778728,0.641829608,0.773859072,0.824689699,0.896226279,0.70103954,0.799518801,0.668555725,0.820386289,0.814416793,0.896238078,0.842740306,0.72029371,0.78730888,0.902619992,0.945682495
08/07/2024,0.938870723,0.881350579,0.735792338,0.847494192,0.863063582,0.86902246,0.88721549,0.951618471,0.900401555,0.943193223,0.942589746,0.885140196,0.968266464,0.868876462,0.802577103,0.767150157,0.912259343,0.964212483,0.913791093,0.845355695,0.850081378,0.962692524,0.957130846,0.893429738,0.905346682,0.949133825,0.920558258,0.919061886,0.888713195,0.738545914,0.809408387,0.896261943,0.785715237,0.902355309,0.792904488,0.789428998,0.825227084,0.827378234,0.837914956,0.756274034,0.865839361,0.838351528,0.885984167,0.849563819,0.932739503,0.907118709,0.862159931,0.851695407,0.884153783,0.749066619,0.581261828,0.848079827,0.924138285,0.887144905,0.971236919,0.869960873,0.974803263,0.971236919,0.715062722,0.672561193,0.794422611,0.82899834,0.90011418,0.743982427,0.822011634,0.696503911,0.834362729,0.829633709,0.914054949,0.859449976,0.74804978,0.825227084,0.913791093,0.952720946
08/08/2024,0.942695341,0.887626101,0.772344209,0.876680567,0.874226387,0.885098346,0.902638635,0.953594034,0.909453293,0.958403806,0.947273689,0.89797003,0.975332862,0.87850333,0.847631579,0.807948128,0.916557608,0.967632837,0.923956883,0.872684424,0.879649368,0.970947553,0.959755139,0.89909064,0.921263894,0.957344442,0.932347862,0.938372983,0.906837681,0.754539906,0.830337787,0.907517276,0.799630706,0.914738235,0.810340401,0.800989307,0.836214241,0.854670383,0.876065095,0.764165156,0.875225269,0.85729032,0.8949321,0.864759164,0.942220728,0.926814211,0.870565311,0.862930955,0.886156071,0.769085562,0.588019117,0.865476267,0.930041205,0.897162371,0.972828971,0.895481826,0.976802564,0.972828971,0.725323828,0.681315591,0.812999405,0.832219938,0.916590788,0.791272199,0.837009928,0.707975096,0.849842584,0.848745961,0.932770906,0.873880541,0.77169248,0.837009928,0.926814211,0.958674073
08/09/2024,0.943705334,0.905228258,0.822064967,0.901498142,0.878017494,0.895772151,0.920922043,0.960415029,0.911703315,0.961664822,0.955015346,0.905143649,0.984124475,0.896684876,0.916731974,0.838768007,0.921870132,0.97530413,0.937977086,0.893713801,0.892567303,0.974837431,0.962737293,0.907913753,0.926560657,0.966262323,0.939177045,0.941530502,0.913116742,0.777026446,0.845987075,0.914840166,0.808983418,0.918189578,0.834680155,0.813141954,0.846885709,0.889991214,0.888702816,0.77472664,0.883560081,0.87206561,0.901737832,0.873457112,0.949277131,0.939098025,0.874048701,0.872160675,0.895331558,0.783040078,0.596543473,0.878334127,0.93994922,0.909615671,0.978135813,0.922082751,0.978052126,0.978135813,0.754389757,0.694705565,0.834520063,0.83375168,0.924149793,0.820091578,0.865817347,0.710620539,0.86567972,0.859573538,0.950145727,0.886989194,0.80379475,0.859573538,0.939098025,0.963442299
08/10/2024,0.956518283,0.921661162,0.852392433,0.917500823,0.879310585,0.904999086,0.944682774,0.970679235,0.914894333,0.962742252,0.956882089,0.910092921,0.987595209,0.914554861,0.948186792,0.852927472,0.929944027,0.982026752,0.952310608,0.911547255,0.90045995,0.979449444,0.965100936,0.915559158,0.933102554,0.973523321,0.94425899,0.947024642,0.926749209,0.802964082,0.868989815,0.917966493,0.831534142,0.919069629,0.862618445,0.832249985,0.860274989,0.897166714,0.899911496,0.786607235,0.891966563,0.883549841,0.906676195,0.877821403,0.961373997,0.947511561,0.88731307,0.883846606,0.908297409,0.791053876,0.620326764,0.8859372,0.952152578,0.917988361,0.982020421,0.941163713,0.978052126,0.982020421,0.769142799,0.713285863,0.845613933,0.838949719,0.938032057,0.847333086,0.871818509,0.714201008,0.880285825,0.870498295,0.957907829,0.898292336,0.82582013,0.870498295,0.947511561,0.971248052
08/11/2024,0.965219693,0.937649621,0.860661381,0.927707046,0.881958342,0.915852631,0.957069674,0.978559053,0.917504065,0.965235466,0.959926434,0.916953843,0.993030667,0.928959786,0.954672254,0.866248813,0.943975984,0.985283058,0.961951868,0.932372419,0.917096163,0.986180006,0.970941331,0.928459163,0.940517542,0.981582249,0.953327142,0.949812409,0.935394668,0.819725257,0.890979329,0.921816076,0.849026007,0.924526136,0.871851969,0.844446938,0.866980648,0.907563566,0.928756523,0.800639376,0.89664051,0.896501259,0.910914413,0.882827878,0.970523296,0.954094426,0.903039672,0.893130428,0.919579884,0.804261952,0.639210342,0.898286669,0.968147312,0.924324663,0.982827061,0.948435813,0.978263163,0.982827061,0.791712516,0.723575321,0.852458779,0.844681398,0.943003946,0.860451086,0.87963569,0.71820338,0.893455729,0.879738583,0.961017165,0.907857739,0.839502602,0.879738583,0.954672254,0.978322341
08/12/2024,0.975773138,0.942227965,0.867530872,0.936452708,0.900622316,0.931595017,0.963912629,0.981456987,0.927383081,0.970604054,0.969436238,0.932479761,0.994311701,0.935958117,0.957981095,0.879316642,0.962377146,0.989217243,0.965899904,0.95841066,0.930236426,0.989982279,0.977839318,0.948291931,0.953593558,0.984978728,0.9581056,0.956083372,0.946405461,0.844054038,0.898313468,0.924091858,0.886129473,0.933284709,0.886639758,0.85857992,0.872742445,0.927903788,0.935244698,0.82683223,0.901311892,0.914040608,0.915948009,0.89459204,0.972746537,0.957013763,0.921670297,0.899792203,0.932834859,0.814428994,0.663199416,0.909939279,0.971981432,0.928781221,0.987199898,0.955216614,0.980123623,0.987199898,0.811095042,0.739967019,0.876074945,0.858901889,0.953590889,0.865911763,0.886429632,0.731977924,0.901202731,0.889513366,0.963886745,0.918389172,0.855674744,0.889513366,0.962377146,0.980390296
08/13/2024,0.978652862,0.944967015,0.874138458,0.939168372,0.941617528,0.945531473,0.97199629,0.983213365,0.941401895,0.979277111,0.971843455,0.940918676,0.99624737,0.94348835,0.962122118,0.886125211,0.977470551,0.991689005,0.971240708,0.965088541,0.937275633,0.993717145,0.981797606,0.952622835,0.967686208,0.990925771,0.963355882,0.964595395,0.955078434,0.864905155,0.90614749,0.925362133,0.9195927,0.947602703,0.895161734,0.86621778,0.877989902,0.936752607,0.944302852,0.851009299,0.913174151,0.921249382,0.922884985,0.901162242,0.975501577,0.960050421,0.933232941,0.906073132,0.944022534,0.825274632,0.68021303,0.917732901,0.975973704,0.93254854,0.989789637,0.960116318,0.981128827,0.989789637,0.831456126,0.7532734,0.884797773,0.873122381,0.9566116,0.876214343,0.895122558,0.740678237,0.914422159,0.897352629,0.966276813,0.927065858,0.865955255,0.901162242,0.967686208,0.982080758
08/14/2024,0.980005136,0.946132096,0.885884346,0.946548927,0.956783684,0.953010454,0.97665044,0.983652379,0.957660166,0.984211125,0.976546259,0.948652859,0.997891264,0.946953224,0.971539268,0.897798201,0.982467643,0.992865439,0.981378145,0.969229715,0.943218072,0.996021772,0.986590345,0.963921328,0.979074453,0.992656688,0.969776519,0.969196455,0.968312311,0.877459633,0.919536953,0.937547145,0.929256623,0.954440118,0.904694714,0.876793165,0.884048154,0.947710298,0.950188402,0.867170036,0.915462726,0.93033762,0.932977159,0.908519309,0.977836711,0.963665821,0.944904096,0.92280044,0.951835175,0.844778487,0.700246577,0.930973201,0.980902065,0.933598064,0.989789637,0.968610024,0.984644263,0.989789637,0.843477851,0.755841965,0.890344708,0.883548107,0.958309847,0.889471567,0.900847169,0.746185774,0.93022392,0.904746479,0.96948355,0.934748202,0.87732634,0.908519309,0.976546259,0.98503348
08/15/2024,0.981642996,0.952046924,0.897647063,0.957576231,0.969085089,0.957219661,0.978561913,0.988847227,0.981785372,0.989865274,0.979205495,0.955357396,0.999321348,0.949711405,0.977675405,0.929051124,0.984209856,0.993856023,0.985999651,0.969847854,0.95910043,0.997020443,0.990129353,0.976137197,0.984722599,0.993910622,0.972813318,0.9733252,0.972268013,0.894873871,0.933238721,0.953382858,0.934050509,0.958778464,0.91269977,0.892818043,0.902999875,0.957239534,0.957735144,0.886448882,0.921026917,0.935025296,0.935903412,0.912472949,0.979386937,0.969084373,0.95361612,0.938692995,0.957036981,0.867052492,0.722920293,0.94248507,0.981709923,0.935720607,0.989789637,0.975297877,0.991425223,0.989789637,0.852245575,0.763106899,0.904766739,0.892106095,0.960253798,0.897082483,0.905917274,0.746482246,0.944310022,0.923721058,0.97313983,0.942663405,0.892675653,0.923721058,0.979205495,0.989804764
08/16/2024,0.982304397,0.958856175,0.913144823,0.967958446,0.969085089,0.964177403,0.979973377,0.993151656,0.990315251,0.993638112,0.982350486,0.96622141,0.999662026,0.953745939,0.986076391,0.93869281,0.986325954,0.995744224,0.990936137,0.976275345,0.968329917,0.997020443,0.992015872,0.985333817,0.986489076,0.995165483,0.978084997,0.97480535,0.976420579,0.906837733,0.944134754,0.964146972,0.937743226,0.964977738,0.919096074,0.909711539,0.914764529,0.960709307,0.96149052,0.906018839,0.928031795,0.936490437,0.938475443,0.917885783,0.981288923,0.971409852,0.961163757,0.951304639,0.968061328,0.885472806,0.744851878,0.947717586,0.983129018,0.944508408,0.993355834,0.978940566,0.992713661,0.993355834,0.856847549,0.766344203,0.910132401,0.906445174,0.960803018,0.905281233,0.909134487,0.774772515,0.957773533,0.933439153,0.974563382,0.949356904,0.906359907,0.933439153,0.982350486,0.993192491
08/17/2024,0.985951233,0.969789266,0.929953673,0.971239251,0.971732847,0.970897841,0.982279066,0.994570869,0.993991002,0.99518712,0.98498289,0.973930991,0.999662026,0.955989168,0.992493,0.942047348,0.987683482,0.997063122,0.992641688,0.983905239,0.974219455,0.997020443,0.99312392,0.987036641,0.986886309,0.996161709,0.981489604,0.976196209,0.978592322,0.91525676,0.958758234,0.965349978,0.94272708,0.97196869,0.926142356,0.921009519,0.935815119,0.961078936,0.966635266,0.91196974,0.937840509,0.937226092,0.942544632,0.930357204,0.983857781,0.974500687,0.966321233,0.956916838,0.971821603,0.900405594,0.757052904,0.956770903,0.983295719,0.951267652,0.993355834,0.983269302,0.993135736,0.993355834,0.862699249,0.786299975,0.915454559,0.918017235,0.960803018,0.914609244,0.910581772,0.800645397,0.961869893,0.939707323,0.97635406,0.954837206,0.914081344,0.937840509,0.98498289,0.993482868
08/18/2024,0.985951233,0.97638667,0.937807235,0.97414908,0.97434618,0.978403285,0.9884258,0.996472718,0.994611787,0.996646139,0.990664692,0.976888148,0.999662026,0.956282123,0.995475181,0.948081569,0.990255908,0.998030402,0.995095453,0.989692289,0.979652037,0.998151751,0.993510287,0.988102977,0.989468319,0.99642272,0.98443758,0.977724368,0.982681432,0.931066417,0.96511017,0.967916938,0.949128761,0.975655163,0.934211939,0.928797283,0.943246047,0.962196419,0.971130481,0.916661522,0.946205803,0.94807144,0.944201591,0.935518184,0.987637194,0.977931617,0.970055333,0.960732345,0.983559892,0.907387473,0.762520203,0.963165959,0.984851593,0.953499847,0.995457344,0.987447551,0.994213137,0.995457344,0.872862106,0.811826037,0.92315501,0.930033995,0.961641301,0.917610296,0.911310023,0.803906589,0.965417949,0.947157862,0.977740149,0.959408343,0.917420541,0.946205803,0.9884258,0.995460911
08/19/2024,0.988518872,0.979491402,0.945494077,0.976197974,0.97434618,0.979592723,0.992043041,0.997111434,0.995222984,0.996646139,0.994019646,0.982587485,0.999662026,0.96176305,0.995475181,0.957548352,0.993853856,0.999330742,0.996686631,0.991420521,0.982821982,0.999725744,0.993510287,0.989839295,0.990265668,0.997175637,0.986024952,0.977956682,0.984646092,0.936889514,0.96898143,0.970009544,0.955644337,0.978733432,0.939486029,0.939988994,0.944283092,0.965036035,0.974039694,0.922342496,0.952647668,0.954876655,0.948443979,0.936911329,0.989980368,0.98250235,0.97516421,0.962653609,0.989947916,0.916112206,0.778385414,0.968284798,0.98919009,0.957635283,0.995457344,0.989833224,0.996862209,0.995457344,0.890499733,0.8548077,0.942130603,0.931190213,0.963122751,0.951550028,0.915273924,0.810839472,0.971371467,0.950834541,0.981478845,0.96431679,0.929420669,0.951550028,0.990265668,0.996654237
08/20/2024,0.989208297,0.982923587,0.949653591,0.97968019,0.978649955,0.980528317,0.99377702,0.997780325,0.995222984,0.996646139,0.996094137,0.986322133,1,0.964200833,0.996756414,0.973404462,0.994689013,0.999330742,0.997519521,0.992442414,0.987648786,0.999725744,0.995132211,0.99455543,0.991471294,0.997688596,0.98903572,0.981464514,0.985993526,0.948422834,0.974680999,0.972819044,0.961695929,0.982596789,0.945761943,0.943117492,0.94557651,0.971176687,0.976625115,0.930436693,0.959575118,0.963714461,0.951554831,0.939021189,0.990747912,0.98539784,0.977495822,0.966053679,0.994090572,0.93473957,0.795383126,0.970324093,0.992152236,0.960791685,0.997091851,0.99029354,0.997695251,0.997091851,0.91061323,0.891763114,0.945973578,0.951636493,0.965377444,0.956314584,0.917421805,0.820018701,0.971647388,0.95639815,0.98455072,0.968918634,0.938164865,0.95639815,0.99377702,0.997177385
08/21/2024,0.991767031,0.984247871,0.952301058,0.985995575,0.984753398,0.982374517,0.994262534,0.999128726,0.995526214,0.996646139,0.996411468,0.99201193,1,0.971670993,0.997202103,0.981893595,0.995018758,0.999493366,0.998614942,0.995187371,0.991473767,0.999725744,0.995939806,0.99533349,0.991471294,0.998028454,0.991428977,0.984148676,0.988769102,0.952879678,0.976213656,0.976684711,0.965176666,0.983819892,0.948888262,0.947564938,0.946105216,0.974484763,0.977928004,0.934435882,0.965438678,0.971673754,0.954707938,0.944285152,0.991365923,0.988275979,0.97957903,0.967767108,0.997643195,0.952689773,0.800952357,0.971957598,0.994344994,0.966853858,0.997856036,0.990404192,0.997911842,0.997856036,0.931807464,0.898990053,0.952093334,0.953365879,0.971238203,0.956314584,0.925663032,0.832481927,0.976780219,0.960333979,0.98543482,0.972334428,0.945741203,0.960333979,0.995018758,0.997867197
08/22/2024,0.992990649,0.988716464,0.956668763,0.987563153,0.986046489,0.984221118,0.994262534,1,0.996822919,0.996646139,0.99820454,0.993275818,1,0.9847148,0.998313652,0.987845713,0.995293958,0.999493366,0.9992045,0.998146249,0.994790286,1,0.997179154,0.997108012,0.992937908,0.99904835,0.993746083,0.988173515,0.990281958,0.9584633,0.981684695,0.983201422,0.966543465,0.985420334,0.953935874,0.950576647,0.94650809,0.976232771,0.979241316,0.940136043,0.967839758,0.976379388,0.960106141,0.945609737,0.991760015,0.99117802,0.983044064,0.972996342,0.999278529,0.95858234,0.807219775,0.974910005,0.994344994,0.970025925,0.997856036,0.990404192,0.998133986,0.997856036,0.961203509,0.899977962,0.959670519,0.954907503,0.978948966,0.960537714,0.927110316,0.846609957,0.984177014,0.962893077,0.986303936,0.975558055,0.949762936,0.962893077,0.995293958,0.998460592
08/23/2024,0.99616847,0.9921367,0.959325888,0.990615299,0.991260231,0.985642154,0.994262534,1,0.997274292,0.997626243,0.998569346,0.995842785,1,0.992924105,0.998861544,0.995499687,0.996138612,0.999493366,0.9992045,0.999362741,0.995841332,1,0.997728518,0.998170132,0.994304381,0.999225187,0.995357506,0.989208874,0.991384614,0.961197896,0.985384389,0.990202493,0.969088322,0.987198746,0.958973793,0.953816467,0.952747064,0.977709706,0.983017592,0.950312027,0.968975883,0.987556903,0.961388127,0.949068638,0.992275129,0.994598664,0.985092307,0.974424676,1,0.971995033,0.817120606,0.97853055,0.99488784,0.97402038,0.997856036,0.990731725,0.998789313,0.997856036,0.970045902,0.900867081,0.960047566,0.956429362,0.980647213,0.962935462,0.928917118,0.855823394,0.988683717,0.967233825,0.986303936,0.978321449,0.953602586,0.969088322,0.99616847,0.999208638
08/24/2024,0.99616847,0.996510032,0.967055423,0.993039931,0.991260231,0.987127222,0.994262534,1,0.998608046,0.997626243,0.998569346,0.998262595,1,0.997201398,0.999154168,0.997136278,0.996545297,0.999746683,0.9992045,0.999362741,0.997117041,1,0.997991778,0.99869286,0.997149024,0.999225187,0.997956984,0.990281218,0.995027552,0.96858942,0.990174879,0.990202493,0.976260221,0.988572855,0.965149734,0.956734386,0.957383963,0.980437875,0.988819995,0.951813185,0.97134614,0.997868514,0.966223681,0.952577598,0.992738278,0.996132058,0.988340681,0.97545173,1,0.991360662,0.834538805,0.979971507,0.99488784,0.978837222,0.998641449,0.991050405,0.998789313,0.998641449,0.975418147,0.901459826,0.961911046,0.957941339,0.981760106,0.964745375,0.929645369,0.87326963,0.991541972,0.972036184,0.987150574,0.981140561,0.957254048,0.975418147,0.997956984,0.999208638
08/25/2024,0.99616847,0.997881891,0.969854447,0.993039931,0.991260231,0.988861019,0.995550204,1,0.998608046,0.997626243,0.998569346,0.998643214,1,0.998381833,0.999154168,0.998943011,1,0.999746683,0.9992045,0.999686428,0.997928857,1,0.998770113,0.998962587,0.997923627,0.999225187,0.999298766,0.991978389,0.996374487,0.975194678,1,0.991383815,0.97812935,0.991641435,0.971983858,0.959560263,0.962873636,0.982583371,0.991385844,0.954735983,0.972570442,1,0.966866689,0.95530313,0.993445959,1,0.990903918,0.979445937,1,1,0.845428603,0.983056084,0.995054541,0.979690939,0.999469316,0.993936229,0.998789313,0.999469316,0.982975446,0.909408698,0.970822397,0.961182702,0.982041943,0.968968504,0.931092654,0.879107847,0.992362659,0.973809736,0.987150574,0.983383587,0.960858214,0.97812935,0.998962587,1
08/26/2024,0.996799108,0.998584151,0.974200946,0.994442174,0.991260231,0.992485528,0.99646995,1,0.998608046,0.998148168,0.999622307,0.999733383,1,0.998381833,1,1,1,1,0.9992045,1,1,1,0.998770113,1,0.9988174,0.999738989,1,0.995130711,1,0.981257017,1,0.994140234,0.980772133,0.994321076,0.97658704,0.962106929,0.969261842,0.985489394,0.991806879,0.95690797,0.974420295,1,0.968152704,0.960854257,0.994035428,1,0.995646988,0.982104934,1,1,0.858928254,0.985252842,0.995212693,0.980857946,0.999469316,0.994909973,0.998789313,0.999469316,0.983867545,0.92827017,0.973352959,0.969029172,0.982605616,0.969370707,0.933978005,0.900590663,0.994637235,0.974125574,0.988888806,0.985650272,0.966943549,0.980857946,0.999738989,1
08/27/2024,0.997251064,0.999286412,0.979272018,0.995087186,0.991260231,0.994251199,0.997389537,1,0.998608046,0.998148168,0.999622307,1,1,0.998381833,1,1,1,1,1,1,1,1,1,1,1,1,1,0.997534103,1,0.987379173,1,0.99491015,0.982608479,0.995703797,0.979022782,0.968566285,0.974523253,0.987210596,0.993954875,0.962390566,0.975573251,1,0.97259035,0.962226889,0.994994022,1,0.998518146,0.983444407,1,1,0.878369248,0.99369505,0.995751265,0.981061585,0.999469316,0.996202397,0.998928153,0.999469316,0.985164429,0.938278454,0.973352959,0.970165626,0.985662461,0.970561846,0.93542529,0.939257452,0.995464997,0.975745256,0.990537128,0.987859005,0.969845758,0.982608479,1,1
08/28/2024,0.997793413,0.999286412,0.984565988,0.995087186,0.991260231,0.995610559,0.997842442,1,0.999073635,0.998148168,0.999622307,1,1,0.999073813,1,1,1,1,1,1,1,1,1,1,1,1,1,1,1,0.990814799,1,0.995691732,0.988252289,0.996368451,0.981131751,0.973021875,0.979635982,0.988167013,0.995719856,0.967400791,0.97953556,1,0.975691442,0.965155742,0.995455959,1,0.998962973,0.986326303,1,1,0.893226896,0.997821085,0.996076118,0.981672502,0.999469316,0.996702548,0.999066993,0.999469316,0.985765712,0.949852194,0.977195934,0.971331726,0.986515198,0.974738568,0.952387098,0.957980798,0.995602957,0.976360736,0.990537128,0.989803906,0.972683845,0.985765712,1,1
08/29/2024,0.997793413,1,0.986713665,0.996791182,0.99295803,0.995610559,0.998588622,1,0.99969442,1,1,1,1,0.999073813,1,1,1,1,1,1,1,1,1,1,1,1,1,1,1,0.994805091,1,0.996846607,0.990613305,0.996742645,0.985810398,0.977990883,0.981139243,0.98939911,0.997433923,0.973364427,0.982942226,1,0.975691442,0.969905247,0.995611131,1,0.999762536,0.988307606,1,1,0.910856206,1,0.996708727,0.982526219,0.999469316,0.997472691,0.999283584,0.999469316,0.986532053,0.956813156,0.97757298,0.972853585,0.987078871,0.975341872,0.957245181,0.961515656,0.995740918,0.976676574,0.992724902,0.991151758,0.974946383,0.986713665,1,1
08/30/2024,0.997793413,1,0.987658965,0.997151003,0.993833666,0.996234289,0.998588622,1,0.99969442,1,1,1,1,1,1,1,1,1,1,1,1,1,1,1,1,1,1,1,1,1,1,0.998409771,0.992477059,0.997111039,0.988494591,0.987054347,0.995371197,0.991863305,0.998736894,0.986126863,0.982942226,1,0.977744503,0.973077755,0.997110109,1,0.999762536,0.988784338,1,1,0.921923033,1,0.997345609,0.984304142,0.999469316,0.997640883,0.999283584,0.999469316,0.991680291,0.96189709,0.979487217,0.975561309,0.987649771,0.975341872,0.964776593,0.969417775,0.995740918,0.980353253,0.993099521,0.992760325,0.977307864,0.988784338,1,1
08/31/2024,0.997793413,1,0.988075959,0.999286257,0.993833666,0.998045405,0.998588622,1,0.99969442,1,1,1,1,1,1,1,1,1,1,1,1,1,1,1,1,1,1,1,1,1,1,0.998409771,0.994325064,0.99783108,0.992495411,0.992208967,0.995755618,0.991863305,1,0.990852899,0.983906612,1,0.979010884,0.980257705,0.998307432,1,1,0.989715091,1,1,0.931478002,1,0.997986767,0.985737447,1,0.997977267,0.999283584,1,0.992454491,0.963090181,0.983134417,0.978199858,0.988784344,0.980694264,0.972649084,0.977308491,0.995878878,0.982531726,0.994193408,0.993936809,0.980606952,0.992208967,1,1
09/01/2024,0.997793413,1,0.99161394,1,0.995178898,0.998640124,0.998588622,1,0.99969442,1,1,1,1,1,1,1,1,1,1,1,1,1,1,1,1,1,1,1,1,1,1,0.998409771,0.995009526,0.999260335,0.993834397,0.993696763,0.9965129,0.992620026,1,0.993757211,0.989051071,1,0.9798241,0.981869385,0.998745766,1,1,0.993521699,1,1,0.944307582,1,0.998576631,0.989066159,1,0.99814546,0.999283584,1,0.993967523,0.964283272,0.985962266,0.980532058,0.990764428,0.983741724,0.975193355,0.983101097,0.996154799,0.989075242,0.995557021,0.995004849,0.983613599,0.993757211,1,1
09/02/2024,0.997793413,1,0.995090676,1,0.996090421,0.999532203,0.998588622,1,1,1,1,1,1,1,1,1,1,1,1,1,1,1,1,1,1,1,1,1,1,1,1,0.999484446,0.995369906,1,0.994947716,0.997078903,0.997554108,0.994098543,1,0.99754318,0.990656568,1,0.980259522,0.983240531,0.998745766,1,1,0.994147889,1,1,0.947285373,1,0.998576631,0.990820586,1,0.998309226,0.999283584,1,0.994682774,0.965164791,0.985962266,0.982814847,0.99114021,0.984345028,0.986034163,0.986692969,0.996292759,0.99382901,0.997722318,0.995785202,0.986019784,0.995090676,1,1
09/03/2024,0.998654283,1,0.997573523,1,0.996090421,0.999532203,1,1,1,1,1,1,1,1,1,1,1,1,1,1,1,1,1,1,1,1,1,1,1,1,1,0.999484446,0.995550096,1,0.99580548,0.998901588,0.998825805,0.995611985,1,0.998278229,0.992692015,1,0.981110472,0.984670757,0.998941625,1,1,0.995329474,1,1,0.952993185,1,0.998734783,0.992246058,1,0.998309226,0.999283584,1,0.995138649,0.966950627,0.986520585,0.987775713,0.99369842,0.987964854,0.988550779,0.986989441,0.997216032,0.994128651,0.997722318,0.996395294,0.987927026,0.99580548,1,1
09/04/2024,0.998654283,1,0.998117601,1,0.996090421,1,1,1,1,1,1,1,1,1,1,1,1,1,1,1,1,1,1,1,1,1,1,1,1,1,1,0.999484446,0.995550096,1,0.996618436,1,0.999219237,0.995981614,1,1,0.993853773,1,0.981110472,0.985187227,0.998941625,1,1,0.996023654,1,1,0.96153728,1,0.999354568,0.992246058,1,0.998512827,0.999283584,1,0.996349074,0.967550972,0.987658976,0.987775713,0.99369842,0.995158097,0.991095051,0.989235786,0.99749549,0.99689021,0.99801452,0.996908544,0.990723198,0.996618436,1,1
09/05/2024,0.998654283,1,0.998970261,1,0.996090421,1,1,1,1,1,1,1,1,1,1,1,1,1,1,1,1,1,1,1,1,1,1,1,1,1,1,1,0.996082597,1,0.996618436,1,0.999219237,0.995981614,1,1,0.995033542,1,0.985354545,0.987294152,0.999145363,1,1,0.996023654,1,1,0.971951974,1,0.999512721,0.994893364,1,0.998681019,0.999283584,1,0.996852108,0.971137844,0.988507331,0.987775713,0.99369842,0.996380174,0.991454567,0.990136605,0.99749549,0.99689021,0.998299231,0.997353891,0.991190975,0.996852108,1,1
09/06/2024,0.998654283,1,0.998970261,1,0.996090421,1,1,1,1,1,1,1,1,1,1,1,1,1,1,1,1,1,1,1,1,1,1,1,1,1,1,1,0.997309421,1,0.998729599,1,0.999219237,0.997483232,1,1,0.995511068,1,0.985997553,0.987605449,0.999145363,1,1,0.996175696,1,1,0.976658014,1,0.999512721,0.998245573,1,0.998681019,0.999500175,1,0.997866036,0.971738189,0.99076961,0.991491422,0.99575077,0.996983479,0.996026881,0.99192684,0.998192366,0.99811307,0.998299231,0.997835463,0.994794222,0.998192366,1,1
09/07/2024,0.998654283,1,0.999427286,1,1,1,1,1,1,1,1,1,1,1,1,1,1,1,1,1,1,1,1,1,1,1,1,1,1,1,1,1,0.998374905,1,0.999142236,1,0.999219237,0.997987713,1,1,0.995741659,1,0.989115898,0.991802561,0.999145363,1,1,0.996866918,1,1,0.979506277,1,0.999512721,0.998543199,1,0.998681019,0.999500175,1,0.998019304,0.979945437,0.993321925,0.995177484,0.996032606,0.996983479,0.998552715,0.992371548,0.998192366,0.998744746,0.999423087,0.998376611,0.995628824,0.998654283,1,1
09/08/2024,0.998654283,1,0.999427286,1,1,1,1,1,1,1,1,1,1,1,1,1,1,1,1,1,1,1,1,1,1,1,1,1,1,1,1,1,0.998895746,1,0.999571118,1,0.999219237,0.998492194,1,1,0.995741659,1,0.989758906,0.993743681,0.999242771,1,1,0.997545108,1,1,0.980540023,1,0.999512721,0.999146283,1,0.998681019,0.999500175,1,0.99831798,0.98548533,0.993894746,0.998142146,0.996314443,0.997586783,0.998912232,0.993272367,0.998330327,0.999052486,0.99971529,0.998647773,0.996199886,0.998912232,1,1
09/09/2024,0.998654283,1,1,1,1,1,1,1,1,1,1,1,1,1,1,1,1,1,1,1,1,1,1,1,1,1,1,1,1,1,1,1,1,1,1,1,0.999219237,0.999507161,1,1,0.996940008,1,0.989758906,0.996217362,0.999242771,1,1,0.998683941,1,1,0.98673726,1,0.999512721,0.999443909,1,0.998681019,0.999500175,1,0.998927123,0.991078417,0.993894746,0.998873429,0.99773808,0.999396696,0.998912232,0.993717075,0.998330327,0.999052486,1,0.999014773,0.997578465,0.999242771,1,1
09/10/2024,0.998654283,1,1,1,1,1,1,1,1,1,1,1,1,1,1,1,1,1,1,1,1,1,1,1,1,1,1,1,1,1,1,1,1,1,1,1,1,0.999507161,1,1,0.997835245,1,0.993479085,0.996718642,0.999392153,1,1,0.998683941,1,1,0.988012034,1,0.999512721,1,1,0.998844785,0.999500175,1,0.998927123,0.994049745,0.994467567,0.998873429,0.998019916,0.999396696,0.998912232,0.994161782,0.999165163,0.999052486,1,0.99920531,0.997982982,0.999396696,1,1
09/11/2024,0.998654283,1,1,1,1,1,1,1,1,1,1,1,1,1,1,1,1,1,1,1,1,1,1,1,1,1,1,1,1,1,1,1,1,1,1,1,1,0.999507161,1,1,0.998548636,1,0.993911106,0.996718642,0.999543799,1,1,0.998917036,1,1,0.99621263,1,0.999512721,1,1,0.998844785,0.999500175,1,0.999080391,0.995827982,0.996091767,0.999624476,0.998872653,0.999396696,0.998912232,0.994161782,0.999444621,0.999052486,1,0.99942516,0.998633153,0.999507161,1,1
09/12/2024,0.998654283,1,1,1,1,1,1,1,1,1,1,1,1,1,1,1,1,1,1,1,1,1,1,1,1,1,1,1,1,1,1,1,1,1,1,1,1,0.999507161,1,1,0.99903178,1,0.994346528,0.997212657,0.999698972,1,1,0.99914347,1,1,0.996472588,1,0.999675147,1,1,0.998844785,0.999788963,1,0.999390857,0.997606219,0.997454936,1,0.99915449,0.999396696,0.998912232,0.997753655,1,0.999052486,1,0.999581129,0.998806685,0.999698972,1,1
09/13/2024,0.999280069,1,1,1,1,1,1,1,1,1,1,1,1,1,1,1,1,1,1,1,1,1,1,1,1,1,1,1,1,1,1,1,1,1,1,1,1,1,1,1,0.999273352,1,0.99498459,0.998245598,0.999848354,1,1,0.999599598,1,1,0.999570443,1,0.999675147,1,1,0.998844785,0.999788963,1,1,0.998206564,0.998020506,1,0.99915449,0.999396696,0.998912232,0.999099181,1,0.999052486,1,0.999723957,0.999089842,1,1,1
09/14/2024,0.999280069,1,1,1,1,1,1,1,1,1,1,1,1,1,1,1,1,1,1,1,1,1,1,1,1,1,1,1,1,1,1,1,1,1,1,1,1,1,1,1,0.999516856,1,0.998024716,0.99875436,0.999848354,1,1,0.999836171,1,1,1,1,0.999837574,1,1,0.998844785,1,1,1,0.999103282,0.99830329,1,0.999436327,1,0.999271748,0.999099181,1,0.999052486,1,0.999829119,0.999238055,1,1,1
09/15/2024,0.999280069,1,1,1,1,1,1,1,1,1,1,1,1,1,1,1,1,1,1,1,1,1,1,1,1,1,1,1,1,1,1,1,1,1,1,1,1,1,1,1,1,1,0.998024716,0.99928697,0.999848354,1,1,0.999836171,1,1,1,1,0.999837574,1,1,0.998844785,1,1,1,0.999703627,0.998586075,1,0.999436327,1,1,0.999099181,1,0.999052486,1,0.999867193,0.999406455,1,1,1
09/16/2024,0.999280069,1,1,1,1,1,1,1,1,1,1,1,1,1,1,1,1,1,1,1,1,1,1,1,1,1,1,1,1,1,1,1,1,1,1,1,1,1,1,1,1,1,0.998024716,0.99928697,0.999848354,1,1,0.999836171,1,1,1,1,0.999837574,1,1,0.999349362,1,1,1,0.999703627,0.99886886,1,0.999436327,1,1,0.999099181,1,0.999368324,1,0.999883182,0.999422726,1,1,1
09/17/2024,1,1,1,1,1,1,1,1,1,1,1,1,1,1,1,1,1,1,1,1,1,1,1,1,1,1,1,1,1,1,1,1,1,1,1,1,1,1,1,1,1,1,0.998683033,0.99928697,0.999848354,1,1,0.999836171,1,1,1,1,1,1,1,0.999831808,1,1,1,0.999703627,0.999151645,1,0.999436327,1,1,1,1,0.999368324,1,0.999929656,0.999835299,1,1,1
09/18/2024,1,1,1,1,1,1,1,1,1,1,1,1,1,1,1,1,1,1,1,1,1,1,1,1,1,1,1,1,1,1,1,1,1,1,1,1,1,1,1,1,1,1,0.998683033,0.99928697,0.999848354,1,1,0.999836171,1,1,1,1,1,1,1,1,1,1,1,1,0.99943443,1,0.999436327,1,1,1,1,0.999368324,1,0.999940487,0.999969671,1,1,1
09/19/2024,1,1,1,1,1,1,1,1,1,1,1,1,1,1,1,1,1,1,1,1,1,1,1,1,1,1,1,1,1,1,1,1,1,1,1,1,1,1,1,1,1,1,0.998683033,0.99928697,0.999848354,1,1,0.999836171,1,1,1,1,1,1,1,1,1,1,1,1,1,1,0.999718163,1,1,1,1,0.999368324,1,0.999952768,1,1,1,1
09/20/2024,1,1,1,1,1,1,1,1,1,1,1,1,1,1,1,1,1,1,1,1,1,1,1,1,1,1,1,1,1,1,1,1,1,1,1,1,1,1,1,1,1,1,0.999331065,0.999647679,0.999848354,1,1,0.999836171,1,1,1,1,1,1,1,1,1,1,1,1,1,1,0.999718163,1,1,1,1,0.999368324,1,0.999967388,1,1,1,1
09/21/2024,1,1,1,1,1,1,1,1,1,1,1,1,1,1,1,1,1,1,1,1,1,1,1,1,1,1,1,1,1,1,1,1,1,1,1,1,1,1,1,1,1,1,0.999331065,1,0.999848354,1,1,1,1,1,1,1,1,1,1,1,1,1,1,1,1,1,1,1,1,1,1,1,1,0.999988108,1,1,1,1
09/22/2024,1,1,1,1,1,1,1,1,1,1,1,1,1,1,1,1,1,1,1,1,1,1,1,1,1,1,1,1,1,1,1,1,1,1,1,1,1,1,1,1,1,1,0.999331065,1,0.999848354,1,1,1,1,1,1,1,1,1,1,1,1,1,1,1,1,1,1,1,1,1,1,1,1,0.999988108,1,1,1,1
09/23/2024,1,1,1,1,1,1,1,1,1,1,1,1,1,1,1,1,1,1,1,1,1,1,1,1,1,1,1,1,1,1,1,1,1,1,1,1,1,1,1,1,1,1,1,1,0.999848354,1,1,1,1,1,1,1,1,1,1,1,1,1,1,1,1,1,1,1,1,1,1,1,1,0.999997802,1,1,1,1
09/24/2024,1,1,1,1,1,1,1,1,1,1,1,1,1,1,1,1,1,1,1,1,1,1,1,1,1,1,1,1,1,1,1,1,1,1,1,1,1,1,1,1,1,1,1,1,0.999848354,1,1,1,1,1,1,1,1,1,1,1,1,1,1,1,1,1,1,1,1,1,1,1,1,0.999997802,1,1,1,1
09/25/2024,1,1,1,1,1,1,1,1,1,1,1,1,1,1,1,1,1,1,1,1,1,1,1,1,1,1,1,1,1,1,1,1,1,1,1,1,1,1,1,1,1,1,1,1,0.999848354,1,1,1,1,1,1,1,1,1,1,1,1,1,1,1,1,1,1,1,1,1,1,1,1,0.999997802,1,1,1,1
09/26/2024,1,1,1,1,1,1,1,1,1,1,1,1,1,1,1,1,1,1,1,1,1,1,1,1,1,1,1,1,1,1,1,1,1,1,1,1,1,1,1,1,1,1,1,1,0.999848354,1,1,1,1,1,1,1,1,1,1,1,1,1,1,1,1,1,1,1,1,1,1,1,1,0.999997802,1,1,1,1
09/27/2024,1,1,1,1,1,1,1,1,1,1,1,1,1,1,1,1,1,1,1,1,1,1,1,1,1,1,1,1,1,1,1,1,1,1,1,1,1,1,1,1,1,1,1,1,0.999848354,1,1,1,1,1,1,1,1,1,1,1,1,1,1,1,1,1,1,1,1,1,1,1,1,0.999997802,1,1,1,1
09/28/2024,1,1,1,1,1,1,1,1,1,1,1,1,1,1,1,1,1,1,1,1,1,1,1,1,1,1,1,1,1,1,1,1,1,1,1,1,1,1,1,1,1,1,1,1,1,1,1,1,1,1,1,1,1,1,1,1,1,1,1,1,1,1,1,1,1,1,1,1,1,1,1,1,1,1
09/29/2024,1,1,1,1,1,1,1,1,1,1,1,1,1,1,1,1,1,1,1,1,1,1,1,1,1,1,1,1,1,1,1,1,1,1,1,1,1,1,1,1,1,1,1,1,1,1,1,1,1,1,1,1,1,1,1,1,1,1,1,1,1,1,1,1,1,1,1,1,1,1,1,1,1,1
09/30/2024,1,1,1,1,1,1,1,1,1,1,1,1,1,1,1,1,1,1,1,1,1,1,1,1,1,1,1,1,1,1,1,1,1,1,1,1,1,1,1,1,1,1,1,1,1,1,1,1,1,1,1,1,1,1,1,1,1,1,1,1,1,1,1,1,1,1,1,1,1,1,1,1,1,1
10/01/2024,1,1,1,1,1,1,1,1,1,1,1,1,1,1,1,1,1,1,1,1,1,1,1,1,1,1,1,1,1,1,1,1,1,1,1,1,1,1,1,1,1,1,1,1,1,1,1,1,1,1,1,1,1,1,1,1,1,1,1,1,1,1,1,1,1,1,1,1,1,1,1,1,1,1
10/02/2024,1,1,1,1,1,1,1,1,1,1,1,1,1,1,1,1,1,1,1,1,1,1,1,1,1,1,1,1,1,1,1,1,1,1,1,1,1,1,1,1,1,1,1,1,1,1,1,1,1,1,1,1,1,1,1,1,1,1,1,1,1,1,1,1,1,1,1,1,1,1,1,1,1,1
10/03/2024,1,1,1,1,1,1,1,1,1,1,1,1,1,1,1,1,1,1,1,1,1,1,1,1,1,1,1,1,1,1,1,1,1,1,1,1,1,1,1,1,1,1,1,1,1,1,1,1,1,1,1,1,1,1,1,1,1,1,1,1,1,1,1,1,1,1,1,1,1,1,1,1,1,1
10/04/2024,1,1,1,1,1,1,1,1,1,1,1,1,1,1,1,1,1,1,1,1,1,1,1,1,1,1,1,1,1,1,1,1,1,1,1,1,1,1,1,1,1,1,1,1,1,1,1,1,1,1,1,1,1,1,1,1,1,1,1,1,1,1,1,1,1,1,1,1,1,1,1,1,1,1
10/05/2024,1,1,1,1,1,1,1,1,1,1,1,1,1,1,1,1,1,1,1,1,1,1,1,1,1,1,1,1,1,1,1,1,1,1,1,1,1,1,1,1,1,1,1,1,1,1,1,1,1,1,1,1,1,1,1,1,1,1,1,1,1,1,1,1,1,1,1,1,1,1,1,1,1,1
10/06/2024,1,1,1,1,1,1,1,1,1,1,1,1,1,1,1,1,1,1,1,1,1,1,1,1,1,1,1,1,1,1,1,1,1,1,1,1,1,1,1,1,1,1,1,1,1,1,1,1,1,1,1,1,1,1,1,1,1,1,1,1,1,1,1,1,1,1,1,1,1,1,1,1,1,1
10/07/2024,1,1,1,1,1,1,1,1,1,1,1,1,1,1,1,1,1,1,1,1,1,1,1,1,1,1,1,1,1,1,1,1,1,1,1,1,1,1,1,1,1,1,1,1,1,1,1,1,1,1,1,1,1,1,1,1,1,1,1,1,1,1,1,1,1,1,1,1,1,1,1,1,1,1
10/08/2024,1,1,1,1,1,1,1,1,1,1,1,1,1,1,1,1,1,1,1,1,1,1,1,1,1,1,1,1,1,1,1,1,1,1,1,1,1,1,1,1,1,1,1,1,1,1,1,1,1,1,1,1,1,1,1,1,1,1,1,1,1,1,1,1,1,1,1,1,1,1,1,1,1,1
10/09/2024,1,1,1,1,1,1,1,1,1,1,1,1,1,1,1,1,1,1,1,1,1,1,1,1,1,1,1,1,1,1,1,1,1,1,1,1,1,1,1,1,1,1,1,1,1,1,1,1,1,1,1,1,1,1,1,1,1,1,1,1,1,1,1,1,1,1,1,1,1,1,1,1,1,1