Date,1946,1947,1948,1949,1950,1951,1952,1953,1954,1955,1956,1957,1958,1959,1960,1961,1962,1963,1964,1965,1966,1967,1968,1969,1970,1971,1972,1973,1974,1975,1976,1977,1978,1979,1980,1981,1982,1983,1984,1985,1986,1987,1988,1989,1990,1991,1992,1993,1994,1995,1996,1997,1998,1999,2000,2001,2002,2003,2004,2005,2006,2007,2008,2009,2010,2011,2012,2013,2014,2015,2016,2017,2018,2019,2020,2021,2022,2023,2024,2025
2026-06-24,0,0,,0,0,0,0,0,0,0,0,0,0,0,0,0,0,0,,0,0,0,0,0,0,0,0,0,0,0,0,0,0,0,0,0,0,0,0,0,0,0,0,0,0,0,0,0,0,0,0,0,0,0,0,0,0,0,0,0,0,0,0,0,0,0,0,0,0,0,0,0,0,0,0,0,0,0,0,0
2026-06-25,0,0,,0,0,0,0,0,0,0,0,0,0,0,0,0,0,0,,0,0,0,0,0,0,0,0,0,0,0,0,0,0,0,0,0,0,0,0,0,0,0,0,0,0,0,0,0,0,0,0,0,0,0,0,0,0,0,0,0,0,0,0,0,0,0,0,0,0,0,0,0,0,0,0,0,0,0,0,0
2026-06-26,0,0,,0,0,0,0,0,0,0,0,0,0,0,0,0,0,0,,0,0,0,0,0,0,0,0,0,0,0,0,0,0,0,0,0,0,0,0,0,0,0,0,0,0,0,0,0,0,0,0,0,0,0,0,0,0,0,0,0,0,0,0,0,0,0,0,0,0,0,0,0,0,0,0,0,0,0,0,0
2026-06-27,0,0,,0,0,0,0,0,0,0,0,0,0,0,0,0,0,0,,0,0,0,0,0,0,0,0,0,0,0,0,0,0,0,0,0,0,0,0,0,0,0,0,0,0,0,0,0,0,0,0,0,0,0,0,0,0,0,0,0,0,0,0,0,0,0,0,0,0,0,0,0,0,0,0,0,0,0,0,0
2026-06-28,0,0,,0,0,0,0,0,0,0,0,0,0,0,0,0,0,0,,0,0,0,0,0,0,0,0,0,0,0,0,0,0,0,0,0,0,0,0,0,0,0,0,0,0,0,0,0,0,0,0,0,0,0,0,0,0,0,0,0,0,0,0,0,0,0,0,0,0,0,0,0,0,0,0,0,0,0,0,0
2026-06-29,0,0,,0,0,0,0,0,0,0,0,0,0,0,0,0,0,0,,0,0,0,0,0,0,0,0,0,0,0,0,0,0,0,0,0,0,0,0,0,0,0,0,0,0,0,0,0,0,0,0,0,0,0,0,0,0,0,0,0,0,0,0,0,0,0,0,0,0,0,0,0,0,0,0,0,0,0,0,0
2026-06-30,0,3.79641E-06,,0,0,0,0,0,0,0,0,0,0,0,0,0,0,0,,0,0,0,0,0,0,0,0,0,0,0,0,0,0,0,0,0,0,0,0,0,0,0,0,0,0,0,0,0,0,0,0,0,0,0,0,0,0,0,0,0,0,0,0,0,0,0,0,0,0,0,0,0,0,0,0,0,0,0,0,0
2026-07-01,0,3.79641E-06,,0,0,0,0,0,0,0,0,0,0,0,0,0,0,0,,0,0,0,0,0,0,0,0,0,0,0,0,0,0,0,5.67925E-06,0,0,0,0,0,0,0,0,0,0,0,3.28132E-07,0,0,0,2.89034E-07,3.53071E-07,1.36654E-05,0,0,0,2.97881E-07,0,0,0,0,0,0,0,0,0,0,0,0,0,0,0,0,0,0,0,0,0,0,0
2026-07-02,0,3.79641E-06,,0,0,0,0,0,0,0,0,0,0,0,0,0,0,0,,0,0,0,0,0,0,0,0,0,0,0,0,0,0,0,1.32516E-05,0,0,0,0,0,0,0,0,0,0,0,1.1719E-06,0,0,1.72513E-06,1.03226E-06,1.26097E-06,4.29483E-05,0,0,0,1.06386E-06,0,0,0,0,0,0,0,0,0,0,0,0,0,0,0,0,0,0,0,0,0,0,0
2026-07-03,0,3.79641E-06,,2.15942E-06,0,0,0,0,0,0,0,0,0,0,0,0,0,0,,0,0,0,0,0,0,0,0,0,0,0,0,0,0,0,5.48994E-05,0,0,0,0,0,0,0,0,0,0,0,2.29692E-06,0,0,6.9005E-06,2.02324E-06,2.4715E-06,7.22312E-05,0,0,0,2.08517E-06,0,0,0,0,0,0,0,0,0,0,0,0,0,0,0,0,0,0,0,0,0,0,0
2026-07-04,0,3.79641E-06,,2.15942E-06,0,0,0,0,0,0,2.79876E-06,0,0,0,0,0,0,0,,0,0,0,0,0,0,0,0,0,0,0,0,0,0,8.59886E-07,6.43648E-05,0,0,0,0,0,0,0,0,8.81597E-07,0,0,6.79702E-06,0,0,1.09258E-05,5.98713E-06,7.31362E-06,0.000244024,0,0,0,6.17039E-06,0,0,0,0,0,0,0,0,0,0,0,0,0,0,0,0,0,0,0,0,0,0,0
2026-07-05,2.23966E-06,1.13892E-05,,2.15942E-06,0,0,0,7.26175E-06,0,0,5.59752E-06,0,0,0,0,0,0,0,,0,0,0,0,0,0,0,0,0,0,0,0,0,0,8.59886E-07,0.000115478,0,0,0,0,0,0,0,0,8.81597E-07,0,0,2.51724E-05,0,0,1.95514E-05,2.2173E-05,2.70856E-05,0.000980002,0,0,0,2.28517E-05,0,1.62822E-05,0,0,0,0,0,0,0,0,0,0,0,0,0,0,0,0,0,0,0,0,0
2026-07-06,6.71897E-06,3.03713E-05,,4.31883E-06,0,0,0,7.26175E-06,0,1.36413E-05,8.39628E-06,2.29829E-06,0,0,0,0,0,0,,0,0,0,0,0,0,0,0,0,0,0,0,0,0,8.59886E-07,0.000126837,0,0,0,0,0,0,0,0,8.81597E-07,0,0,5.32512E-05,0,0,4.0828E-05,4.6906E-05,5.72984E-05,0.002077135,0,0,0,4.83418E-05,0,4.7761E-05,0,0,0,0,0,0,0,0,0,0,0,1.40366E-05,0,0,0,0,0,0,0,0,0
2026-07-07,6.71897E-06,3.03713E-05,,8.63767E-06,0,0,0,7.26175E-06,0,1.36413E-05,2.51888E-05,2.29829E-06,0,0,0,0,0,0,,0,0,0,0,0,0,0,0,0,0,1.21541E-06,0,0,0,8.59886E-07,0.000157126,0,0,0,0,4.6511E-07,0,0,0,3.52639E-06,0,0,8.75644E-05,0,0,6.15295E-05,7.71307E-05,9.42196E-05,0.003428054,0,0,0,7.94916E-05,0,9.66075E-05,0,2.87009E-06,0,0,0,0,0,0,0,0,0,3.56315E-05,0,0,0,0,0,0,0,0,0
2026-07-08,8.95863E-06,6.07425E-05,,1.07971E-05,0,0,0,3.19517E-05,0,2.72825E-05,4.19814E-05,2.29829E-06,4.91396E-05,0,0,6.35814E-06,0,0,,0,0,0,0,0,0,0,0,0,0,1.21541E-06,0,1.06386E-06,0,3.43954E-06,0.000164698,0,0,0,0,1.86044E-06,0,0,0,1.23424E-05,0,0,0.000137534,5.74905E-07,0,0.000139735,0.000121146,0.000147987,0.005216264,0,0,0,0.000124855,0,0.000185617,0,7.17522E-06,0,0,0,0,0,0,0,0,0,7.77414E-05,0,0,0,0,0,0,0,0,0
2026-07-09,2.46362E-05,9.87066E-05,,1.29565E-05,0,0,0,6.09987E-05,0,2.72825E-05,5.31765E-05,2.29829E-06,0.000183045,0,0,8.47752E-06,0,0,,0,0,0,0,0,0,0,0,0,0,1.21541E-06,0,4.25546E-06,0,6.0192E-06,0.000204453,0,0,0,1.89687E-06,1.86044E-06,0,0,0,3.43823E-05,0,0,0.000232927,1.72471E-06,0,0.000293846,0.000205173,0.00025063,0.008609178,0,0,0,0.000211453,0,0.0002616,0,8.61027E-06,0,0,0,0,0,0,0,0,0,0.000129569,0,0,0,0,0,0,0,0,0
2026-07-10,2.91155E-05,0.000113892,,1.29565E-05,8.18987E-06,0,0,7.98793E-05,0,2.72825E-05,6.71703E-05,6.89487E-06,0.000912767,0,0,1.58954E-05,0,0,,0,0,0,0,0,0,0,0,0,0,2.43081E-06,0,6.38319E-06,0,6.87909E-06,0.000507346,0,0,1.12565E-06,2.8453E-06,1.86044E-06,0,0,0,6.87646E-05,0,1.01841E-05,0.000295131,5.17414E-06,0,0.000504312,0.000259965,0.000317562,0.010370058,0,0,0,0.000267923,0,0.000335412,0,1.07628E-05,0,0,0,0,0,0,0,0,0,0.000219188,0,0,0,0,0,0,0,0,0
2026-07-11,9.18259E-05,0.00014806,,1.51159E-05,2.72996E-05,0,0,0.00012345,0,8.18476E-05,9.79566E-05,9.19316E-06,0.002777614,0,0,1.90744E-05,0,0,,0,0,0,0,0,0,0,0,1.25089E-06,1.37181E-06,1.21541E-05,0,1.70218E-05,0.000419047,7.73897E-06,0.001101774,0,1.75621E-06,1.12565E-06,4.74217E-06,1.86044E-06,0,0,0,0.000148108,0,1.52761E-05,0.000368539,1.95468E-05,0,0.000786657,0.000324626,0.000396549,0.012224643,0,0,0,0.000334563,0,0.000479781,0,1.72205E-05,0,0,0,0,0,0,0,0,0,0.000463209,0,0,0,0,0,0,0,0,0
2026-07-12,0.000201569,0.000205006,,3.02318E-05,6.5519E-05,0,0,0.000233828,0,8.18476E-05,0.000159529,3.90709E-05,0.009287378,0,3.77816E-06,2.96713E-05,0,5.08506E-06,,0,0,0,0,0,4.51828E-06,1.22254E-06,0,1.25089E-06,1.37181E-05,1.94465E-05,0,5.10655E-05,0.001988614,1.37582E-05,0.002288737,4.18202E-06,5.26863E-06,2.2513E-06,5.69061E-06,2.79066E-06,0,0,0,0.000339415,0,1.95195E-05,0.000455588,4.31178E-05,0,0.00130822,0.000401303,0.000490214,0.013550183,0,0,0,0.000413586,0,0.000846672,4.2182E-06,2.51133E-05,0,0,0,3.11981E-06,0,0,0,0,0,0.001432818,0,0,0,0,0,0,0,0,0
2026-07-13,0.000629344,0.000258156,,6.91013E-05,0.000158338,0,0,0.000329684,0,8.18476E-05,0.000195913,4.82641E-05,0.02971101,0,1.13345E-05,4.4507E-05,5.45497E-06,6.78009E-06,,8.59158E-06,0,0,0,0,6.02437E-06,7.33522E-06,0,1.25089E-06,2.46926E-05,2.79543E-05,0,9.25562E-05,0.004034258,2.14971E-05,0.004602084,2.23041E-05,2.19526E-05,3.37695E-06,5.69061E-06,4.18599E-06,0,0,0,0.000580091,0,3.98877E-05,0.000577091,6.95635E-05,0,0.001832083,0.000508328,0.000620951,0.016117319,0,0,0,0.000523887,0,0.001628215,4.2182E-06,3.87462E-05,0,0,0,4.67972E-06,0,0,0,5.35317E-06,0,0.002695037,0,0,0,0,0,0,0,5.47457E-06,0
2026-07-14,0.002297888,0.00039103,,0.000131724,0.000483203,0,0,0.000405206,0,0.000122771,0.000232297,0.000105721,0.064248754,0,1.13345E-05,6.78202E-05,7.2733E-06,1.01701E-05,,1.89015E-05,0,0,0,0,2.56036E-05,2.81184E-05,0,1.25089E-06,3.15516E-05,2.91698E-05,0,0.000168091,0.006997342,3.95548E-05,0.010896583,3.41531E-05,0.000273969,6.7539E-06,5.69061E-06,6.04643E-06,0,1.52691E-06,0,0.000977691,0,4.66771E-05,0.000918395,0.0001489,9.47958E-07,0.004637712,0.000808964,0.000988196,0.019047563,0,3.8176E-06,0,0.000833726,0,0.00266376,4.2182E-06,6.38595E-05,0,0,0,3.58779E-05,0,0,0,2.53059E-05,0.002108098,0.004634254,0,0,0,0,0,0,0,1.04514E-05,0
2026-07-15,0.00769546,0.000679557,,0.000194348,0.001561536,0,0,0.000472014,0,0.000136413,0.000319059,0.000124108,0.094775481,0,1.13345E-05,9.11334E-05,7.2733E-06,1.86452E-05,,3.7803E-05,2.81354E-05,0,0,0.00710412,3.76523E-05,8.43551E-05,0,2.50177E-06,4.66415E-05,3.8893E-05,0,0.000281924,0.011192772,5.84722E-05,0.023364424,6.48212E-05,0.000569012,1.23821E-05,5.69061E-06,7.44176E-06,0,4.58072E-06,0,0.001783471,0,7.46833E-05,0.001965605,0.000322521,3.79183E-06,0.015662414,0.001731394,0.002114998,0.022083226,0,1.09074E-05,0,0.001784392,0,0.003894691,5.62427E-06,7.67749E-05,0,0,0,0.000135712,0,0,6.35791E-06,9.97635E-05,0.007733268,0.006803456,0,0,0,0,1.02923E-06,0,0,1.69214E-05,8.2195E-07
2026-07-16,0.016990036,0.000960491,,0.000256971,0.007452785,6.97515E-06,0,0.000663724,0,0.000150054,0.000422613,0.000193056,0.106121807,0,1.51126E-05,0.000123984,7.2733E-06,2.71203E-05,,7.21693E-05,0.000107426,0.000206689,0,0.012638981,5.87376E-05,0.000125921,0,1.1258E-05,5.89878E-05,5.34779E-05,0,0.000477675,0.017225561,0.000102326,0.040894368,0.000138007,0.001589369,2.81412E-05,5.69061E-06,9.3022E-06,2.84296E-06,6.10762E-06,0,0.002881941,0,0.00013409,0.00319746,0.004606711,8.53162E-06,0.023673896,0.002816468,0.003440477,0.026743115,0,1.25435E-05,0,0.002902679,0,0.005406761,2.39032E-05,8.89728E-05,0,0,3.8575E-05,0.000221507,0,0,3.81474E-05,0.000295397,0.011659894,0.010912954,0,0,0,0,2.05846E-06,7.07026E-07,0,8.06254E-05,5.75365E-06
2026-07-17,0.018672018,0.00184885,,0.000289362,0.016327879,4.88261E-05,0,0.001028264,0,0.000150054,0.000845226,0.000236724,0.119744523,0,1.88908E-05,0.000193923,9.09162E-06,3.89855E-05,,9.27891E-05,0.000168813,0.001317848,0,0.016002352,0.000164164,0.000205386,0,2.00142E-05,7.13341E-05,6.44165E-05,0,0.000730875,0.038884591,0.000156499,0.053328134,0.000221647,0.004748788,4.72773E-05,8.53591E-06,1.39533E-05,8.52887E-06,9.16143E-06,0,0.004994248,0,0.000184162,0.004724306,0.009380144,1.80112E-05,0.032499063,0.004161383,0.005083368,0.032176072,0,3.32677E-05,0,0.004288761,1.27947E-05,0.009814883,6.32731E-05,9.97356E-05,0,0,7.56664E-05,0.001063856,0,0,0.000193916,0.001120758,0.01385111,0.021105721,1.85717E-05,1.78713E-05,0,0,2.05846E-06,3.53513E-06,0,0.000276714,9.8634E-06
2026-07-18,0.021229706,0.023636426,,0.000313115,0.030845796,0.000404559,0,0.001969387,0,0.000204619,0.001623281,0.00028269,0.13474929,0,2.2669E-05,0.000305191,2.72749E-05,4.23755E-05,,0.000111691,0.000204621,0.00785252,0,0.020106326,0.000278627,0.000289741,0,3.00212E-05,8.91676E-05,7.41398E-05,0,0.001234083,0.057377212,0.000235609,0.060970508,0.000354077,0.007304071,9.11776E-05,1.32781E-05,2.18602E-05,2.27437E-05,1.14518E-05,2.05547E-05,0.010453097,0,0.000219807,0.006225979,0.013621215,2.65428E-05,0.04016207,0.005484125,0.006699174,0.035971139,0,0.000105257,0,0.005651992,7.50621E-05,0.023482123,0.000149043,0.000137764,0,1.84276E-06,0.000185457,0.005400397,0,0,0.000591285,0.011445068,0.016063105,0.037489729,0.000183241,3.72967E-05,0,2.36934E-06,2.05846E-06,7.07026E-06,0,0.000467329,2.38366E-05
2026-07-19,0.026613841,0.055211137,,0.00033255,0.046687742,0.000941646,0,0.01411249,0,0.000313749,0.002308978,0.000576871,0.148142279,1.27417E-06,2.64471E-05,0.000651709,3.81848E-05,4.23755E-05,,0.00013231,0.000314605,0.018175385,0,0.027406996,0.000429236,0.000520801,0,6.37951E-05,0.000124835,8.3863E-05,0,0.001680906,0.079132945,0.000322457,0.068983926,0.000494175,0.014703855,0.000164345,2.37109E-05,3.72088E-05,4.26443E-05,2.13767E-05,9.14331E-05,0.018678398,0,0.000439613,0.008494685,0.020138908,5.02418E-05,0.048939508,0.007482504,0.009140308,0.040918,0,0.000642993,0,0.00771154,0.000155242,0.040881234,0.000473845,0.000200189,0,2.76414E-06,0.000207712,0.018662723,0,0,0.001986845,0.040132194,0.019281893,0.0417979,0.001729648,8.54715E-05,5.04791E-05,3.9489E-06,5.76369E-05,1.06054E-05,0,0.000861,5.26048E-05
2026-07-20,0.030396621,0.067298895,,0.000360623,0.058404722,0.003564304,0,0.021319054,0,0.000491085,0.003045052,0.001378974,0.158102869,1.27417E-06,4.53379E-05,0.00191698,0.000107281,5.76307E-05,,0.000168395,0.000365761,0.025087057,5.41548E-05,0.037138603,0.000872027,0.001103951,0,0.000115081,0.00014404,0.000109387,0,0.002468167,0.099849738,0.000429943,0.078466376,0.000665637,0.030691498,0.000244266,4.64733E-05,5.39528E-05,8.81317E-05,2.59574E-05,0.00081014,0.025241007,0,0.001025198,0.011546267,0.026692246,7.86805E-05,0.058787099,0.010170477,0.01242382,0.048018132,0,0.003579272,0,0.01048179,0.000508375,0.047859765,0.000811301,0.000487915,0,9.21381E-06,0.000333822,0.041697865,0,0,0.003271142,0.053200731,0.023780286,0.046712887,0.004974749,0.00017172,0.000144853,4.73868E-06,8.64553E-05,1.69686E-05,0.001254827,0.002202766,7.23316E-05
2026-07-21,0.032562369,0.073771768,,0.000403811,0.067214296,0.011585732,0,0.029180627,0,0.000586574,0.003893076,0.005483721,0.165435721,1.27417E-06,5.28943E-05,0.003826541,0.000165467,0.000101701,,0.000182142,0.000483418,0.052398086,0.000676934,0.050415979,0.001183788,0.001918161,0,0.00025393,0.000167361,0.000130048,0,0.009565209,0.117603448,0.000640615,0.091564614,0.000906103,0.05571659,0.000534684,6.73389E-05,8.23245E-05,0.000143569,0.000117572,0.002287955,0.033679654,3.56911E-05,0.002003719,0.015276567,0.033970538,0.000150725,0.069785923,0.013456294,0.016437635,0.054339338,1.15106E-05,0.005011417,0,0.013868185,0.001282027,0.053452142,0.004991542,0.003119787,0,2.30345E-05,0.000498508,0.057342169,0,0,0.00467624,0.064465737,0.030967258,0.049240563,0.010614365,0.005877334,0.000248006,1.18467E-05,0.0001338,2.58065E-05,0.011105256,0.005151566,0.000216995
2026-07-22,0.035668773,0.077427707,,0.000440521,0.072423056,0.01943278,0,0.035857083,0,0.000709346,0.005160915,0.012509595,0.172543759,1.27417E-06,5.66724E-05,0.012969549,0.00032548,0.000186452,,0.000240564,0.000565267,0.098479763,0.003559772,0.058545306,0.001968462,0.003462225,0,0.000562898,0.000229092,0.000162864,1.71652E-06,0.020821963,0.129542569,0.000848707,0.107521406,0.00166026,0.076899976,0.001963133,0.000106225,0.000112557,0.000253023,0.001045167,0.003962812,0.042848264,0.000216186,0.012324441,0.020053514,0.042933876,0.000192435,0.081800272,0.017664047,0.021577646,0.065544936,7.72855E-05,0.009192234,2.01383E-05,0.018204735,0.004489228,0.058095813,0.008824485,0.026463656,0,8.10816E-05,0.000688416,0.071955374,0,0,0.007101781,0.075784275,0.035355052,0.051176541,0.019653848,0.02323272,0.000406028,1.81649E-05,0.000368464,4.17145E-05,0.022911198,0.010849593,0.000577009
2026-07-23,0.040022665,0.081189946,,0.000531217,0.088245893,0.031981083,0,0.043691062,0.000290539,0.000941247,0.008656567,0.016140894,0.178823795,3.8225E-06,7.55632E-05,0.045369578,0.000438216,0.000308494,,0.000278367,0.000741752,0.113265451,0.015374534,0.068910592,0.002497101,0.00575815,0,0.002481756,0.000305914,0.000607703,1.71652E-06,0.03821509,0.140053459,0.001022404,0.122762613,0.003485013,0.10713486,0.008567318,0.000211501,0.000166974,0.000343998,0.005773992,0.010402114,0.05280414,0.000851488,0.045269959,0.028542761,0.050856062,0.00045028,0.093845098,0.025141762,0.030712103,0.075751009,0.000149638,0.019312145,0.007908322,0.025911339,0.006766681,0.062285754,0.014834021,0.057700987,0,0.000714992,0.003680949,0.086117767,0,5.86764E-06,0.009819785,0.085401967,0.043566916,0.053423485,0.031464233,0.03275969,0.00064306,2.36934E-05,0.001309181,5.83297E-05,0.030868577,0.023494345,0.001329093
2026-07-24,0.043001409,0.083479179,,0.000721245,0.099610708,0.050193212,0,0.060746014,0.001299354,0.00129592,0.015566707,0.019360799,0.187393736,1.14675E-05,0.00010201,0.057625955,0.000825519,0.000423755,,0.000341945,0.001828804,0.119479343,0.039928299,0.075855899,0.008238324,0.009076116,0,0.006778546,0.000488364,0.00849083,1.71652E-06,0.047183471,0.14998661,0.001399034,0.135300498,0.008023893,0.130936753,0.017177411,0.000438177,0.000439529,0.000460559,0.013925376,0.020880069,0.065610219,0.002234264,0.079011533,0.04140976,0.064048973,0.00086833,0.107086585,0.036475599,0.044557036,0.081363569,0.000351896,0.045013861,0.038713422,0.0375921,0.009671927,0.065328346,0.024492304,0.090232728,0,0.009749136,0.006492476,0.096517664,0,6.74778E-05,0.034068837,0.091326461,0.049686768,0.056805237,0.041350586,0.038004535,0.001077619,3.39606E-05,0.003539522,7.63588E-05,0.036522905,0.029998129,0.005869545
2026-07-25,0.046398968,0.0865201,,0.000986853,0.111557004,0.074676004,0,0.073176683,0.00784051,0.002714611,0.023316475,0.025938507,0.203257216,2.16608E-05,0.000128457,0.066397011,0.000887342,0.00080005,,0.000434734,0.004194738,0.125840397,0.077499061,0.08122723,0.013559348,0.014159426,0,0.011459357,0.001259321,0.02070445,1.71652E-06,0.051941075,0.164660696,0.003553908,0.14751088,0.016716909,0.151364969,0.031372977,0.001386611,0.003155306,0.00065388,0.035357781,0.037892303,0.078839466,0.003209142,0.095951062,0.057126727,0.079610491,0.002615416,0.1196639,0.050319818,0.061468543,0.086253817,0.000827119,0.08580382,0.077011995,0.051860084,0.030316575,0.069352209,0.036837584,0.112035359,0,0.030319894,0.01064226,0.106045574,0,0.000135689,0.071555048,0.099393194,0.05471671,0.05985227,0.046906011,0.047467789,0.002115733,4.81766E-05,0.006341087,0.000151304,0.042487135,0.037546061,0.016005011
2026-07-26,0.052356455,0.090996063,,0.003472342,0.124308638,0.101069989,0,0.079572835,0.014906251,0.003915042,0.033540348,0.056903375,0.222752111,5.98858E-05,0.000158683,0.074925398,0.001612853,0.002025551,,0.001067074,0.008652926,0.133616855,0.123823037,0.091223,0.023029655,0.021116886,0,0.018967169,0.00249395,0.029993801,1.71652E-06,0.055258205,0.180334047,0.007517122,0.161459112,0.047199618,0.157860306,0.046900186,0.004026105,0.00589713,0.001371727,0.059773758,0.058395299,0.093796642,0.005038567,0.104625357,0.068835419,0.097834392,0.004598545,0.128430987,0.060633366,0.074067133,0.088459797,0.002478068,0.099377568,0.103925363,0.062489325,0.065182085,0.073697373,0.054998362,0.122197627,0,0.08548115,0.013219369,0.119666679,0,0.000206101,0.101793247,0.108428364,0.059125954,0.062535429,0.052715249,0.056423653,0.0030902,5.84437E-05,0.01105599,0.000449315,0.053535536,0.046583573,0.042156172
2026-07-27,0.059848106,0.096755212,,0.00910842,0.13915688,0.126996638,2.8493E-06,0.085119361,0.023882687,0.007843726,0.062208054,0.090081497,0.239813368,0.00032109,0.00018513,0.083698573,0.003814844,0.00587325,,0.002022458,0.013540819,0.141335441,0.15742245,0.100122805,0.02423001,0.040921989,0,0.037467758,0.007756213,0.043150577,1.71652E-06,0.058448736,0.191385484,0.015542438,0.1741333,0.081878979,0.163597839,0.056199177,0.011624014,0.009328246,0.006136522,0.080764888,0.070212855,0.113970228,0.008993143,0.111734698,0.080837086,0.119281783,0.010861703,0.1389232,0.07120498,0.086980966,0.094144587,0.007251679,0.109364953,0.132573145,0.073384531,0.1069209,0.080525024,0.065884143,0.132041315,0,0.120217225,0.014889965,0.133042879,0,0.000629304,0.125406509,0.122164586,0.063490957,0.06747417,0.060256612,0.0668776,0.003895671,7.34496E-05,0.023976945,0.002357225,0.072219402,0.054745154,0.064773771
2026-07-28,0.06497692,0.103045857,,0.017445928,0.152233379,0.145752828,1.42465E-05,0.090385585,0.045560104,0.019616135,0.071975729,0.107293395,0.255181767,0.000643454,0.000302253,0.094298655,0.008622492,0.014622951,,0.003591281,0.017848099,0.149819602,0.174280825,0.110906349,0.033493983,0.052761039,0,0.078241606,0.030633886,0.058881583,1.71652E-06,0.064600003,0.210098786,0.028415789,0.18466641,0.120210634,0.169352934,0.068195224,0.023515487,0.018333706,0.013171417,0.089354493,0.090194894,0.130077008,0.024379076,0.117997911,0.093085985,0.141821493,0.018717432,0.148805293,0.071761987,0.100160821,0.098829855,0.013487137,0.12107953,0.157213902,0.084504176,0.121465042,0.090898927,0.076750239,0.141714232,0,0.152697758,0.037162598,0.145781076,0,0.002048539,0.140303081,0.13617236,0.066609199,0.072004768,0.067461207,0.078783009,0.004644078,0.000100302,0.035805887,0.003852232,0.091391745,0.062647938,0.091129598
2026-07-29,0.071167331,0.11232807,,0.024995249,0.16513243,0.161990988,7.12326E-05,0.096906639,0.075967807,0.031620446,0.08233954,0.122756294,0.268351171,0.009938496,0.000460936,0.110273485,0.015993978,0.017948583,,0.008170594,0.019630863,0.162569819,0.184505242,0.119202351,0.044021567,0.061296794,0,0.151240753,0.074062642,0.076060138,3.43305E-06,0.073370505,0.226121757,0.056086917,0.190260469,0.156644351,0.176646467,0.082925473,0.037503948,0.036800899,0.02352973,0.102081248,0.103635566,0.145034184,0.045253285,0.127592168,0.100740321,0.167528928,0.037578953,0.158104294,0.0744118,0.104884971,0.104832853,0.020949296,0.134111178,0.185607437,0.097400023,0.130789807,0.107351501,0.096480189,0.152398856,0,0.192950143,0.086776032,0.158346125,0,0.003863105,0.157596585,0.149762587,0.0702114,0.07719185,0.076534118,0.094989969,0.005629518,0.000126365,0.043874022,0.014073707,0.109422171,0.069713611,0.104103257
2026-07-30,0.082582862,0.12959033,,0.034764451,0.173879216,0.178354701,0.000182355,0.104548907,0.096194548,0.046816811,0.095930322,0.138023838,0.28040265,0.034840799,0.000887868,0.128640036,0.030560571,0.026803376,,0.023760879,0.026102014,0.178866816,0.193105017,0.130240625,0.071959576,0.071270253,0,0.216147925,0.151856607,0.087006089,5.14957E-06,0.081832486,0.24867839,0.101752018,0.195810987,0.19103585,0.189278874,0.107049267,0.052537584,0.067970711,0.030449486,0.115821105,0.114614631,0.158226403,0.070207498,0.136547374,0.117692659,0.184953137,0.065228993,0.168308411,0.087450949,0.115156276,0.114658249,0.024389321,0.147118285,0.20243704,0.112163066,0.14222143,0.127524005,0.111751497,0.16211339,0,0.217357534,0.202386905,0.171145159,0,0.019171035,0.179881044,0.165225935,0.074384697,0.085122556,0.084303294,0.11335625,0.00844757,0.000152428,0.051625154,0.041884578,0.12597195,0.074496887,0.124899414
2026-07-31,0.092034213,0.147721966,,0.044211899,0.183818993,0.194341755,0.000324821,0.110202908,0.103002032,0.078737365,0.112515778,0.151907811,0.29059911,0.057197319,0.002297122,0.14377983,0.046787294,0.037854916,,0.054492968,0.046500207,0.197161254,0.203504535,0.137986285,0.105406871,0.083906398,0,0.273579808,0.207449202,0.094224388,8.58262E-06,0.091824305,0.264069071,0.159104687,0.201781769,0.219747476,0.207349381,0.12961854,0.076188697,0.109536662,0.044178123,0.139477447,0.133660366,0.173892383,0.091779213,0.147149008,0.13838701,0.191477729,0.09659029,0.179603382,0.130721787,0.11970265,0.127427554,0.02974504,0.163689939,0.217087172,0.131226147,0.157459897,0.144029768,0.128956149,0.175187363,0,0.258835356,0.242699303,0.189787603,0,0.054519877,0.207092879,0.178643401,0.07883818,0.095017314,0.091910276,0.127389124,0.012909484,0.000202184,0.06811548,0.075820062,0.140059322,0.079501635,0.142076525
2026-08-01,0.107281796,0.167611339,,0.049442007,0.193554023,0.209526666,0.000510025,0.115027616,0.10759214,0.116032575,0.129252367,0.163983029,0.300216951,0.067584321,0.005912823,0.161077154,0.060475637,0.054862763,,0.104690145,0.099758035,0.2200293,0.219805115,0.151152022,0.122062744,0.097069456,0,0.316476407,0.243252067,0.111203617,1.37322E-05,0.104915162,0.281106185,0.208828448,0.213151623,0.248554591,0.230709587,0.151138707,0.112114449,0.154653263,0.062495291,0.163646066,0.154227153,0.184639934,0.116466253,0.16098918,0.161857771,0.199539041,0.123995757,0.195454985,0.210486619,0.123087614,0.143542921,0.073881622,0.18077206,0.220861598,0.154667215,0.172312818,0.166004164,0.148524402,0.190888902,0,0.286776243,0.262102547,0.21073091,0,0.093145794,0.234161662,0.191711451,0.083567157,0.101291696,0.110900494,0.143709527,0.017759869,0.000292219,0.082651297,0.116125144,0.156614707,0.08821565,0.160138055
2026-08-02,0.132083754,0.179794007,,0.056939502,0.205150885,0.227341211,0.000692381,0.120324339,0.11184934,0.150626816,0.137469528,0.178027883,0.309700887,0.07330915,0.009796773,0.170129028,0.082922847,0.074874187,,0.150082909,0.157502187,0.244135826,0.247539569,0.164228131,0.151609259,0.113598159,0.026388435,0.366655659,0.274411356,0.129513716,4.46296E-05,0.116167661,0.303667778,0.246532725,0.224765684,0.279598387,0.256591709,0.174468919,0.153603719,0.195498758,0.1095448,0.202033227,0.176743804,0.192930473,0.14031812,0.177469577,0.181798017,0.204287179,0.144807228,0.203146169,0.25977714,0.134570864,0.171310938,0.150844796,0.190978685,0.231015344,0.17750907,0.188324937,0.189585066,0.163449817,0.202667748,0,0.311167971,0.296370534,0.249592864,0,0.143002367,0.256970649,0.202276653,0.090950528,0.112132307,0.127823058,0.163810104,0.020604257,0.000458073,0.096595307,0.147698453,0.175221697,0.099307617,0.178019577
2026-08-03,0.145033449,0.192352519,,0.064454272,0.218230114,0.249605904,0.000877585,0.128766853,0.115434668,0.181196884,0.156520693,0.196391224,0.31746371,0.076898476,0.017160409,0.186548928,0.090976204,0.099552006,,0.166259139,0.194467038,0.271891649,0.285462337,0.179154959,0.189669714,0.138710297,0.028695957,0.419421741,0.296734818,0.156258736,8.41096E-05,0.1298096,0.328889947,0.280466402,0.233417071,0.308614603,0.287741577,0.197236305,0.182609694,0.23556473,0.157660417,0.23906755,0.201637716,0.204295141,0.164801211,0.204933511,0.192593141,0.208861695,0.157018824,0.214752813,0.284261059,0.141398547,0.1959613,0.190257098,0.202537831,0.236018209,0.19701496,0.203239273,0.209009676,0.17631956,0.221508447,0,0.33364691,0.328319567,0.282595809,0,0.194315581,0.291529045,0.218479711,0.096194296,0.122660873,0.141745669,0.190849416,0.026290839,0.000772405,0.110328324,0.167426955,0.190414149,0.108909009,0.196966347
2026-08-04,0.163656195,0.208665677,,0.070565422,0.240921525,0.272198429,0.001020051,0.140828624,0.119645462,0.204768985,0.172775895,0.21853985,0.32642431,0.080473786,0.028347546,0.202994261,0.097405797,0.119282057,,0.178211748,0.221377306,0.291755267,0.332085969,0.189749815,0.221488923,0.155183986,0.042448729,0.453594668,0.326025702,0.191115379,0.000159637,0.140238667,0.336301377,0.30919433,0.242308879,0.339366355,0.320803957,0.223962601,0.206612675,0.270485189,0.197006935,0.282096502,0.228820293,0.21495894,0.191324814,0.234113463,0.206803922,0.213800125,0.181465714,0.230198435,0.301732346,0.146414178,0.218116757,0.209341676,0.211137247,0.243207593,0.216192704,0.222421914,0.226945012,0.191372927,0.239736382,0,0.351080366,0.357142539,0.312216877,0,0.221355116,0.325483439,0.233753265,0.106110736,0.143033449,0.15480036,0.221856162,0.031525303,0.001592987,0.125192466,0.185770747,0.203940973,0.119546587,0.214276614
2026-08-05,0.185618268,0.225157266,,0.077786511,0.257268513,0.298215755,0.001116927,0.153915755,0.123252985,0.220292741,0.193316,0.242864957,0.335790312,0.086261049,0.039262654,0.237436313,0.105819182,0.135281365,,0.193477271,0.237828865,0.308680598,0.382756766,0.20790636,0.242410049,0.178159128,0.062630018,0.482491363,0.349212032,0.224520826,0.000231731,0.160521251,0.354303043,0.333167089,0.252872279,0.368560306,0.349690951,0.251798788,0.235158659,0.305227511,0.238192846,0.326012586,0.258589222,0.23352273,0.219276062,0.262587318,0.221282443,0.2323362,0.1971402,0.242062123,0.318006141,0.154748896,0.245418199,0.240805084,0.226586526,0.25220993,0.237263253,0.25689079,0.24644452,0.199225819,0.251276293,0,0.368887902,0.395811048,0.337499844,0,0.275222952,0.358070884,0.253273826,0.116903261,0.1642655,0.17162759,0.263347936,0.038761374,0.004360377,0.140900576,0.210543173,0.216856799,0.133350951,0.237557526
2026-08-06,0.209130185,0.245054232,,0.091919894,0.271933848,0.328697181,0.00126794,0.171635884,0.126846384,0.235489107,0.214382272,0.269479161,0.342285334,0.092356659,0.070205796,0.263251426,0.112137858,0.148897473,,0.210876943,0.26163912,0.330989758,0.429784753,0.235314929,0.261939545,0.203749277,0.081812944,0.500055039,0.368787759,0.259320345,0.000791317,0.188081735,0.372594819,0.356539647,0.266710712,0.401016927,0.387558317,0.281312192,0.271404983,0.341417255,0.271715568,0.365203662,0.282621962,0.253077435,0.247095762,0.285277461,0.233196845,0.244655256,0.210153768,0.254944209,0.333861083,0.165994811,0.267343297,0.273697452,0.234101198,0.270498555,0.257854424,0.286352679,0.262660461,0.210716209,0.264127116,0,0.419573087,0.427881741,0.37115795,0,0.290997359,0.38042528,0.267848062,0.129837398,0.184107922,0.184709519,0.297089772,0.045069069,0.008106304,0.155764718,0.234894211,0.228686764,0.152472115,0.268558193
2026-08-07,0.235208747,0.278432236,,0.101371662,0.285144114,0.354770308,0.001387611,0.188984211,0.129852652,0.264776897,0.231611442,0.287483969,0.346367603,0.100245022,0.138703864,0.291758153,0.119282053,0.16277631,,0.235850953,0.286835684,0.355066521,0.475453456,0.254630336,0.279979517,0.234749154,0.100907909,0.516899456,0.382929747,0.295848171,0.002128489,0.219509367,0.413877152,0.380950088,0.278983566,0.430777541,0.41867394,0.307387863,0.306954207,0.374324253,0.306076962,0.398873449,0.298434934,0.279128629,0.273702985,0.31350605,0.246202007,0.262657819,0.231066671,0.271286898,0.350829062,0.178007779,0.290634932,0.309266857,0.250524511,0.28404863,0.278949317,0.306825878,0.278480202,0.22173416,0.281658337,0.007440516,0.438630017,0.456550412,0.403733481,0,0.334631303,0.408660739,0.282792153,0.147042697,0.204571197,0.202529718,0.333692573,0.052057134,0.021380931,0.172777892,0.256085197,0.247037504,0.176719461,0.296627786
2026-08-08,0.252185345,0.30821884,,0.107467695,0.297289698,0.377021051,0.00151298,0.207295447,0.133637726,0.283956512,0.252705702,0.308090442,0.353170976,0.111879433,0.166956955,0.316110894,0.130013801,0.196107214,,0.267644961,0.309014083,0.382420541,0.507538342,0.271648461,0.298402036,0.258399136,0.122040647,0.537137525,0.400322924,0.324576735,0.006023279,0.26647049,0.441844204,0.403277885,0.290245514,0.457856787,0.449181914,0.332463957,0.341052326,0.403768042,0.334844839,0.433328066,0.308284906,0.30541521,0.297083729,0.346331904,0.265516471,0.276995939,0.253886865,0.290967703,0.367110668,0.1899657,0.316702587,0.338645202,0.28271451,0.30524825,0.298333489,0.340623459,0.295790303,0.236689103,0.285728841,0.050654388,0.46397998,0.477241469,0.431501379,0,0.355446743,0.441486605,0.294710245,0.164872716,0.224553985,0.220269439,0.359689909,0.061235553,0.051562383,0.18990634,0.272566328,0.265787033,0.208074287,0.325904001
2026-08-09,0.279919014,0.342990126,,0.12233312,0.313011526,0.39975308,0.001715281,0.222562556,0.137178667,0.294392077,0.269299554,0.325293147,0.360115625,0.133642191,0.188171332,0.332406811,0.143289384,0.229438117,,0.300921877,0.329880348,0.408220261,0.554308191,0.291408858,0.317497779,0.281776493,0.140468571,0.558232449,0.41564604,0.359223112,0.015809178,0.32537456,0.47265532,0.424897996,0.303646645,0.484114964,0.479571345,0.354074176,0.367065989,0.42897747,0.361494713,0.464517395,0.322406719,0.32972525,0.324103949,0.369729842,0.279491991,0.299210828,0.280425899,0.313747984,0.397669434,0.199170348,0.355432177,0.361418106,0.324874442,0.348852266,0.314733291,0.370329301,0.316979899,0.254221369,0.291655575,0.097185143,0.511802434,0.497923624,0.452224739,0,0.420884091,0.470910993,0.305213642,0.181970097,0.248223014,0.244378026,0.385897816,0.06833994,0.139850337,0.210649444,0.294929209,0.2808922,0.247851482,0.354481559
2026-08-10,0.307509345,0.375578477,,0.13222109,0.331498802,0.419785723,0.002444702,0.238191301,0.140061861,0.304418405,0.284703933,0.345513507,0.368824385,0.152919051,0.212366678,0.351471698,0.166231178,0.269988118,,0.344266408,0.351519058,0.43500382,0.581623848,0.307018109,0.33086284,0.303350608,0.160051721,0.574665326,0.430703025,0.382715704,0.034428303,0.380887029,0.490644589,0.447525033,0.320676815,0.509080201,0.503858829,0.372700298,0.384779902,0.45438829,0.387658442,0.495375386,0.337121784,0.3613931,0.355108317,0.385161278,0.296673253,0.314890202,0.294342871,0.335227521,0.420906066,0.210078758,0.382052303,0.37853766,0.364902518,0.361469434,0.343872316,0.40957827,0.3371676,0.269783733,0.319119457,0.138097871,0.528839695,0.51912951,0.473957358,0.004067333,0.443858088,0.504671471,0.317478231,0.202449818,0.270507814,0.26844328,0.415102667,0.080066457,0.208149742,0.225787361,0.317761555,0.299097197,0.267246871,0.378415922
2026-08-11,0.328640506,0.412107499,,0.140785337,0.34717695,0.436107585,0.004094449,0.257131404,0.145333928,0.317350321,0.298028833,0.360638557,0.384216126,0.18568933,0.232005561,0.379287507,0.191491335,0.327998536,,0.37992491,0.390885652,0.454282095,0.615463348,0.326976629,0.340361763,0.322464977,0.18633167,0.592106415,0.448521463,0.402316565,0.061932153,0.438034659,0.500557903,0.469109889,0.337171243,0.532811743,0.532331358,0.398707304,0.407387736,0.472495022,0.410072311,0.526246355,0.353240242,0.390675347,0.389290216,0.40437101,0.313598658,0.329754361,0.348431461,0.350801953,0.4544261,0.221767759,0.39693974,0.396226167,0.405982615,0.377571035,0.372929325,0.451773428,0.360531406,0.291032237,0.327790713,0.175194833,0.553030561,0.548013311,0.494860108,0.035569275,0.506003692,0.547278975,0.328735938,0.224739353,0.29020663,0.292154433,0.441976475,0.100679493,0.23611744,0.242602923,0.343793195,0.327278347,0.277905352,0.40550986
2026-08-12,0.356768355,0.453727502,,0.148518208,0.365022686,0.449827714,0.008562156,0.275288691,0.153573929,0.329422838,0.31806796,0.374299596,0.40362994,0.214374633,0.254867217,0.397170839,0.226399519,0.386425928,,0.415865215,0.412166275,0.474102723,0.647871357,0.344957066,0.350131783,0.348130924,0.217953811,0.61240953,0.465210902,0.420748204,0.101987219,0.491063003,0.521740855,0.490663789,0.360509163,0.557942867,0.555197191,0.428378299,0.424720378,0.490809194,0.442243206,0.558211353,0.369785387,0.42020885,0.423662807,0.423742838,0.333238687,0.355381883,0.369217337,0.3700095,0.460778719,0.226889875,0.43166733,0.412110798,0.431442185,0.435890633,0.40398484,0.484097915,0.383920178,0.313581354,0.344162418,0.201666981,0.597829041,0.569665777,0.516235508,0.066273195,0.525688879,0.590299743,0.348982582,0.24543089,0.303139782,0.313193732,0.470358468,0.126632341,0.251439177,0.258465418,0.373169775,0.349318294,0.317889585,0.441369895
2026-08-13,0.378257861,0.495286762,,0.15725089,0.384801232,0.462194663,0.017024587,0.296090708,0.165048191,0.351576248,0.340567197,0.387657261,0.421026575,0.25964066,0.274509878,0.423711841,0.258594763,0.441083593,,0.450977292,0.429881371,0.495639694,0.675876585,0.35986817,0.361998283,0.369495985,0.258200573,0.624498082,0.480067603,0.43685234,0.141472399,0.544425401,0.537721673,0.513523855,0.394281755,0.580879826,0.570765101,0.457380659,0.453476914,0.510411255,0.46994071,0.587496631,0.389271278,0.446732581,0.452734756,0.443250455,0.353952842,0.368294241,0.402891651,0.385002565,0.49924494,0.232315203,0.451882306,0.425992584,0.47104978,0.461855485,0.42906827,0.51892163,0.410429697,0.33275872,0.369618673,0.23515717,0.614540134,0.591401327,0.541699425,0.070602635,0.578276103,0.630112948,0.36022277,0.266300727,0.316763969,0.331931374,0.5055844,0.150177555,0.272652674,0.276180527,0.399447106,0.359311263,0.392783627,0.468380816
2026-08-14,0.396257982,0.5307414,,0.165899354,0.403042811,0.472455115,0.033667367,0.317655209,0.176762551,0.365517618,0.357191835,0.394368269,0.436227899,0.301716174,0.294469905,0.442047661,0.306560331,0.498870268,,0.483611557,0.45081158,0.514683171,0.690559744,0.373401848,0.378712894,0.389559043,0.305529697,0.641756543,0.495589631,0.455935438,0.184385476,0.59009712,0.558983972,0.534832688,0.413085743,0.605382254,0.593390334,0.484847632,0.482343468,0.528053343,0.495011322,0.616451335,0.41545943,0.47456372,0.490121717,0.459951507,0.3778466,0.383743652,0.42724185,0.397864525,0.527390169,0.25870547,0.473290073,0.438955166,0.512307123,0.494494181,0.45227538,0.558203012,0.442380712,0.347454946,0.376060588,0.273467627,0.64017204,0.614880173,0.56601525,0.149782241,0.599071006,0.668343034,0.374797006,0.280283886,0.351260653,0.362941218,0.532668779,0.165681227,0.293709005,0.292358995,0.432159081,0.363942991,0.456867394,0.482841383
2026-08-15,0.413857204,0.568094242,,0.176594945,0.417680846,0.482415636,0.058254004,0.342115697,0.187700124,0.384642667,0.379036163,0.405765492,0.453439033,0.347275259,0.322821229,0.457671733,0.350883796,0.537345562,,0.521868154,0.468907782,0.53467411,0.722408154,0.379976068,0.394944049,0.411614837,0.344886581,0.658081843,0.522235666,0.481285171,0.227023909,0.626685561,0.575475581,0.553985786,0.432546631,0.634158004,0.615460605,0.517870811,0.492973523,0.548925619,0.519489178,0.641349051,0.443793072,0.499195543,0.51885511,0.482853818,0.405892694,0.396397303,0.452067923,0.414351548,0.558785667,0.270879068,0.501007332,0.45323489,0.543771777,0.537115949,0.490374207,0.60060715,0.466021314,0.370366829,0.391960163,0.321928736,0.669525406,0.639108264,0.585882221,0.206492054,0.641476415,0.695043059,0.395918649,0.294275089,0.380768928,0.389693183,0.560925672,0.192531725,0.313287658,0.309813709,0.464748741,0.377384932,0.479718229,0.507584544
2026-08-16,0.431944672,0.600413049,,0.189059099,0.426965433,0.490604467,0.085846656,0.37092888,0.198318911,0.417108871,0.414969452,0.416130782,0.47167964,0.387281528,0.347099694,0.471174306,0.397660181,0.580075361,,0.54779583,0.493487925,0.551215826,0.737710481,0.38630342,0.412631595,0.437159753,0.388946471,0.68029631,0.547604546,0.514571508,0.265695458,0.654271577,0.589559529,0.573843991,0.45683488,0.66204856,0.641017828,0.547464137,0.518509175,0.571684847,0.543381384,0.663069278,0.477716893,0.530025875,0.539177636,0.501546708,0.431526757,0.427549659,0.474712745,0.429143349,0.608493577,0.28285233,0.511514044,0.47474985,0.599793959,0.554005464,0.519546708,0.647496251,0.509942969,0.378838391,0.412286134,0.353405424,0.681937333,0.674385136,0.60778019,0.212506465,0.658174241,0.72400014,0.413201587,0.307262851,0.41451627,0.419012999,0.583415567,0.216230571,0.329224633,0.322502058,0.499222625,0.404055805,0.528004889,0.526430214
2026-08-17,0.449826091,0.623924193,,0.203630843,0.436659514,0.499274584,0.109025738,0.402064371,0.207236835,0.448238231,0.447885676,0.427773922,0.486425195,0.42982721,0.376856494,0.486115939,0.444929331,0.616520019,,0.570711297,0.511862924,0.571626756,0.754834214,0.391883881,0.436295315,0.46258975,0.43171626,0.697230791,0.576663594,0.543990423,0.306526392,0.683512967,0.612984012,0.597241486,0.481020902,0.691548496,0.665858518,0.578947428,0.538346632,0.59482686,0.568905448,0.685352169,0.507460306,0.558595792,0.557966463,0.517004453,0.453817247,0.452987463,0.497095931,0.443135841,0.645898018,0.306690564,0.532548942,0.495381782,0.661273126,0.578049623,0.541779671,0.684106104,0.538589792,0.393863637,0.43078314,0.376351698,0.698216298,0.693015396,0.629611084,0.240060425,0.699640094,0.753297369,0.433699344,0.320259997,0.443305436,0.451180481,0.605897692,0.24144818,0.337798488,0.342815974,0.531143438,0.432075197,0.575744591,0.535124801
2026-08-18,0.469398451,0.647374595,,0.216302301,0.446825878,0.509193254,0.130914085,0.440924915,0.215565612,0.499188345,0.481087375,0.440766158,0.509421283,0.472269685,0.40394969,0.503448232,0.495493284,0.648618642,,0.59751016,0.531516807,0.590394098,0.773831701,0.395123033,0.456397126,0.486292301,0.477495796,0.71122194,0.60036984,0.585604726,0.348701364,0.710123419,0.628220959,0.621287335,0.501168978,0.716509551,0.688901729,0.613269607,0.561610783,0.612241509,0.591009434,0.70711973,0.538838884,0.587244172,0.579171069,0.530687621,0.474874394,0.474928697,0.524489074,0.457924191,0.682093739,0.328772695,0.544105934,0.512805545,0.693729266,0.620250501,0.562303695,0.713321483,0.555006545,0.409493492,0.450102426,0.42095884,0.725000852,0.711206494,0.660239851,0.303749997,0.717649337,0.77539427,0.468893486,0.339057931,0.476759089,0.483406155,0.633507333,0.266929158,0.35550852,0.36538802,0.56332373,0.46734888,0.64812531,0.539731831
2026-08-19,0.496222819,0.66980756,,0.22963454,0.459154368,0.525089631,0.140596017,0.478834169,0.225474194,0.536442632,0.522147993,0.456654241,0.523034172,0.51190772,0.431469818,0.519751566,0.534952733,0.679862974,,0.626905398,0.553071111,0.61126305,0.792182942,0.397220619,0.481136196,0.509642762,0.512467802,0.728456633,0.627092696,0.624446686,0.386684587,0.73371675,0.646078811,0.644297022,0.522723616,0.74056032,0.717765014,0.644465857,0.589571583,0.623656239,0.609676287,0.729834735,0.577222375,0.616556394,0.601945064,0.545154964,0.492175268,0.490029142,0.555204811,0.471946586,0.688165657,0.351007335,0.565937327,0.533526273,0.732088505,0.641615255,0.57723893,0.727585848,0.575019484,0.432305544,0.478750937,0.457201862,0.733738311,0.734126001,0.692264735,0.356454493,0.750636455,0.797974371,0.493753099,0.358521476,0.503356379,0.511173375,0.660085099,0.286774034,0.378100973,0.39324825,0.588814141,0.495854347,0.704381444,0.556774142
2026-08-20,0.527508583,0.689829807,,0.246233977,0.471338171,0.545882566,0.146286076,0.518481887,0.238744146,0.587092638,0.579500197,0.469377577,0.545161718,0.548845797,0.456605926,0.538811155,0.568004408,0.716819529,,0.652711074,0.572410389,0.635541541,0.807923923,0.399193986,0.500740997,0.533166824,0.544415401,0.755410703,0.648697329,0.672023773,0.420223732,0.751733302,0.663311811,0.66992936,0.540545094,0.760552444,0.747127063,0.675680117,0.617742934,0.633722615,0.636601928,0.750583087,0.60773978,0.645949723,0.625664365,0.555433252,0.511699646,0.513416836,0.57976356,0.487031657,0.706028461,0.372815132,0.586572024,0.543175446,0.769413175,0.662910029,0.613327535,0.746267791,0.583333152,0.469245771,0.489303537,0.485429083,0.743825594,0.75889711,0.71908733,0.401712352,0.773842957,0.818532659,0.524553753,0.37978545,0.531295788,0.542329316,0.68922468,0.315435196,0.396920647,0.42450597,0.614859567,0.515291749,0.744252204,0.593342698
2026-08-21,0.567007169,0.710398737,,0.263392703,0.485408374,0.571551135,0.15342358,0.556250263,0.252687988,0.620227263,0.624417508,0.47961876,0.557101404,0.594480057,0.474465296,0.563348282,0.57978351,0.755694849,,0.688544844,0.594691098,0.657541495,0.833288204,0.402346655,0.530245342,0.559022264,0.573728554,0.786884221,0.666241406,0.714238487,0.450666268,0.77585431,0.69341625,0.697169686,0.562646832,0.782975016,0.769358027,0.708065054,0.643831524,0.644045731,0.665092616,0.774202784,0.63927996,0.672704431,0.651527172,0.568319516,0.526026078,0.54509293,0.602119255,0.501890737,0.736674122,0.397399664,0.604600542,0.559411973,0.800978178,0.691834713,0.654390646,0.767292014,0.600127652,0.494249884,0.504786232,0.512472022,0.769281516,0.781114848,0.745753934,0.449042492,0.801366573,0.837377491,0.542364707,0.401442891,0.566917563,0.567444492,0.716523515,0.340172156,0.413020317,0.454065459,0.640320636,0.551137993,0.778066105,0.620003469
2026-08-22,0.600100337,0.732440672,,0.281523166,0.501872751,0.603441541,0.164359206,0.598762016,0.273988108,0.639188618,0.665072306,0.494035936,0.569682362,0.630694408,0.50221967,0.588370747,0.606540148,0.791414038,,0.717562053,0.616854151,0.678815558,0.848863111,0.405368815,0.55793334,0.585495085,0.597236251,0.810539707,0.675373544,0.740494914,0.485940818,0.797272038,0.709342518,0.721723727,0.580526996,0.803866273,0.793181872,0.73295429,0.672830859,0.656279985,0.68523212,0.797227751,0.664326262,0.700236709,0.671649827,0.583632986,0.553139045,0.580192007,0.624029409,0.521259871,0.75285077,0.425108362,0.62614301,0.601290832,0.815860817,0.709231209,0.671923605,0.790120287,0.62870609,0.508244482,0.526257368,0.52734856,0.779652584,0.791087979,0.764307464,0.486184406,0.82727072,0.856498892,0.571548705,0.426440444,0.603006866,0.586871765,0.735013341,0.361816721,0.418822043,0.488170029,0.672094034,0.581493268,0.813240186,0.652864208
2026-08-23,0.63485309,0.751460667,,0.30016973,0.520673972,0.634229873,0.181643079,0.645227068,0.296728816,0.66483419,0.699852505,0.509117319,0.58266135,0.664215171,0.525357131,0.621312278,0.630160176,0.820297205,,0.750402516,0.643882077,0.703355303,0.869044782,0.409156736,0.586900011,0.607610783,0.619807159,0.832134986,0.689718559,0.769904104,0.540103987,0.81713865,0.728259145,0.743993052,0.5970006,0.823644417,0.812472065,0.759349645,0.699040848,0.668974232,0.708143507,0.818926601,0.686516872,0.728436355,0.696456177,0.600579305,0.576029176,0.619770165,0.640058432,0.550229902,0.777180425,0.455596503,0.647252091,0.618499182,0.83124847,0.718927312,0.709513599,0.806608368,0.648887278,0.531004509,0.532785386,0.553726326,0.798616454,0.804666393,0.780550772,0.526022274,0.840612992,0.871888203,0.58520025,0.450742895,0.639000072,0.609592425,0.735013341,0.381264348,0.419487038,0.521834088,0.704176403,0.602403309,0.83853417,0.687280077
2026-08-24,0.661838713,0.769592304,,0.325918616,0.541836607,0.664509019,0.206833769,0.680227264,0.324235167,0.712183011,0.737582598,0.527124425,0.593548221,0.695076749,0.560720722,0.658191617,0.658835145,0.840927312,,0.778271889,0.665346859,0.72494684,0.88929866,0.415169607,0.613871109,0.631977173,0.645333572,0.859260427,0.70529546,0.795554043,0.580387351,0.837848908,0.75080338,0.769284016,0.617201683,0.840829015,0.831678839,0.783462183,0.726258075,0.679862923,0.728767735,0.837915194,0.712249985,0.752750803,0.717531276,0.61468681,0.608187208,0.655621791,0.659295345,0.575956122,0.802702692,0.490197858,0.670385597,0.637231865,0.850626059,0.745416768,0.734692435,0.826881117,0.676488786,0.551393906,0.544196142,0.583110859,0.812699767,0.812222649,0.799140179,0.53139312,0.857703216,0.883507275,0.621778915,0.484911514,0.666137233,0.631873554,0.735013341,0.407509097,0.424571643,0.550150268,0.730426513,0.638271174,0.860729551,0.712846832
2026-08-25,0.68880194,0.787773294,,0.353628252,0.566761123,0.692904873,0.225274459,0.723418717,0.352419441,0.749491863,0.754461924,0.546717352,0.607365038,0.720319255,0.590080815,0.69314444,0.673994512,0.861555725,,0.814038645,0.698651545,0.747800005,0.907315946,0.423596119,0.6395304,0.658426766,0.675520475,0.881009564,0.727535242,0.819073374,0.620191804,0.858297454,0.771748294,0.794031532,0.634226174,0.859896216,0.847958013,0.804398138,0.750242088,0.694128312,0.752452405,0.855850986,0.736010552,0.775786936,0.736302767,0.629653172,0.629975489,0.686371714,0.684419077,0.596067634,0.823079108,0.517227939,0.680253941,0.660405995,0.860714884,0.766275043,0.746546222,0.838132761,0.697612168,0.570702036,0.566625887,0.591479474,0.821830656,0.815204796,0.814569216,0.565426029,0.875881154,0.895669948,0.666823368,0.517825327,0.691748718,0.663290738,0.735013341,0.435110198,0.430972022,0.57427851,0.760709501,0.670674051,0.881124794,0.736204186
2026-08-26,0.721252326,0.804318033,,0.381938206,0.600219489,0.717645746,0.242167978,0.766096038,0.381558054,0.781153232,0.776653298,0.571338938,0.626945927,0.747520154,0.62333997,0.732174951,0.695832583,0.883079108,,0.850025345,0.730848718,0.763982909,0.923139965,0.429653018,0.662135337,0.690912025,0.709288876,0.898744612,0.741186122,0.846309418,0.659101949,0.874138402,0.791738574,0.813947349,0.65657212,0.878536852,0.864359243,0.819925347,0.772468652,0.71090576,0.77641995,0.86989088,0.76601338,0.802385602,0.755175213,0.644768902,0.649975144,0.714594931,0.705155659,0.61361216,0.838018233,0.538864276,0.696359547,0.688085705,0.873837609,0.782748197,0.765463406,0.84632477,0.713347242,0.584378862,0.57848366,0.628232613,0.835803403,0.822182427,0.82653838,0.587424264,0.886358552,0.906421167,0.70119069,0.558174796,0.712751863,0.684536802,0.735013341,0.463922798,0.446271645,0.595185261,0.789460009,0.697970336,0.902018223,0.756430731
2026-08-27,0.743729521,0.821716963,,0.411049304,0.636380512,0.745113904,0.25949744,0.808601982,0.414273926,0.806062177,0.80553371,0.594960768,0.651294582,0.775856335,0.661918777,0.772008706,0.718876203,0.90328207,,0.879626782,0.76480052,0.782346794,0.937759943,0.448075299,0.68232149,0.720343386,0.750940088,0.921715864,0.757285682,0.868913548,0.697694538,0.891876221,0.810226236,0.830074509,0.677984776,0.893513346,0.879128956,0.834255991,0.792082279,0.727899019,0.795445015,0.882310727,0.79224406,0.82720256,0.774799212,0.660505012,0.666491811,0.740945109,0.725054247,0.628181419,0.849266757,0.562127671,0.716346116,0.701488979,0.885229326,0.793738691,0.779861355,0.860565252,0.738506427,0.596583535,0.59491205,0.66321495,0.844123476,0.839928428,0.836086569,0.609507918,0.901920257,0.91712788,0.728521032,0.590703186,0.738242417,0.700694211,0.735013341,0.487446064,0.460121231,0.615831618,0.807936368,0.725473223,0.911827649,0.781100739
2026-08-28,0.759810256,0.840733162,,0.441788602,0.667611232,0.763319058,0.278080595,0.843128712,0.452221512,0.825691953,0.835250951,0.614951299,0.674204676,0.799395281,0.697867983,0.806289685,0.741976191,0.920106854,,0.900205339,0.805494595,0.800844613,0.947834532,0.475548336,0.708988358,0.754340924,0.782386306,0.939987541,0.789947103,0.887420543,0.716945344,0.910191719,0.827307982,0.845254935,0.699607564,0.908840432,0.892438381,0.852219105,0.809901467,0.744436005,0.809352758,0.893643417,0.813738644,0.847462543,0.791977859,0.67733676,0.687172696,0.768224332,0.74586477,0.639176218,0.86231811,0.58908646,0.730269169,0.708840965,0.90053081,0.804141649,0.804842683,0.874353655,0.751957658,0.612098093,0.624827705,0.671138617,0.852276779,0.853364411,0.847573721,0.637130915,0.912677102,0.926604338,0.749578925,0.61516785,0.768709503,0.719646048,0.735489651,0.502205718,0.473406915,0.63830177,0.828774194,0.751796556,0.925288609,0.813559545
2026-08-29,0.777165356,0.856996967,,0.472758957,0.70482329,0.780254733,0.292651932,0.87244586,0.499994956,0.852606163,0.855390833,0.641404623,0.69461848,0.818001929,0.73513199,0.841060241,0.765021629,0.934077222,,0.914658098,0.837543418,0.822890865,0.956149092,0.496094935,0.740491287,0.779789259,0.811520604,0.949504274,0.810472122,0.904031503,0.739938171,0.928991275,0.842344085,0.859658023,0.71666613,0.920179269,0.902332859,0.870845228,0.831922221,0.763710629,0.821709669,0.901772661,0.834810085,0.868283222,0.809982501,0.693134823,0.708226674,0.789036454,0.771688095,0.651771359,0.87479244,0.614783672,0.743013095,0.720180552,0.903714688,0.81143978,0.825626144,0.884749762,0.77534643,0.632321573,0.646162512,0.692653417,0.863845643,0.863175824,0.859856426,0.663568582,0.920789109,0.934850542,0.775948131,0.641756699,0.79255345,0.734312765,0.744020488,0.511217337,0.48391889,0.662308563,0.850348741,0.780546262,0.935964509,0.825458915
2026-08-30,0.793985178,0.872778628,,0.515156946,0.734451524,0.793312222,0.300194038,0.896093032,0.557765757,0.877187717,0.87093515,0.679259767,0.723105915,0.833755719,0.768825634,0.869920905,0.794347558,0.944460924,,0.930746694,0.865668626,0.841874816,0.964590012,0.512182198,0.777447776,0.800856021,0.841129894,0.958438095,0.834894453,0.919841511,0.777916244,0.943108762,0.859646513,0.870471088,0.738877667,0.928412263,0.913200277,0.885787099,0.855620755,0.781104348,0.833904531,0.910179801,0.852728854,0.887119426,0.827225393,0.715364136,0.725345358,0.808167555,0.794434349,0.668757519,0.885099275,0.633301258,0.751460242,0.730300016,0.909230028,0.822327568,0.842151481,0.891242637,0.796918114,0.642542284,0.669373639,0.725876188,0.873101839,0.874999073,0.874527348,0.692217773,0.932851503,0.942089017,0.799370176,0.67228424,0.804444651,0.745656381,0.7586369,0.524662339,0.491724288,0.688749485,0.867244189,0.805855805,0.943664734,0.839753448
2026-08-31,0.812585527,0.890986192,,0.559217686,0.76395145,0.803970258,0.303627448,0.912844443,0.623831036,0.895576139,0.879686875,0.718254862,0.744760494,0.849732489,0.798790233,0.890579566,0.824268079,0.952307179,,0.942020568,0.893197874,0.859557455,0.9713395,0.52606495,0.813563866,0.82430184,0.865448303,0.964313502,0.855328933,0.930871325,0.802833293,0.95401976,0.874558637,0.887458134,0.759868166,0.935364166,0.921713497,0.900510595,0.872291389,0.800068743,0.845304786,0.917624227,0.87066676,0.902931751,0.843190542,0.725835074,0.738690344,0.815787915,0.813252264,0.684173239,0.894455633,0.640095552,0.765596083,0.741238376,0.914627569,0.83375305,0.856310078,0.897080424,0.809787529,0.656324566,0.70328087,0.733723449,0.890939781,0.886271886,0.892595747,0.716827714,0.941920668,0.948942839,0.817078447,0.691588923,0.815315495,0.756345033,0.779219225,0.54252536,0.511054949,0.71200494,0.88025665,0.825201117,0.95112358,0.854043871
2026-09-01,0.828628188,0.904562141,,0.604178903,0.798103225,0.813044934,0.306912695,0.925857504,0.701344347,0.913036954,0.888558946,0.744110631,0.771729516,0.864063036,0.829034415,0.900114658,0.850971985,0.96028395,,0.948639523,0.907575083,0.876140509,0.977134058,0.551737585,0.849032336,0.842381943,0.891517144,0.96920071,0.876884181,0.940787826,0.833032084,0.959159291,0.891791637,0.904015237,0.786342924,0.944034181,0.929819277,0.917049763,0.886548258,0.816645729,0.859503933,0.925441982,0.8847907,0.917274454,0.863564054,0.736740532,0.75778618,0.836697771,0.831406609,0.699491778,0.903747064,0.646335762,0.788046322,0.749593429,0.921589234,0.848011491,0.867887689,0.908954743,0.832146183,0.668091951,0.736355059,0.753629246,0.90151171,0.894860766,0.906273009,0.74640598,0.95153479,0.953654047,0.832800207,0.70916825,0.818697248,0.769726587,0.803948475,0.553297164,0.531707702,0.731908193,0.890260716,0.848055459,0.956938563,0.86747289
2026-09-02,0.841235215,0.91619433,,0.650131293,0.827769679,0.818618082,0.312728122,0.935355877,0.76418747,0.924686592,0.897142745,0.773556329,0.796945485,0.876874776,0.849693402,0.914196882,0.873442833,0.969613349,,0.955365013,0.923254196,0.886448492,0.981248014,0.607274883,0.886419567,0.861231022,0.911233703,0.974140454,0.891975461,0.947597749,0.863002577,0.962893457,0.903505118,0.917849081,0.811267248,0.949515409,0.937595768,0.927397859,0.897742631,0.835141759,0.87210818,0.930172334,0.895101381,0.929890991,0.878966304,0.748537099,0.779080173,0.855195902,0.845870553,0.715050684,0.911168297,0.664804618,0.799911761,0.75935442,0.933033852,0.85166106,0.880119752,0.918846738,0.843088877,0.681907978,0.756917094,0.784600311,0.91019665,0.90136066,0.919928431,0.770059933,0.958908209,0.957309843,0.848777945,0.725060428,0.825927202,0.782016123,0.822129827,0.581021171,0.561104113,0.750653561,0.898016792,0.859555501,0.960427852,0.878979368
2026-09-03,0.857813154,0.927450675,,0.692948209,0.849620263,0.822970579,0.32013916,0.94277884,0.81286683,0.933935368,0.907361021,0.807561836,0.816520231,0.89312804,0.866993604,0.927467383,0.891675167,0.977146024,,0.96210425,0.934211671,0.899570749,0.984215695,0.658824565,0.918005332,0.877457758,0.924864796,0.977909371,0.907404207,0.956723021,0.883775939,0.966627623,0.914881377,0.930902149,0.831561093,0.956373217,0.946893136,0.936597792,0.909792492,0.852802916,0.883939144,0.935224864,0.906980601,0.940773425,0.892437153,0.762008098,0.801455421,0.866730788,0.856650731,0.731898834,0.917730343,0.677685711,0.812700588,0.771235005,0.93887587,0.8606639,0.892194479,0.926782854,0.855344997,0.699152,0.789578707,0.789719458,0.918530544,0.90647482,0.928205296,0.794862944,0.962757378,0.961506061,0.860821107,0.739977987,0.831459801,0.787827838,0.839797572,0.582533349,0.596761901,0.774645945,0.905033319,0.875106704,0.964166483,0.890871341
2026-09-04,0.876588197,0.932302482,,0.73374391,0.862650352,0.826974317,0.328772549,0.949798051,0.850126405,0.938327854,0.919087828,0.833042983,0.833110977,0.908941716,0.879828018,0.938820904,0.909114713,0.982354826,,0.967998075,0.945046372,0.914420924,0.986813318,0.725139118,0.947449433,0.892911851,0.935179742,0.981326789,0.920020742,0.963711608,0.903939935,0.969430907,0.924908752,0.941263774,0.856691763,0.961190899,0.955322936,0.946697119,0.92163844,0.868678515,0.894888791,0.940739282,0.9162437,0.94913361,0.902190007,0.77714165,0.818366568,0.879082038,0.866330331,0.746674533,0.923297976,0.683682268,0.825196586,0.783046527,0.944419569,0.867721378,0.89935663,0.933753397,0.864490141,0.721107757,0.803364462,0.805843199,0.924209017,0.918901917,0.936227896,0.818356591,0.966737836,0.966678217,0.873500323,0.752319578,0.840000561,0.799536697,0.854923705,0.592899125,0.630023496,0.800499177,0.912000354,0.891743769,0.969329495,0.902254527
2026-09-05,0.89241585,0.937590876,,0.767504232,0.875000682,0.831473292,0.342528985,0.95826235,0.882567878,0.942938601,0.926566117,0.859392884,0.848392153,0.920205345,0.890357754,0.948469383,0.929292654,0.986533054,,0.97325956,0.954745425,0.927399326,0.989892918,0.777780049,0.968347968,0.902430526,0.944027198,0.983938637,0.931120055,0.96993692,0.919265053,0.973989568,0.934747679,0.950283977,0.882403609,0.965863604,0.96187974,0.952920835,0.932059839,0.884819693,0.904810709,0.946749944,0.924394716,0.954759963,0.911488055,0.794306926,0.83706634,0.889989129,0.87628863,0.778737714,0.929604218,0.697398096,0.840474461,0.793218611,0.947848865,0.873523735,0.905718709,0.938368866,0.879013822,0.736699648,0.821030577,0.83927496,0.928115674,0.927673287,0.943963473,0.833515482,0.968928665,0.971468899,0.883815386,0.762270204,0.846848287,0.807474256,0.867696262,0.605995163,0.669113669,0.817514409,0.925385771,0.90342719,0.97288,0.915653134
2026-09-06,0.904140453,0.940540684,,0.800400788,0.888975338,0.836711633,0.363243419,0.963959921,0.907534032,0.946621741,0.936557692,0.882895203,0.861927647,0.930472575,0.903947801,0.955224909,0.943404666,0.988763702,,0.977629239,0.964815355,0.938067774,0.991730569,0.808630609,0.979393647,0.913124059,0.952590245,0.987543687,0.943602153,0.975652977,0.933701013,0.97691626,0.942907939,0.95712007,0.90420624,0.971419411,0.968152038,0.959332535,0.939465216,0.897676729,0.915311169,0.951764301,0.931097687,0.96035546,0.918751708,0.811776028,0.85339052,0.90480442,0.885286648,0.801910174,0.933868425,0.706113635,0.861319996,0.802402427,0.952704851,0.883535002,0.910303223,0.942071647,0.886763043,0.745556473,0.833727133,0.845232317,0.931563483,0.936047038,0.95104077,0.851430002,0.97263041,0.973897619,0.898612022,0.777078504,0.85801822,0.816950794,0.879439276,0.611780508,0.697282761,0.832899341,0.936536986,0.914039165,0.976068685,0.926072994
2026-09-07,0.913925513,0.943399378,,0.831410013,0.908459048,0.843289204,0.394169756,0.969799823,0.924435719,0.950195752,0.944953974,0.894869296,0.875787462,0.938341826,0.918070568,0.959783696,0.954458258,0.991352,,0.982010946,0.970429654,0.948504731,0.993196358,0.837105268,0.984624305,0.923344471,0.959372073,0.990281874,0.954977201,0.980490295,0.943356455,0.979265274,0.951626101,0.962090211,0.919405799,0.977649917,0.972157072,0.964046755,0.944012959,0.910157491,0.925668059,0.956738958,0.936424199,0.967101441,0.925910328,0.831669791,0.868315801,0.913244595,0.893161336,0.822056764,0.938338153,0.719441424,0.879432458,0.814406341,0.957984046,0.892720598,0.92029408,0.948374308,0.893914165,0.753704638,0.843819084,0.855814434,0.938326421,0.942557317,0.956795265,0.867494565,0.97555396,0.976415349,0.914336701,0.788206179,0.869963408,0.827271726,0.892046329,0.620947954,0.729015341,0.845688555,0.943855413,0.927103937,0.978656163,0.937424946
2026-09-08,0.923522442,0.945973342,,0.85781968,0.924707758,0.850787495,0.423301032,0.9747596,0.938030511,0.952773951,0.952244746,0.910214982,0.892577223,0.945088535,0.927799334,0.962908723,0.963375318,0.992608011,,0.986347976,0.975391722,0.958301779,0.993913006,0.865053171,0.987993433,0.931701735,0.965848967,0.992095658,0.964005081,0.983846032,0.952196549,0.980459994,0.95927309,0.967008758,0.930362961,0.980905615,0.975508796,0.967558781,0.9505619,0.921271294,0.933550156,0.964041382,0.94001986,0.972256139,0.933648163,0.850917713,0.878683968,0.919756539,0.901456917,0.846908345,0.944442291,0.730338103,0.888824466,0.823629622,0.962828034,0.90146164,0.929233797,0.953515211,0.899206951,0.765127537,0.856064319,0.867720159,0.943593037,0.957120878,0.963100408,0.879683693,0.977860674,0.978987122,0.925129169,0.810601622,0.883895321,0.838687152,0.905205062,0.633565537,0.75320631,0.857198436,0.949621211,0.937512512,0.980347804,0.946685035
2026-09-09,0.932962595,0.94887,,0.88214767,0.937028059,0.859876121,0.450922177,0.978335287,0.951885576,0.956075136,0.957892645,0.923335923,0.908482472,0.952228963,0.938200613,0.96623721,0.969250323,0.993950468,,0.989858497,0.97905956,0.967787967,0.994404009,0.89250105,0.990139615,0.936975761,0.97161484,0.99331402,0.971716024,0.987448497,0.959654842,0.982595171,0.965410021,0.972331452,0.938804216,0.985250032,0.97827658,0.970798401,0.955951854,0.928822355,0.942225438,0.96816708,0.947211892,0.978273921,0.939566771,0.865020126,0.888066728,0.928602022,0.91001129,0.86698938,0.949443642,0.743487213,0.897716713,0.831946854,0.96682397,0.910666367,0.935795057,0.957055073,0.903832168,0.781415433,0.866469826,0.871879747,0.949888835,0.961959078,0.968023473,0.891535828,0.978866974,0.980897673,0.931928176,0.84021085,0.892379935,0.849962671,0.916292275,0.654354153,0.774719924,0.870835735,0.95514662,0.94484448,0.982959669,0.956439115
2026-09-10,0.940658056,0.952290562,,0.903217099,0.944983156,0.8690624,0.489669851,0.981298082,0.961447125,0.959389963,0.9631879,0.934082729,0.923358247,0.958764161,0.948122065,0.969672725,0.975707192,0.994557286,,0.9923449,0.983886067,0.974180438,0.995163981,0.920941115,0.992162296,0.941749769,0.978461173,0.994477343,0.977164853,0.990118745,0.965597444,0.98411437,0.9704733,0.975762396,0.944362306,0.988817291,0.980774786,0.972620827,0.960010205,0.937025035,0.948332108,0.972540137,0.95464491,0.982383927,0.945981995,0.87883399,0.895934938,0.933643935,0.917510586,0.881533337,0.953812318,0.76507843,0.906450832,0.840431812,0.970096743,0.917133289,0.941581352,0.960258009,0.91016267,0.792827083,0.875804073,0.876497766,0.956189241,0.96836105,0.971570701,0.902470589,0.97964957,0.983310498,0.938563668,0.861208044,0.900552504,0.860149886,0.925773401,0.68211547,0.799143088,0.882358995,0.960961202,0.948102865,0.984805096,0.967605306
2026-09-11,0.948682746,0.955217591,,0.922684241,0.952643418,0.878611386,0.536840066,0.983373491,0.970375138,0.962050009,0.96799897,0.941975059,0.939095193,0.965798832,0.955969306,0.974313109,0.979832969,0.995204784,,0.99344806,0.986443834,0.978983885,0.995588193,0.943064835,0.993638267,0.944952816,0.983287325,0.995296672,0.980970254,0.991659881,0.972751913,0.985362283,0.975856443,0.97912455,0.950889654,0.990313059,0.982975316,0.975036471,0.965460859,0.944111452,0.956558203,0.975880242,0.963468562,0.984806556,0.950368944,0.89837131,0.905259872,0.939933392,0.923335789,0.898181373,0.958811716,0.787192146,0.914560249,0.849156848,0.973029751,0.922846029,0.947364299,0.962717147,0.922651082,0.807243502,0.887033297,0.887592248,0.96141163,0.972358018,0.975063332,0.914502922,0.983393122,0.984992164,0.943330905,0.882547762,0.908039437,0.873618108,0.931991067,0.711489924,0.821393567,0.8945317,0.965404861,0.950443554,0.986986959,0.974889427
2026-09-12,0.957907892,0.962757254,,0.937325087,0.959629381,0.886325907,0.583409077,0.985013195,0.976625756,0.964355382,0.972938783,0.946723327,0.952141748,0.969060697,0.961670552,0.977383031,0.983271419,0.995882793,,0.995040939,0.988428661,0.983729459,0.99584633,0.955725829,0.994806994,0.948701115,0.98728224,0.99633866,0.984316098,0.992536189,0.97744832,0.986566578,0.980215524,0.981652615,0.955823027,0.991770491,0.984306522,0.976892667,0.97015561,0.951112752,0.963603049,0.980096791,0.970501117,0.986709924,0.955067936,0.910854453,0.919334408,0.944871247,0.930198057,0.913712102,0.963829665,0.803413984,0.92099273,0.858843842,0.975619719,0.932583919,0.953967404,0.965279496,0.933889025,0.817981645,0.899945827,0.891106886,0.966854229,0.979774811,0.977347036,0.925429492,0.986721539,0.986359114,0.947028482,0.902745287,0.914362407,0.879751733,0.937222703,0.739512416,0.842351966,0.912154179,0.969684136,0.953749185,0.988842338,0.980289639
2026-09-13,0.964131898,0.965912068,,0.949022648,0.965463301,0.893531242,0.625701285,0.986779253,0.981296569,0.966074181,0.978018533,0.951287732,0.963112156,0.972179856,0.966706841,0.980333209,0.985489775,0.996672673,,0.996623508,0.99054905,0.986424681,0.996059339,0.96465551,0.995686552,0.95385411,0.989792074,0.996865282,0.986564494,0.993728502,0.981015255,0.987541078,0.982489288,0.983702583,0.961102834,0.992702383,0.985844082,0.979391609,0.973432451,0.959798217,0.968620868,0.98429807,0.975925442,0.988351458,0.959957619,0.920095663,0.934692191,0.949901088,0.938184603,0.929943232,0.967902995,0.828671719,0.928537962,0.869093211,0.978218959,0.942966739,0.96004996,0.968314394,0.939569326,0.828963039,0.912158056,0.904969932,0.972069247,0.983440923,0.979471628,0.935768663,0.986721539,0.987703811,0.950521666,0.91373488,0.921745684,0.888024822,0.943246893,0.772991041,0.859902462,0.935303623,0.973360672,0.957115676,0.990203017,0.984478296
2026-09-14,0.968729913,0.968717612,,0.95841827,0.969981382,0.900255291,0.668785598,0.988067488,0.984228186,0.967915752,0.981894817,0.956530133,0.970195625,0.976570633,0.970549231,0.983207089,0.987542662,1,,1,0.992388085,0.988486608,0.996447448,0.97184454,0.996606774,0.960573174,0.991988178,0.997199268,0.989234036,0.994757952,0.984714362,0.988291103,0.984006784,0.984728427,0.965795786,0.993377082,0.987311394,0.982274397,0.977028915,0.967937642,0.974352268,0.987218276,0.981151306,0.990137573,0.963663378,0.928769109,0.944489234,0.955085003,0.94829268,0.943261775,0.971395886,0.844011897,0.936149569,0.877900466,0.979699097,0.948690555,0.964435292,0.971599216,0.942769312,0.839365132,0.92488403,0.910457622,0.97762057,0.988063993,0.981536945,0.940569661,0.989161009,0.988934065,0.954978419,0.921569363,0.928320234,0.892433752,0.948016205,0.792950043,0.87539953,0.949306299,0.977122757,0.96298061,0.991104329,0.987500606
2026-09-15,0.972588842,0.972495036,,0.965077912,0.974507652,0.907572228,0.704094164,0.989012968,0.986598901,0.969334443,0.984063857,0.960402752,0.975951096,0.981110487,0.974595642,0.986634127,0.989490087,1,,1,0.99497143,0.990422869,1,0.977734764,0.997032998,0.966470694,0.993581746,0.997532004,0.991719756,0.995349855,0.98776634,0.98918475,0.984857276,0.985499744,0.97117214,0.994431647,0.988845442,0.985158311,0.979857147,0.973356638,0.979274847,0.9890101,0.984101265,0.991397375,0.96759348,0.936719485,0.952126143,0.959858435,0.955204242,0.953726961,0.975352543,0.860812184,0.944257034,0.889116726,0.98163571,0.955142373,0.969130275,0.974103562,0.944926155,0.854467712,0.933691616,0.92654316,0.98126279,0.990664841,0.983087492,0.943145092,0.991076792,0.989900467,0.960487313,0.929398485,0.935603095,0.899481106,0.9532222,0.813108767,0.892324521,0.96614965,0.979931418,0.967741264,0.991886694,0.989958237
2026-09-16,0.975959525,0.975099371,,0.969858861,0.97790372,0.914331152,0.739590783,0.989972972,0.988826365,0.970398461,0.985600376,0.964928086,0.979884719,0.983224328,0.978762954,0.989177384,0.991035663,1,,1,1,0.991828352,1,0.982436251,1,0.972700744,0.994798546,1,0.993744547,0.995823863,0.989621901,0.990131589,0.985680493,0.986495492,0.975005632,0.994973915,0.991036312,0.987369087,0.98235722,0.976906358,0.983675744,0.9906332,0.986212733,0.99216172,0.972334281,0.943054835,0.963007609,0.965228045,0.96163519,0.959885659,0.97811073,0.876952806,0.94899501,0.896827185,0.983994987,0.961919928,0.975308237,0.976500432,0.947431436,0.863386403,0.943507321,0.933994912,0.984795366,0.993230081,0.984547565,0.947529528,0.99227599,0.991133901,0.964395611,0.936134345,0.944225917,0.90792134,0.958982982,0.836212837,0.906124351,0.979717991,0.9825711,0.971549787,0.992491883,0.991556929
2026-09-17,0.978409709,0.976762197,,0.973262101,0.980849345,0.92233863,0.775284004,0.990919904,0.990040978,0.970807699,0.987551112,0.968807601,0.983522275,0.985564972,0.98095051,0.991376241,0.992101201,1,,1,1,0.993007305,1,0.985835788,1,0.979444259,0.995886336,1,0.995175345,0.995959989,0.991292078,0.990855018,0.986411965,0.987768123,0.978464294,0.99556567,0.992832035,0.988662458,0.984946447,0.9800212,0.987149837,0.991672259,0.988038561,0.992860827,0.974926476,0.947997512,0.968459036,0.969674357,0.965645052,0.967858038,0.980296777,0.889981895,0.955503627,0.903269833,0.986137751,0.970146939,0.978995599,0.978104033,0.950376335,0.877702991,0.950269968,0.941296102,0.987681132,0.995176637,0.985775211,0.953041958,0.993280089,0.992058976,0.968993006,0.943063921,0.952606876,0.916542339,0.964685488,0.861254867,0.916941971,0.989684026,0.984739549,0.974569539,0.993273252,0.992977259
2026-09-18,0.980353731,0.977863155,,0.97578646,0.982771235,0.930018275,0.805802891,0.991593795,0.990743113,0.971312426,0.988774171,0.971809168,0.986383426,0.987640588,0.982782918,0.993528472,0.993168557,1,,1,1,0.993961381,1,0.989098525,1,0.985565503,0.996403843,1,0.996350986,0.996228594,0.992284229,0.991738025,0.986838451,0.989272923,0.98155759,0.996124666,0.994042941,0.990394833,0.987189494,0.982849534,0.989472532,0.99293501,0.989562446,0.993457668,0.977782786,0.952619389,0.975214306,0.973192198,0.969907072,0.975356008,0.982217745,0.90637068,0.959070287,0.912082021,0.987714965,0.97498618,0.982020139,0.979556656,0.954192872,0.887769034,0.954339754,0.949260218,0.990360509,0.996057928,0.987151049,0.958918295,0.994749199,0.992586682,0.973930085,0.948431696,0.958940643,0.927942908,0.971496793,0.882763358,0.931875926,0.993473652,0.987085108,0.977886382,0.994221845,0.993717014
2026-09-19,0.983258566,0.978747717,,0.978649846,0.984540248,0.938262908,0.834894277,0.992357731,0.991473495,0.971708022,0.989809712,0.975247411,0.988611906,0.98898993,0.984173282,0.995165693,0.994317738,1,,1,1,0.994834434,1,0.992930473,1,0.989372484,0.996912553,1,0.997292047,0.996345273,0.993084129,0.992562521,0.987331885,0.99140974,0.983469604,0.996612568,0.994890312,0.991796266,0.989384172,0.984615556,0.992761833,0.993990865,0.990710676,0.994062444,0.981130613,0.957772537,0.980938225,0.976352449,0.973849629,0.979533112,0.983675923,0.921385086,0.9623734,0.919402764,0.989358714,0.979712646,0.984313232,0.980874508,0.958873449,0.899082259,0.957064903,0.95675242,0.992063221,0.996474835,0.988779591,0.964420194,0.995221544,0.992910935,0.979769901,0.952363684,0.964718344,0.939235761,0.977565273,0.906378804,0.944642723,0.997919926,0.989207601,0.982429223,0.994985796,0.994261967
2026-09-20,0.986508308,0.979985346,,0.981396624,0.985506653,0.946870248,0.857990728,0.992800698,0.991998079,0.971871718,0.990867644,0.978104186,0.990105748,0.990034747,0.985484304,0.996958689,0.995005064,1,,1,1,0.995656229,1,0.995771806,1,0.992043728,0.997109,1,1,0.996514214,0.993799919,0.993384888,0.988046001,0.991765733,0.986313014,0.997067013,0.9959054,0.993427333,0.991097993,0.98608949,0.995155602,0.995103215,0.991508059,0.994713944,0.983415865,0.961866539,0.986389652,0.980851077,0.976856552,0.983668238,0.985036954,0.929413885,0.96544225,0.928512584,0.990293481,0.983304317,0.985806254,0.9822896,0.962689986,0.909176424,0.958188543,0.962691799,0.993526375,0.996835363,0.989625061,0.969633074,0.995553799,0.993314662,0.986039431,0.956079165,0.969240304,0.952305309,0.983903377,0.925391872,0.957754655,1,0.990896332,0.985540264,0.995327707,0.994839798
2026-09-21,0.988680775,0.982118926,,0.98341352,0.987308425,0.953894229,0.877690811,0.993027265,0.992369323,0.972158184,0.991690479,0.980237,0.991422689,0.991127981,0.986440178,0.997921947,0.995986959,1,,1,1,0.996072913,1,0.996903937,1,0.994252852,1,1,1,0.996647909,0.994441898,0.99424981,0.988802269,0.992488037,0.98804897,0.997669224,0.996516561,0.994923321,0.992204816,0.987915512,0.997176944,0.995978132,0.992161557,0.995277284,0.985864276,0.964888667,0.988409579,0.982660877,0.980174405,0.986626253,0.986628892,0.938287347,0.968290502,0.934609914,0.99097465,0.985373531,0.987280863,0.983122107,0.965495944,0.918182291,0.958725967,0.968201961,0.994566614,0.997019336,0.990707636,0.975257836,0.996019542,0.993457715,0.989137454,0.964370795,0.972980531,0.961364602,0.988639277,0.938147724,0.968021008,1,0.992506231,0.986582883,0.995771645,0.995324748
2026-09-22,0.989603514,0.983591932,,0.985784559,0.989249425,0.959216272,0.89584942,0.993278522,0.992795043,0.972362803,0.99239017,0.981900962,0.992529557,0.992170249,0.987482951,1,0.996432448,1,,1,1,0.996439992,1,1,1,0.995908168,1,1,1,0.996776742,0.994991186,0.994922173,0.989184123,0.993055562,0.990580022,0.997920144,0.997094353,0.996018578,0.993319227,0.989720604,1,0.996703412,0.993095026,0.995919969,0.987756925,0.967831019,0.991157472,0.984169427,0.982748111,0.987971851,0.987788796,0.944007765,0.970525765,0.939847238,0.991815612,0.987111972,0.988703586,0.984276188,0.96927666,0.92635436,0.959261239,0.973970553,0.995286213,1,0.991705976,0.979314638,0.996359865,0.993499042,0.991159491,0.970076401,0.976393596,0.966962122,0.992101652,0.952314797,0.976663573,1,0.993791958,0.987116205,0.99664658,0.99576367
2026-09-23,0.990992101,0.984689093,,0.987421397,0.990142122,0.965947296,0.911247055,0.993486208,0.993404367,0.972485574,0.992809984,0.983254655,0.993329304,0.993122051,0.98882042,1,1,1,,1,1,0.996747545,1,1,1,0.997009674,1,1,1,0.996914083,0.995387702,0.995553045,0.989466794,0.993558595,0.992219431,0.998119487,0.997608922,0.997143102,0.994520894,0.991661043,1,0.997284399,0.99370458,0.996454216,0.989741352,0.971834213,0.993846747,0.985640033,0.984442112,0.989223142,0.988993123,0.950281364,0.972528717,0.944967811,0.992580768,0.988505041,0.989602411,0.985278438,0.971943677,0.933795274,0.960008897,0.977930139,0.995901696,1,0.992805711,0.983613655,0.996700921,0.993499042,0.992449117,0.976597094,0.980015052,0.970886949,0.994156854,0.962717883,0.983659447,1,0.994802651,0.98744933,0.997711134,0.996037379
2026-09-24,0.992313498,0.985676159,,0.988859569,0.99086556,0.970760152,0.926328416,0.99362999,0.993979392,0.972635628,0.993145835,0.984725561,0.994090967,0.993927324,0.989844302,1,1,1,,1,1,1,1,1,1,0.997590379,1,1,1,0.997045347,0.995761905,0.99600306,0.989791617,0.994126119,0.994068973,0.99821637,0.997903087,0.997767837,0.995281538,0.992614983,1,0.997533285,0.994083071,0.996664918,0.991922589,0.974787598,0.995479324,0.987606206,0.985881113,0.990266267,0.990421034,0.959006829,0.973725412,0.951563386,0.993901658,0.990034044,0.990360639,0.985887465,0.974266597,0.943246865,0.961260974,0.982107704,0.99643149,1,0.993549786,0.987264426,0.997091119,0.993499042,0.99426384,0.981109563,0.983099875,0.974311577,0.995278863,0.967978685,0.988568721,1,0.995727795,0.987775249,0.998156565,0.996431915
2026-09-25,0.992974197,0.986906195,,0.990574146,0.991113987,0.973773419,0.936916427,0.993792654,0.994911537,0.972731117,0.993456497,0.985904584,0.994573763,0.99466634,0.990724614,1,1,1,,1,1,1,1,1,1,1,1,1,1,0.997225227,0.996220216,0.996333922,0.990099084,0.994624853,0.995371413,0.998313254,0.997921527,1,0.995878103,0.993359159,1,0.997682921,0.994404859,0.99693116,0.993605171,0.977365869,0.996090055,0.988569747,0.987459463,0.991266265,0.991480373,0.966052897,0.974065094,0.957497924,0.994802611,0.991380795,0.990961529,0.987016809,0.976145558,0.948263717,0.962824455,0.984905482,0.996836898,1,0.99514713,0.98976731,0.997350762,0.993600768,0.995555899,0.984908162,0.987107878,0.978019733,0.996027127,0.971668049,0.992712698,1,0.996495272,0.98811398,0.998412874,0.996635759
2026-09-26,0.99354083,0.987809739,,0.991727274,0.991354223,0.975914792,0.943823138,0.993998887,0.995405856,0.972853888,0.993739172,0.98713417,0.994977936,0.99512504,0.991450021,1,1,1,,1,1,1,1,1,1,1,1,1,1,0.99736986,0.996357538,0.996602016,0.990339602,0.995140785,0.995804929,0.998346013,0.99804095,1,0.996365599,0.99399543,1,0.997923409,0.994751454,0.997071334,0.994598403,0.979710755,0.997109524,0.990036328,0.988719299,0.992356544,0.99242011,0.973005113,0.975263741,0.96194595,0.99533653,0.992298599,0.99139002,0.987762312,0.977608781,0.953438048,0.964712973,0.988303266,0.997112391,1,0.99665556,0.991585675,0.997610405,0.993600768,0.996528229,0.987380234,0.98906977,0.982031228,0.996714785,0.974881155,0.995766778,1,0.99710084,0.988545602,0.998663708,0.9967796
2026-09-27,0.993838704,0.988455128,,0.992403172,0.99157808,0.977881785,0.952211487,0.99414848,0.995625778,0.972935736,0.993971469,0.988825711,0.995363682,0.995762123,0.99214898,1,1,1,,1,1,1,1,1,1,1,1,1,1,0.997498693,0.996433065,0.996865854,0.990718976,0.995394451,0.996024527,0.9983955,0.998259597,1,0.996779116,0.994813093,1,0.998093659,0.995072533,0.997179771,0.995086862,0.981584627,0.997766198,0.991287896,0.989943113,0.993110999,0.993508252,0.979025134,0.976302309,0.965905597,0.995717744,0.99297273,0.991872072,0.988907863,0.978969969,0.958146971,0.966489558,0.991521272,0.997380513,1,0.996864588,0.992941843,0.997803304,0.993600768,0.997156983,0.99095026,0.990043697,0.985221852,0.997199641,0.977398526,0.997942622,1,0.99761308,0.988913962,0.998770711,0.996962073
2026-09-28,0.994017877,0.989111907,,0.993087707,0.992017603,0.979500021,0.960169591,0.994332928,0.995793241,0.973003942,0.994226157,0.990027717,0.996356301,0.996127809,0.992594804,1,1,1,,1,1,1,1,1,1,1,1,1,1,0.997558248,0.996469112,0.996998837,0.991056197,0.995837292,0.996092678,0.998535598,1,1,0.997095893,0.995406108,1,0.998242532,0.995270993,0.997391354,0.995841474,0.983909144,0.997958685,0.992686064,0.990978283,0.993703292,0.994480696,0.982789113,0.977016812,0.969738627,0.996073326,0.99353761,0.992541588,0.989769372,0.979879599,0.963498467,0.968545977,0.993417918,0.997550047,1,1,0.99429333,0.998103287,1,0.997560417,0.993867412,0.991547778,0.987795894,0.997553183,0.981590487,0.998404644,1,0.997987097,0.989175017,0.998809033,0.997156053
2026-09-29,0.99458227,0.989548493,,0.993657793,0.992326088,0.980985729,0.968774486,0.994608875,0.99585377,0.97308579,0.994388485,0.990788452,0.996958261,0.996555929,1,1,1,1,,1,1,1,1,1,1,1,1,1,1,0.997588634,0.996487994,0.997111607,0.991656252,0.996125354,0.996251697,0.998619238,1,1,0.997189788,0.995769825,1,0.99848302,0.996829609,0.997572082,0.99614026,0.987005955,0.99842208,0.993960052,0.991794475,0.994219105,0.995333537,0.985092982,0.977955818,0.97092093,0.996511805,0.994135215,0.993206083,0.990823653,0.980581902,0.968937139,0.972155831,0.994975236,0.997782235,1,1,0.99527974,0.99828665,1,0.998128825,0.998649343,0.992989234,0.990376127,0.998431986,0.98465435,1,1,0.998357225,0.989319959,0.998838894,0.99729825
2026-09-30,0.99490926,0.990057212,,0.994674878,0.992623653,0.982757418,0.974572818,0.994912416,0.995928423,0.973181279,0.994525624,0.991494027,0.997346463,0.996902502,1,1,1,1,,1,1,1,1,1,1,1,1,1,1,0.997599572,0.99652919,0.997235015,0.992338134,0.99630593,1,1,1,1,0.997296013,0.996110285,1,1,0.99765109,0.997827745,0.996527764,0.987897911,1,0.994595897,0.99227983,0.994787246,0.996050178,0.988101639,0.978605899,0.97259819,0.99699664,0.994880333,0.993676418,0.991765342,0.982379452,0.973232678,0.980172708,0.995489847,0.997995074,1,1,0.995988832,0.998406203,1,0.998583844,1,0.994547302,0.992758262,1,0.987720407,1,1,0.9986616,0.989482518,0.998878212,0.997477435
2026-10-01,0.995146664,0.990641858,,0.995303268,0.99283659,0.984166399,0.978926554,0.99516803,0.995974828,0.973222203,1,0.992169724,0.997594618,0.997189189,1,1,1,1,,1,1,1,1,1,1,1,1,1,1,1,0.996542923,0.997358424,0.993084484,0.996520902,1,1,1,1,0.998118306,0.996380979,1,1,0.998111799,0.997892101,0.996699081,0.989188744,1,0.995392714,0.992814478,0.995295008,0.99644267,0.990132978,0.980569807,0.974186653,0.997194064,0.995198015,0.994037957,0.992558612,0.983666828,0.979194407,0.9892795,1,0.998149866,1,1,0.996603145,0.998486883,1,0.999019884,1,0.995654038,0.994629054,1,0.989384023,1,1,0.998922846,0.98984287,0.998908073,0.997656621
2026-10-02,0.995294481,0.99125308,,0.995607746,0.993060447,0.984919716,0.981773007,0.995349574,0.996031322,0.973276768,1,0.992905177,1,0.997503909,1,1,1,1,,1,1,1,1,1,1,1,1,1,1,1,0.996548072,0.997453107,0.993501051,0.996688579,1,1,1,1,1,0.996556791,1,1,0.998337901,0.99795205,0.996883655,0.990426111,1,0.995892881,0.99326381,0.996025886,0.996656491,0.991769059,0.981112517,0.976118789,0.997375128,0.995562015,0.994441341,0.993496036,0.985385138,0.982852997,0.994764958,1,1,1,1,0.996956521,0.998524289,1,1,1,0.996395821,0.995894409,1,0.991109092,1,1,0.999047282,0.990808615,0.99893893,0.997793064
2026-10-03,0.995574438,0.99168587,,0.995791297,0.993194215,0.98576371,0.984958528,0.995679257,0.996057551,0.973331333,1,0.993286693,1,1,1,1,1,1,,1,1,1,1,1,1,1,1,1,1,1,0.996561804,0.997474385,0.994006883,0.996860557,1,1,1,1,1,0.996859112,1,1,0.998510845,0.997995248,0.997014183,0.991243384,1,0.996395923,0.993567157,0.996355385,0.996812707,0.993006272,0.98190706,0.978684009,0.997501108,0.995841938,0.994911676,0.994207421,0.98689178,0.98566654,0.997469299,1,1,1,1,0.997360212,1,1,1,1,0.996955127,0.997502721,1,0.992513728,1,1,0.999125055,0.992753716,0.998968791,0.997966496
2026-10-04,0.995641628,0.992111068,,1,0.993336172,0.986391474,0.986195126,0.995963918,1,1,1,0.993429187,1,1,1,1,1,1,,1,1,1,1,1,1,1,1,1,1,1,0.996565237,0.997507365,0.994326748,0.997032534,1,1,1,1,1,0.99708376,1,1,0.998590937,0.99802963,0.997157967,0.992069143,1,0.996935184,0.993902734,0.996654407,0.996994796,0.994702815,0.982871444,0.980006084,0.997590004,0.996101219,0.99523137,0.994864214,0.988073865,0.987815012,0.99856065,1,1,1,1,0.997646891,1,1,1,1,0.997204547,1,1,0.993593542,1,1,0.999196465,0.994770087,0.99899268,0.998074171
2026-10-05,1,0.992335056,,1,0.99348359,1,0.987588435,0.996142557,1,1,1,0.993580875,1,1,1,1,1,1,,1,1,1,1,1,1,1,1,1,1,1,0.996566954,0.997537153,0.994525113,0.997121962,1,1,1,1,1,0.997305618,1,1,1,0.998066658,0.997340501,0.992782029,1,0.997523886,0.994207028,0.996866022,0.997234978,0.99570901,0.983585947,0.982050038,0.997676173,0.996367045,0.995579518,0.995304351,0.988902083,0.990030976,1,1,1,1,1,1,1,1,1,1,0.997553304,1,1,0.99434195,1,1,0.999255502,0.995986476,1,0.998147325
2026-10-06,1,0.99252108,,1,0.993600978,1,0.988619883,0.996325553,1,1,1,0.99389574,1,1,1,1,1,1,,1,1,1,1,1,1,1,1,1,1,1,0.996570387,0.997571196,0.99465901,0.997225148,1,1,1,1,1,0.997469336,1,1,1,0.998089579,0.997450634,0.993580631,1,0.997959664,0.994697123,0.997239799,0.997361903,0.996262191,0.989122371,0.983613836,0.997733437,0.996615754,0.995828913,0.995757283,0.989568566,0.992133048,1,1,1,1,1,1,1,1,1,1,0.99782324,1,1,0.994561424,1,1,0.999269289,0.996380462,1,0.998192532
2026-10-07,1,0.992608397,,1,0.993835755,1,0.989839385,0.996402528,1,1,1,0.994132464,1,1,1,1,1,1,,1,1,1,1,1,1,1,1,1,1,1,0.996570387,0.997600985,0.994800345,0.997379928,1,1,1,1,1,0.997597707,1,1,1,0.998123961,0.997535273,0.994141605,1,0.99821952,0.995081994,0.997374934,0.997479065,0.996546452,0.990418629,0.985810716,0.997786338,0.996832744,0.996275815,0.99618889,0.990616052,0.993592547,1,1,1,1,1,1,1,1,1,1,1,1,1,0.994873078,1,1,0.999285197,0.99658306,1,0.998222122
2026-10-08,1,1,,1,0.994048692,1,0.99084234,0.996473693,1,1,1,0.99425887,1,1,1,1,1,1,,1,1,1,1,1,1,1,1,1,1,1,0.996570387,0.997620134,0.99488465,0.99751321,1,1,1,1,1,0.997725147,1,1,1,0.998150409,0.99762603,0.994701729,1,0.9983437,0.995362589,0.99759,0.997623565,0.996930882,0.991414248,0.987399179,0.997852873,0.996972706,0.996469975,0.996626469,0.991521339,0.994621789,1,1,1,1,1,1,1,1,1,1,1,1,1,0.995265937,1,1,1,0.996707181,1,0.998245137
2026-10-09,1,1,,1,0.994108751,1,0.991546117,0.996560834,1,1,1,0.994359995,1,1,1,1,1,1,,1,1,1,1,1,1,1,1,1,1,1,0.99657897,0.997628645,0.995095414,0.997627575,1,1,1,1,1,0.997941888,1,1,1,0.998177739,0.997736163,0.995408675,1,0.998508697,0.995717126,0.997746986,0.997786615,0.997170924,0.99207409,0.988805117,0.997919954,0.997127771,0.996612247,0.996935247,0.992426627,0.995324823,1,1,1,1,1,1,1,1,1,1,1,1,1,0.995568812,1,1,1,0.996873744,1,0.998259932
2026-10-10,1,1,,1,0.994239789,1,0.991859541,0.99669445,1,1,1,0.994465716,1,1,1,1,1,1,,1,1,1,1,1,1,1,1,1,1,1,0.996594418,0.997637156,1,0.99774194,1,1,1,1,1,0.998147002,1,1,1,0.998201542,0.997798368,0.996377011,1,0.998574811,0.99597497,0.997893622,0.997963335,0.997366749,0.992591421,0.989984132,0.997960311,0.997287367,0.996649071,0.997137403,0.993181034,0.996010984,1,1,1,1,1,1,1,1,1,1,1,1,1,1,1,1,1,0.997032299,1,0.998268973
2026-10-11,1,1,,1,0.994373557,1,0.992144471,0.996765615,1,1,1,0.994557648,1,1,1,1,1,1,,1,1,1,1,1,1,1,1,1,1,1,0.996599568,0.997647795,1,0.997905318,1,1,1,1,1,0.998313511,1,1,1,0.998211239,0.997848335,0.997276606,1,0.998651274,0.996193,0.99800633,0.998107346,0.997470527,0.992915486,0.990436334,0.998038299,0.997478681,1,0.997322499,0.993538156,0.997123184,1,1,1,1,1,1,1,1,1,1,1,1,1,1,1,1,1,0.997222084,1,0.998285412
2026-10-12,1,1,,1,0.994488215,1,0.992346772,0.996845495,1,1,1,0.994638088,1,1,1,1,1,1,,1,1,1,1,1,1,1,1,1,1,1,0.996601284,0.997683966,1,0.998026562,1,1,1,1,1,0.998448393,1,1,1,0.998217411,0.997885046,0.997566003,1,0.998721987,0.996299172,0.998059234,0.99821865,0.997570695,0.993194649,0.990872093,0.998078657,0.997843185,1,0.997418886,0.994540051,0.997180833,1,1,1,1,1,1,1,1,1,1,1,1,1,1,1,1,1,0.997491147,1,0.998294454
2026-10-13,1,1,,1,0.994591953,1,0.99260036,0.996890517,1,1,1,0.994769091,1,1,1,1,1,1,,1,1,1,1,1,1,1,1,1,1,1,0.996606434,0.997749926,1,0.998106531,1,1,1,1,1,0.998582345,1,1,1,0.998227108,0.997936033,0.99780533,1,0.998788101,0.996404395,0.998154691,0.998327025,0.997669058,0.993772499,0.991644947,0.998133739,0.99810448,1,0.997529773,0.995234756,1,1,1,1,1,1,1,1,1,1,1,1,1,1,1,1,1,1,0.997752203,1,0.998300207
2026-10-14,1,1,,1,0.994641092,1,0.992836852,0.996909398,1,1,1,0.994934568,1,1,1,1,1,1,,1,1,1,1,1,1,1,1,1,1,1,0.99660815,0.997800991,1,0.998142646,1,1,1,1,1,0.998735831,1,1,1,0.998231516,0.997970705,0.99799713,1,0.998854215,0.996655604,0.998258773,0.998413432,0.997799006,0.994030189,0.99225172,0.998192639,0.998213227,1,0.997650043,0.995841538,1,1,1,1,1,1,1,1,1,1,1,1,1,1,1,1,1,1,0.997949195,1,0.998305961
2026-10-15,1,1,,1,0.994676582,1,0.993070495,0.996929731,1,1,1,0.995037991,1,1,1,1,1,1,,1,1,1,1,1,1,1,1,1,1,1,0.99660815,0.997826524,1,0.998177042,1,1,1,1,1,0.998802342,1,1,1,0.998233279,1,0.998174503,1,1,0.996894489,0.99834848,0.998480312,0.997908199,0.99434254,0.992748321,0.998253176,0.998286732,1,0.997742165,0.996462431,1,1,1,1,1,1,1,1,1,1,1,1,1,1,1,1,1,1,0.998108551,1,0.998309249
2026-10-16,1,1,,1,1,1,0.993284192,0.996961683,1,1,1,0.995148309,1,1,1,1,1,1,,1,1,1,1,1,1,1,1,1,1,1,0.99660815,0.997849929,1,0.998205418,1,1,1,1,1,0.998900015,1,1,1,0.998235043,1,0.998249186,1,1,0.997096404,0.998415185,0.998544751,0.997985806,0.994779831,0.99344389,0.998385155,0.998344629,1,0.997810403,0.996800014,1,1,1,1,1,1,1,1,1,1,1,1,1,1,1,1,1,1,0.998178219,1,0.998314181
2026-10-17,1,1,,1,1,1,0.993563424,0.99699073,1,1,1,0.995212661,1,1,1,1,1,1,,1,1,1,1,1,1,1,1,1,1,1,0.99660815,0.997860568,1,0.998222616,1,1,1,1,1,0.998974432,1,1,1,0.998237687,1,0.998275495,1,1,0.997268933,0.99849224,0.998599915,0.998060707,0.995055091,0.994121371,0.998492594,0.998404037,1,0.997893142,0.997049674,1,1,1,1,1,1,1,1,1,1,1,1,1,1,1,1,1,1,0.998241481,1,0.998319112
2026-10-18,1,1,,1,1,1,0.993757177,0.997028491,1,1,1,0.995309189,1,1,1,1,1,1,,1,1,1,1,1,1,1,1,1,1,1,0.99660815,0.997882909,1,0.998241533,1,1,1,1,1,0.999028385,1,1,1,0.998241214,1,0.998292468,1,1,0.99738648,0.998602648,0.998631158,0.998155461,0.995207362,0.994453534,0.998537314,0.998474018,1,0.998036443,0.99723529,1,1,1,1,1,1,1,1,1,1,1,1,1,1,1,1,1,1,0.998309547,1,0.998324866
2026-10-19,1,1,,1,1,1,0.993916738,0.997050276,1,1,1,0.99533447,1,1,1,1,1,1,,1,1,1,1,1,1,1,1,1,1,1,0.99660815,0.997896739,1,0.998250132,1,1,1,1,1,0.999056757,1,1,1,0.99824474,1,0.99831029,1,1,0.997509714,0.998655552,0.998669724,0.998197874,0.995271785,0.994871205,0.998586943,0.998540978,1,0.998111505,0.997316701,1,1,1,1,1,1,1,1,1,1,1,1,1,1,1,1,1,1,0.998338376,1,0.998329798
2026-10-20,1,1,,1,1,1,0.994002217,0.997086585,1,1,1,0.995387331,1,1,1,1,1,1,,1,1,1,1,1,1,1,1,1,1,1,0.99660815,1,1,0.99826389,1,1,1,1,1,0.99907071,1,1,1,0.998246503,1,1,1,1,0.997541945,0.998707881,0.998718541,1,0.995396725,0.995239544,0.998623483,0.9986024,1,0.998152448,0.997398112,1,1,1,1,1,1,1,1,1,1,1,1,1,1,1,1,1,1,0.99835279,1,0.998329798
2026-10-21,1,1,,1,1,1,0.994101942,0.99710837,1,1,1,0.995408016,1,1,1,1,1,1,,1,1,1,1,1,1,1,1,1,1,1,0.99660815,1,1,0.99826905,1,1,1,1,1,0.999076757,1,1,1,1,1,1,1,1,0.99760925,0.998757335,0.998765894,1,0.995552901,0.99569339,0.99869329,0.998665836,1,0.998193391,0.997464326,1,1,1,1,1,1,1,1,1,1,1,1,1,1,1,1,1,1,0.998362399,1,0.998332263
2026-10-22,1,1,,1,1,1,0.994164627,0.997122894,1,1,1,0.995426402,1,1,1,1,1,1,,1,1,1,1,1,1,1,1,1,1,1,0.99660815,1,1,0.998277649,1,1,1,1,1,0.999076757,1,1,1,1,1,1,1,1,0.997671815,0.998771136,0.998806413,1,0.995658319,0.995780542,0.998770188,0.998728768,1,0.998225804,0.997504488,1,1,1,1,1,1,1,1,1,1,1,1,1,1,1,1,1,1,0.998364801,1,0.998334729
2026-10-23,1,1,,1,1,1,0.994187421,0.997138869,1,1,1,0.995430998,1,1,1,1,1,1,,1,1,1,1,1,1,1,1,1,1,1,0.99660815,1,1,0.998282808,1,1,1,1,1,0.999076757,1,1,1,1,1,1,1,1,0.997742912,0.998789537,0.998848396,1,0.995711028,0.995971289,0.998824725,0.9987917,1,0.998238599,0.9975186,1,1,1,1,1,1,1,1,1,1,1,1,1,1,1,1,1,1,0.998368805,1,0.998335551
2026-10-24,1,1,,1,1,1,0.994270051,0.997149036,1,1,1,0.995440192,1,1,1,1,1,1,,1,1,1,1,1,1,1,1,1,1,1,0.99660815,1,1,0.998287967,1,1,1,1,1,0.999076757,1,1,1,1,1,1,1,1,0.997837708,0.998798738,0.998910394,1,0.995771546,0.996163681,0.998840541,0.998855136,1,0.998257364,0.997540309,1,1,1,1,1,1,1,1,1,1,1,1,1,1,1,1,1,1,0.998374411,1,0.998335551
2026-10-25,1,1,,1,1,1,0.994327037,0.997156298,1,1,1,0.995447086,1,1,1,1,1,1,,1,1,1,1,1,1,1,1,1,1,1,0.99660815,1,1,0.998291407,1,1,1,1,1,1,1,1,1,1,1,1,1,1,0.99788321,0.998811389,0.998930897,1,0.995851586,0.996250832,0.998849812,0.998890378,1,0.9982676,0.997582643,1,1,1,1,1,1,1,1,1,1,1,1,1,1,1,1,1,1,0.998374411,1,0.998337195
2026-10-26,1,1,,1,1,1,0.994372626,0.997160655,1,1,1,0.995453981,1,1,1,1,1,1,,1,1,1,1,1,1,1,1,1,1,1,0.99660815,1,1,0.998293127,1,1,1,1,1,1,1,1,1,1,1,1,1,1,0.997935347,0.998819439,0.998949936,1,0.995888678,0.996316607,0.998865628,0.998912027,1,0.998275277,0.997615207,1,1,1,1,1,1,1,1,1,1,1,1,1,1,1,1,1,1,0.998374411,1,0.998336373
2026-10-27,1,1,,1,1,1,0.994381174,0.997162107,1,1,1,0.995474666,1,1,1,1,1,1,,1,1,1,1,1,1,1,1,1,1,1,0.99660815,1,1,0.998296566,1,1,1,1,1,1,1,1,1,1,1,1,1,1,0.997992225,0.998830365,0.99896751,1,0.995939435,0.996344562,0.99887599,0.998931662,1,0.998277836,0.997636917,1,1,1,1,1,1,1,1,1,1,1,1,1,1,1,1,1,1,0.998375212,1,0.998337195
2026-10-28,1,1,,1,1,1,0.994395421,0.997163559,1,1,1,0.995493052,1,1,1,1,1,1,,1,1,1,1,1,1,1,1,1,1,1,0.99660815,1,1,0.998298286,1,1,1,1,1,1,1,1,1,1,1,1,1,1,0.998032039,0.998838416,0.998976786,1,0.995968718,0.996390604,0.998884716,0.998936696,1,0.998283807,0.997662968,1,1,1,1,1,1,1,1,1,1,1,1,1,1,1,1,1,1,0.998375212,1,0.998335551
2026-10-29,1,1,,1,1,1,0.994412516,1,1,1,1,0.995502245,1,1,1,1,1,1,,1,1,1,1,1,1,1,1,1,1,1,1,1,1,0.998298286,1,1,1,1,1,1,1,1,1,1,1,1,1,1,0.998058582,0.998841291,0.998985085,1,0.995999953,0.996421847,0.998888533,0.998962373,1,0.998286365,0.997705302,1,1,1,1,1,1,1,1,1,1,1,1,1,1,1,1,1,1,0.998375212,1,0.998335551
2026-10-30,1,1,,1,1,1,0.994415366,1,1,1,1,1,1,1,1,1,1,1,,1,1,1,1,1,1,1,1,1,1,1,1,1,1,0.998298286,1,1,1,1,1,1,1,1,1,1,1,1,1,1,0.99809176,0.998844741,0.99899436,1,0.996009714,0.996451446,0.998891805,0.998969924,1,0.998286365,0.997733524,1,1,1,1,1,1,1,1,1,1,1,1,1,1,1,1,1,1,0.998375212,1,0.998335551
2026-10-31,1,1,,1,1,1,0.994423914,1,1,1,1,1,1,1,1,1,1,1,,1,1,1,1,1,1,1,1,1,1,1,1,1,1,0.998298286,1,1,1,1,1,1,1,1,1,1,1,1,1,1,0.998105032,0.998847041,0.999002659,1,0.996025332,0.996517221,0.998892896,0.998981,1,0.998286365,0.997748721,1,1,1,1,1,1,1,1,1,1,1,1,1,1,1,1,1,1,0.998376012,1,0.998335551
2026-11-01,1,1,,1,1,1,0.994423914,1,1,1,1,1,1,1,1,1,1,1,,1,1,1,1,1,1,1,1,1,1,1,1,1,1,1,1,1,1,1,1,1,1,1,1,1,1,1,1,1,0.998109772,0.998848766,0.999013887,1,0.996054615,0.99653202,0.998895623,0.998984021,1,0.998286365,0.99775849,1,1,1,1,1,1,1,1,1,1,1,1,1,1,1,1,1,1,0.998376813,1,0.998335551
2026-11-02,1,1,,1,1,1,0.994432462,1,1,1,1,1,1,1,1,1,1,1,,1,1,1,1,1,1,1,1,1,1,1,1,1,1,1,1,1,1,1,1,1,1,1,1,1,1,1,1,1,1,0.998849916,0.999018769,1,0.996054615,0.996581351,0.998898895,0.998984021,1,0.998288924,0.997776943,1,1,1,1,1,1,1,1,1,1,1,1,1,1,1,1,1,1,0.998377614,1,0.998335551
2026-11-03,1,1,,1,1,1,0.994432462,1,1,1,1,1,1,1,1,1,1,1,,1,1,1,1,1,1,1,1,1,1,1,1,1,1,1,1,1,1,1,1,1,1,1,1,1,1,1,1,1,1,0.998849916,0.999025603,1,0.996058519,0.996609305,0.998901622,0.998985532,1,0.998288924,0.99779214,1,1,1,1,1,1,1,1,1,1,1,1,1,1,1,1,1,1,0.998380016,1,0.998335551
2026-11-04,1,1,,1,1,1,0.994432462,1,1,1,1,1,1,1,1,1,1,1,,1,1,1,1,1,1,1,1,1,1,1,1,1,1,1,1,1,1,1,1,1,1,1,1,1,1,1,1,1,1,0.998852217,1,1,0.996062423,0.996609305,0.998902167,0.998987042,1,0.998289777,0.997796482,1,1,1,1,1,1,1,1,1,1,1,1,1,1,1,1,1,1,0.998380016,1,0.998335551
2026-11-05,1,1,,1,1,1,0.99443816,1,1,1,1,1,1,1,1,1,1,1,,1,1,1,1,1,1,1,1,1,1,1,1,1,1,1,1,1,1,1,1,1,1,1,1,1,1,1,1,1,1,0.998852792,1,1,0.996072184,0.996642193,0.998903258,0.998987042,1,0.998289777,0.997801909,1,1,1,1,1,1,1,1,1,1,1,1,1,1,1,1,1,1,0.998380016,1,0.998335551
2026-11-06,1,1,,1,1,1,0.99443816,1,1,1,1,1,1,1,1,1,1,1,,1,1,1,1,1,1,1,1,1,1,1,1,1,1,1,1,1,1,1,1,1,1,1,1,1,1,1,1,1,1,0.998852792,1,1,0.996079993,0.996647126,0.998903804,0.998987545,1,0.998289777,0.997801909,1,1,1,1,1,1,1,1,1,1,1,1,1,1,1,1,1,1,0.998380016,1,1
2026-11-07,1,1,,1,1,1,1,1,1,1,1,1,1,1,1,1,1,1,,1,1,1,1,1,1,1,1,1,1,1,1,1,1,1,1,1,1,1,1,1,1,1,1,1,1,1,1,1,1,1,1,1,0.996089754,0.996650415,0.998903804,0.998987545,1,0.998289777,0.997801909,1,1,1,1,1,1,1,1,1,1,1,1,1,1,1,1,1,1,0.998380016,1,1
2026-11-08,1,1,,1,1,1,1,1,1,1,1,1,1,1,1,1,1,1,,1,1,1,1,1,1,1,1,1,1,1,1,1,1,1,1,1,1,1,1,1,1,1,1,1,1,1,1,1,1,1,1,1,0.996095611,0.996660281,0.99890544,0.998987545,1,0.998289777,0.99780408,1,1,1,1,1,1,1,1,1,1,1,1,1,1,1,1,1,1,0.998380016,1,1
2026-11-09,1,1,,1,1,1,1,1,1,1,1,1,1,1,1,1,1,1,,1,1,1,1,1,1,1,1,1,1,1,1,1,1,1,1,1,1,1,1,1,1,1,1,1,1,1,1,1,1,1,1,1,0.996097563,0.996676725,0.99890653,0.998988552,1,0.998289777,0.997806251,1,1,1,1,1,1,1,1,1,1,1,1,1,1,1,1,1,1,0.998380016,1,1
2026-11-10,1,1,,1,1,1,1,1,1,1,1,1,1,1,1,1,1,1,,1,1,1,1,1,1,1,1,1,1,1,1,1,1,1,1,1,1,1,1,1,1,1,1,1,1,1,1,1,1,1,1,1,0.996097563,0.996684947,0.998907076,0.998989559,1,0.998289777,0.997808422,1,1,1,1,1,1,1,1,1,1,1,1,1,1,1,1,1,1,0.998380016,1,1
2026-11-11,1,1,,1,1,1,1,1,1,1,1,1,1,1,1,1,1,1,,1,1,1,1,1,1,1,1,1,1,1,1,1,1,1,1,1,1,1,1,1,1,1,1,1,1,1,1,1,1,1,1,1,0.996097563,0.996698102,0.998907076,0.998989559,1,0.998289777,0.997809507,1,1,1,1,1,1,1,1,1,1,1,1,1,1,1,1,1,1,0.998380016,1,1
2026-11-12,1,1,,1,1,1,1,1,1,1,1,1,1,1,1,1,1,1,,1,1,1,1,1,1,1,1,1,1,1,1,1,1,1,1,1,1,1,1,1,1,1,1,1,1,1,1,1,1,1,1,1,0.996097563,0.99670139,0.998907076,0.998989559,1,0.998289777,0.997811678,1,1,1,1,1,1,1,1,1,1,1,1,1,1,1,1,1,1,0.998380016,1,1
2026-11-13,1,1,,1,1,1,1,1,1,1,1,1,1,1,1,1,1,1,,1,1,1,1,1,1,1,1,1,1,1,1,1,1,1,1,1,1,1,1,1,1,1,1,1,1,1,1,1,1,1,1,1,0.996097563,0.996703035,0.998908167,0.998990063,1,0.998289777,0.997811678,1,1,1,1,1,1,1,1,1,1,1,1,1,1,1,1,1,1,0.998380016,1,1
2026-11-14,1,1,,1,1,1,1,1,1,1,1,1,1,1,1,1,1,1,,1,1,1,1,1,1,1,1,1,1,1,1,1,1,1,1,1,1,1,1,1,1,1,1,1,1,1,1,1,1,1,1,1,0.996099515,0.996703035,0.998908167,0.998990566,1,0.998289777,0.997812764,1,1,1,1,1,1,1,1,1,1,1,1,1,1,1,1,1,1,0.998380016,1,1
2026-11-15,1,1,,1,1,1,1,1,1,1,1,1,1,1,1,1,1,1,,1,1,1,1,1,1,1,1,1,1,1,1,1,1,1,1,1,1,1,1,1,1,1,1,1,1,1,1,1,1,1,1,1,0.996099515,0.996703035,0.998909257,0.99899107,1,0.998289777,0.997813849,1,1,1,1,1,1,1,1,1,1,1,1,1,1,1,1,1,1,0.998380016,1,1
2026-11-16,1,1,,1,1,1,1,1,1,1,1,1,1,1,1,1,1,1,,1,1,1,1,1,1,1,1,1,1,1,1,1,1,1,1,1,1,1,1,1,1,1,1,1,1,1,1,1,1,1,1,1,1,0.996703035,0.998909257,0.998991573,1,0.998289777,0.997818191,1,1,1,1,1,1,1,1,1,1,1,1,1,1,1,1,1,1,0.998380016,1,1
2026-11-17,1,1,,1,1,1,1,1,1,1,1,1,1,1,1,1,1,1,,1,1,1,1,1,1,1,1,1,1,1,1,1,1,1,1,1,1,1,1,1,1,1,1,1,1,1,1,1,1,1,1,1,1,0.996707968,0.998909257,0.998991573,1,0.99829063,0.997818191,1,1,1,1,1,1,1,1,1,1,1,1,1,1,1,1,1,1,0.998380016,1,1
2026-11-18,1,1,,1,1,1,1,1,1,1,1,1,1,1,1,1,1,1,,1,1,1,1,1,1,1,1,1,1,1,1,1,1,1,1,1,1,1,1,1,1,1,1,1,1,1,1,1,1,1,1,1,1,0.996712901,0.998909257,0.998991573,1,0.99829063,0.997820362,1,1,1,1,1,1,1,1,1,1,1,1,1,1,1,1,1,1,0.998380016,1,1
2026-11-19,1,1,,1,1,1,1,1,1,1,1,1,1,1,1,1,1,1,,1,1,1,1,1,1,1,1,1,1,1,1,1,1,1,1,1,1,1,1,1,1,1,1,1,1,1,1,1,1,1,1,1,1,0.996712901,0.998909257,0.998991573,1,0.998291483,0.997820362,1,1,1,1,1,1,1,1,1,1,1,1,1,1,1,1,1,1,0.998380016,1,1
2026-11-20,1,1,,1,1,1,1,1,1,1,1,1,1,1,1,1,1,1,,1,1,1,1,1,1,1,1,1,1,1,1,1,1,1,1,1,1,1,1,1,1,1,1,1,1,1,1,1,1,1,1,1,1,0.996712901,0.998909257,0.998992077,1,0.998291483,0.997821448,1,1,1,1,1,1,1,1,1,1,1,1,1,1,1,1,1,1,0.998380016,1,1
2026-11-21,1,1,,1,1,1,1,1,1,1,1,1,1,1,1,1,1,1,,1,1,1,1,1,1,1,1,1,1,1,1,1,1,1,1,1,1,1,1,1,1,1,1,1,1,1,1,1,1,1,1,1,1,0.996712901,0.998909257,0.998992077,1,0.998291483,0.997821448,1,1,1,1,1,1,1,1,1,1,1,1,1,1,1,1,1,1,0.998380016,1,1
2026-11-22,1,1,,1,1,1,1,1,1,1,1,1,1,1,1,1,1,1,,1,1,1,1,1,1,1,1,1,1,1,1,1,1,1,1,1,1,1,1,1,1,1,1,1,1,1,1,1,1,1,1,1,1,0.996712901,0.998909257,0.998992077,1,0.998291483,0.997822533,1,1,1,1,1,1,1,1,1,1,1,1,1,1,1,1,1,1,0.998380016,1,1
2026-11-23,1,1,,1,1,1,1,1,1,1,1,1,1,1,1,1,1,1,,1,1,1,1,1,1,1,1,1,1,1,1,1,1,1,1,1,1,1,1,1,1,1,1,1,1,1,1,1,1,1,1,1,1,0.996712901,1,0.99899258,1,0.998291483,0.997822533,1,1,1,1,1,1,1,1,1,1,1,1,1,1,1,1,1,1,0.998380016,1,1
2026-11-24,1,1,,1,1,1,1,1,1,1,1,1,1,1,1,1,1,1,,1,1,1,1,1,1,1,1,1,1,1,1,1,1,1,1,1,1,1,1,1,1,1,1,1,1,1,1,1,1,1,1,1,1,1,1,0.99899258,1,0.998291483,0.997822533,1,1,1,1,1,1,1,1,1,1,1,1,1,1,1,1,1,1,0.998380016,1,1
2026-11-25,1,1,,1,1,1,1,1,1,1,1,1,1,1,1,1,1,1,,1,1,1,1,1,1,1,1,1,1,1,1,1,1,1,1,1,1,1,1,1,1,1,1,1,1,1,1,1,1,1,1,1,1,1,1,0.99899258,1,0.998291483,0.997822533,1,1,1,1,1,1,1,1,1,1,1,1,1,1,1,1,1,1,0.998380016,1,1
2026-11-26,1,1,,1,1,1,1,1,1,1,1,1,1,1,1,1,1,1,,1,1,1,1,1,1,1,1,1,1,1,1,1,1,1,1,1,1,1,1,1,1,1,1,1,1,1,1,1,1,1,1,1,1,1,1,0.99899258,1,0.998291483,0.997822533,1,1,1,1,1,1,1,1,1,1,1,1,1,1,1,1,1,1,0.998380016,1,1
2026-11-27,1,1,,1,1,1,1,1,1,1,1,1,1,1,1,1,1,1,,1,1,1,1,1,1,1,1,1,1,1,1,1,1,1,1,1,1,1,1,1,1,1,1,1,1,1,1,1,1,1,1,1,1,1,1,0.99899258,1,1,0.997822533,1,1,1,1,1,1,1,1,1,1,1,1,1,1,1,1,1,1,0.998380016,1,1
2026-11-28,1,1,,1,1,1,1,1,1,1,1,1,1,1,1,1,1,1,,1,1,1,1,1,1,1,1,1,1,1,1,1,1,1,1,1,1,1,1,1,1,1,1,1,1,1,1,1,1,1,1,1,1,1,1,0.99899258,1,1,0.997822533,1,1,1,1,1,1,1,1,1,1,1,1,1,1,1,1,1,1,0.998380016,1,1
2026-11-29,1,1,,1,1,1,1,1,1,1,1,1,1,1,1,1,1,1,,1,1,1,1,1,1,1,1,1,1,1,1,1,1,1,1,1,1,1,1,1,1,1,1,1,1,1,1,1,1,1,1,1,1,1,1,0.99899258,1,1,0.997822533,1,1,1,1,1,1,1,1,1,1,1,1,1,1,1,1,1,1,1,1,1
2026-11-30,1,1,,1,1,1,1,1,1,1,1,1,1,1,1,1,1,1,,1,1,1,1,1,1,1,1,1,1,1,1,1,1,1,1,1,1,1,1,1,1,1,1,1,1,1,1,1,1,1,1,1,1,1,1,0.99899258,1,1,0.997823619,1,1,1,1,1,1,1,1,1,1,1,1,1,1,1,1,1,1,1,1,1
2026-12-01,1,1,,1,1,1,1,1,1,1,1,1,1,1,1,1,1,1,,1,1,1,1,1,1,1,1,1,1,1,1,1,1,1,1,1,1,1,1,1,1,1,1,1,1,1,1,1,1,1,1,1,1,1,1,0.99899258,1,1,0.997824704,1,1,1,1,1,1,1,1,1,1,1,1,1,1,1,1,1,1,1,1,1
2026-12-02,1,1,,1,1,1,1,1,1,1,1,1,1,1,1,1,1,1,,1,1,1,1,1,1,1,1,1,1,1,1,1,1,1,1,1,1,1,1,1,1,1,1,1,1,1,1,1,1,1,1,1,1,1,1,0.99899258,1,1,1,1,1,1,1,1,1,1,1,1,1,1,1,1,1,1,1,1,1,1,1,1
2026-12-03,1,1,,1,1,1,1,1,1,1,1,1,1,1,1,1,1,1,,1,1,1,1,1,1,1,1,1,1,1,1,1,1,1,1,1,1,1,1,1,1,1,1,1,1,1,1,1,1,1,1,1,1,1,1,1,1,1,1,1,1,1,1,1,1,1,1,1,1,1,1,1,1,1,1,1,1,1,1,1
2026-12-04,1,1,,1,1,1,1,1,1,1,1,1,1,1,1,1,1,1,,1,1,1,1,1,1,1,1,1,1,1,1,1,1,1,1,1,1,1,1,1,1,1,1,1,1,1,1,1,1,1,1,1,1,1,1,1,1,1,1,1,1,1,1,1,1,1,1,1,1,1,1,1,1,1,1,1,1,1,1,1
2026-12-05,1,1,,1,1,1,1,1,1,1,1,1,1,1,1,1,1,1,,1,1,1,1,1,1,1,1,1,1,1,1,1,1,1,1,1,1,1,1,1,1,1,1,1,1,1,1,1,1,1,1,1,1,1,1,1,1,1,1,1,1,1,1,1,1,1,1,1,1,1,1,1,1,1,1,1,1,1,1,1
2026-12-06,1,1,,1,1,1,1,1,1,1,1,1,1,1,1,1,1,1,,1,1,1,1,1,1,1,1,1,1,1,1,1,1,1,1,1,1,1,1,1,1,1,1,1,1,1,1,1,1,1,1,1,1,1,1,1,1,1,1,1,1,1,1,1,1,1,1,1,1,1,1,1,1,1,1,1,1,1,1,1
2026-12-07,1,1,,1,1,1,1,1,1,1,1,1,1,1,1,1,1,1,,1,1,1,1,1,1,1,1,1,1,1,1,1,1,1,1,1,1,1,1,1,1,1,1,1,1,1,1,1,1,1,1,1,1,1,1,1,1,1,1,1,1,1,1,1,1,1,1,1,1,1,1,1,1,1,1,1,1,1,1,1
2026-12-08,1,1,,1,1,1,1,1,1,1,1,1,1,1,1,1,1,1,,1,1,1,1,1,1,1,1,1,1,1,1,1,1,1,1,1,1,1,1,1,1,1,1,1,1,1,1,1,1,1,1,1,1,1,1,1,1,1,1,1,1,1,1,1,1,1,1,1,1,1,1,1,1,1,1,1,1,1,1,1
2026-12-09,1,1,,1,1,1,1,1,1,1,1,1,1,1,1,1,1,1,,1,1,1,1,1,1,1,1,1,1,1,1,1,1,1,1,1,1,1,1,1,1,1,1,1,1,1,1,1,1,1,1,1,1,1,1,1,1,1,1,1,1,1,1,1,1,1,1,1,1,1,1,1,1,1,1,1,1,1,1,1
2026-12-10,1,1,,1,1,1,1,1,1,1,1,1,1,1,1,1,1,1,,1,1,1,1,1,1,1,1,1,1,1,1,1,1,1,1,1,1,1,1,1,1,1,1,1,1,1,1,1,1,1,1,1,1,1,1,1,1,1,1,1,1,1,1,1,1,1,1,1,1,1,1,1,1,1,1,1,1,1,1,1
2026-12-11,1,1,,1,1,1,1,1,1,1,1,1,1,1,1,1,1,1,,1,1,1,1,1,1,1,1,1,1,1,1,1,1,1,1,1,1,1,1,1,1,1,1,1,1,1,1,1,1,1,1,1,1,1,1,1,1,1,1,1,1,1,1,1,1,1,1,1,1,1,1,1,1,1,1,1,1,1,1,1
2026-12-12,1,1,,1,1,1,1,1,1,1,1,1,1,1,1,1,1,1,,1,1,1,1,1,1,1,1,1,1,1,1,1,1,1,1,1,1,1,1,1,1,1,1,1,1,1,1,1,1,1,1,1,1,1,1,1,1,1,1,1,1,1,1,1,1,1,1,1,1,1,1,1,1,1,1,1,1,1,1,1
2026-12-13,1,1,,1,1,1,1,1,1,1,1,1,1,1,1,1,1,1,,1,1,1,1,1,1,1,1,1,1,1,1,1,1,1,1,1,1,1,1,1,1,1,1,1,1,1,1,1,1,1,1,1,1,1,1,1,1,1,1,1,1,1,1,1,1,1,1,1,1,1,1,1,1,1,1,1,1,1,1,1
2026-12-14,1,1,,1,1,1,1,1,1,1,1,1,1,1,1,1,1,1,,1,1,1,1,1,1,1,1,1,1,1,1,1,1,1,1,1,1,1,1,1,1,1,1,1,1,1,1,1,1,1,1,1,1,1,1,1,1,1,1,1,1,1,1,1,1,1,1,1,1,1,1,1,1,1,1,1,1,1,1,1
2026-12-15,1,1,,1,1,1,1,1,1,1,1,1,1,1,1,1,1,1,,1,1,1,1,1,1,1,1,1,1,1,1,1,1,1,1,1,1,1,1,1,1,1,1,1,1,1,1,1,1,1,1,1,1,1,1,1,1,1,1,1,1,1,1,1,1,1,1,1,1,1,1,1,1,1,1,1,1,1,1,1
