Date,Day,1970,1971,1972,1973,1974,1975,1976,1977,1978,1979,1980,1981,1982,1983,1984,1985,1986,1987,1988,1989,1990,1991,1992,1993,1994,1995,1996,1997,1998,1999,2000,2001,2002,2003,2004,2005,2006,2007,2008,2009,2010,2011,2012,2013,2014,2015,2016,2017,2018
1-Jun,1,0.00,0.00,0.00,0.00,0.00,0.00,0.00,0.00,0.00,0.00,0.00,0.00,0.00,0.00,0.00,0.00,0.00,0.00,0.00,0.00,0.00,0.00,0.00,0.00,0.00,0.00,0.00,0.00,0.00,0.00,0.00,0.00,0.00,0.00,0.00,0.00,0.00,0.00,0.00,0.00,0.00,0.00,0.00,0.00,0.00,0.00,0.00,0.00,0.00
2-Jun,2,0.00,0.00,0.00,0.00,0.00,0.00,0.00,0.00,0.00,0.00,0.00,0.00,0.00,0.00,0.00,0.00,0.00,0.00,0.00,0.00,0.00,0.00,0.00,0.00,0.00,0.00,0.00,0.00,0.00,0.00,0.00,0.00,0.00,0.00,0.00,0.00,0.00,0.00,0.00,0.00,0.00,0.00,0.00,0.00,0.00,0.00,0.00,0.00,0.00
3-Jun,3,0.00,0.00,0.00,0.00,0.00,0.00,0.00,0.00,0.00,0.00,0.00,0.00,0.00,0.00,0.00,0.00,0.00,0.00,0.00,0.00,0.00,0.00,0.00,0.00,0.00,0.00,0.00,0.00,0.00,0.00,0.00,0.00,0.00,0.00,0.00,0.00,0.00,0.00,0.00,0.00,0.00,0.00,0.00,0.00,0.00,0.00,0.00,0.00,0.00
4-Jun,4,0.00,0.00,0.00,0.00,0.00,0.00,0.00,0.00,0.00,0.00,0.00,0.00,0.00,0.00,0.00,0.00,0.00,0.00,0.00,0.00,0.00,0.00,0.00,0.00,0.00,0.00,0.00,0.00,0.00,0.00,0.00,0.00,0.00,0.00,0.00,0.00,0.00,0.00,0.00,0.00,0.00,0.00,0.00,0.00,0.00,0.00,0.00,0.00,0.00
5-Jun,5,0.00,0.00,0.00,0.00,0.00,0.00,0.00,0.00,0.00,0.00,0.00,0.00,0.00,0.00,0.00,0.00,0.00,0.00,0.00,0.00,0.00,0.00,0.00,0.00,0.00,0.00,0.00,0.00,0.00,0.00,0.00,0.00,0.00,0.00,0.00,0.00,0.00,0.00,0.00,0.00,0.00,0.00,0.00,0.00,0.00,0.00,0.00,0.00,0.00
6-Jun,6,0.00,0.00,0.00,0.00,0.00,0.00,0.00,0.00,0.00,0.00,0.00,0.00,0.00,0.00,0.00,0.00,0.00,0.00,0.00,0.00,0.00,0.00,0.00,0.00,0.00,0.00,0.00,0.00,0.00,0.00,0.00,0.00,0.00,0.00,0.00,0.00,0.00,0.00,0.00,0.00,0.00,0.00,0.00,0.00,0.00,0.00,0.00,0.00,0.00
7-Jun,7,0.00,0.00,0.00,0.00,0.00,0.00,0.00,0.00,0.00,0.00,0.00,0.00,0.00,0.00,0.00,0.00,0.00,0.00,0.00,0.00,0.00,0.00,0.00,0.00,0.00,0.00,0.00,0.00,0.00,0.00,0.00,0.00,0.00,0.00,0.00,0.00,0.00,0.00,0.00,0.00,0.00,0.00,0.00,0.00,0.00,0.00,0.00,0.00,0.00
8-Jun,8,0.00,0.00,0.00,0.00,0.00,0.00,0.00,0.00,0.00,0.00,0.00,0.00,0.00,0.00,0.00,0.00,0.00,0.00,0.00,0.00,0.00,0.00,0.00,0.00,0.00,0.00,0.00,0.00,0.00,0.00,0.00,0.00,0.00,0.00,0.00,0.00,0.00,0.00,0.00,0.00,0.00,0.00,0.00,0.00,0.00,0.00,0.00,0.00,0.00
9-Jun,9,0.00,0.00,0.00,0.00,0.00,0.00,0.00,0.00,0.00,0.00,0.00,0.00,0.00,0.00,0.00,0.00,0.00,0.00,0.00,0.00,0.00,0.00,0.00,0.00,0.00,0.00,0.00,0.00,0.00,0.00,0.00,0.00,0.00,0.00,0.00,0.00,0.00,0.00,0.00,0.00,0.00,0.00,0.00,0.00,0.00,0.00,0.00,0.00,0.00
10-Jun,10,0.00,0.00,0.00,0.00,0.00,0.00,0.00,0.00,0.00,0.00,0.00,0.00,0.00,0.00,0.00,0.00,0.00,0.00,0.00,0.00,0.00,0.00,0.00,0.00,0.00,0.00,0.00,0.00,0.00,0.00,0.00,0.00,0.00,0.00,0.00,0.00,0.00,0.00,0.00,0.00,0.00,0.00,0.00,0.00,0.00,0.00,0.00,0.00,0.00
11-Jun,11,0.00,0.00,0.00,0.00,0.00,0.00,0.00,0.00,0.00,0.00,0.00,0.00,0.00,0.00,0.00,0.00,0.00,0.00,0.00,0.00,0.00,0.00,0.00,0.00,0.00,0.00,0.00,0.00,0.00,0.00,0.00,0.00,0.00,0.00,0.00,0.00,0.00,0.00,0.00,0.00,0.00,0.00,0.00,0.00,0.00,0.00,0.00,0.00,0.00
12-Jun,12,0.00,0.00,0.00,0.00,0.00,0.00,0.00,0.00,0.00,0.00,0.00,0.00,0.00,0.00,0.00,0.00,0.00,0.00,0.00,0.00,0.00,0.00,0.00,0.00,0.00,0.00,0.00,0.00,0.01,0.00,0.00,0.00,0.00,0.00,0.00,0.00,0.00,0.00,0.00,0.00,0.00,0.00,0.00,0.00,0.00,0.00,0.00,0.00,0.00
13-Jun,13,0.00,0.00,0.00,0.00,0.00,0.00,0.00,0.00,0.00,0.01,0.00,0.00,0.00,0.01,0.00,0.00,0.00,0.00,0.00,0.00,0.00,0.00,0.00,0.00,0.00,0.00,0.00,0.00,0.01,0.00,0.00,0.00,0.00,0.00,0.00,0.00,0.00,0.00,0.00,0.00,0.00,0.00,0.00,0.01,0.00,0.00,0.00,0.00,0.00
14-Jun,14,0.00,0.00,0.00,0.00,0.00,0.00,0.00,0.00,0.01,0.01,0.01,0.00,0.00,0.01,0.00,0.00,0.00,0.00,0.00,0.01,0.00,0.00,0.00,0.00,0.00,0.00,0.00,0.00,0.01,0.00,0.00,0.00,0.00,0.00,0.00,0.01,0.00,0.00,0.00,0.01,0.00,0.00,0.00,0.01,0.00,0.00,0.00,0.00,0.00
15-Jun,15,0.00,0.00,0.00,0.00,0.00,0.00,0.00,0.01,0.02,0.01,0.01,0.00,0.01,0.01,0.00,0.00,0.00,0.00,0.00,0.01,0.00,0.00,0.00,0.00,0.00,0.00,0.00,0.00,0.01,0.00,0.00,0.00,0.00,0.00,0.00,0.01,0.00,0.00,0.00,0.01,0.00,0.00,0.01,0.02,0.00,0.00,0.00,0.00,0.00
16-Jun,16,0.03,0.00,0.00,0.00,0.00,0.00,0.00,0.01,0.03,0.01,0.01,0.00,0.01,0.01,0.00,0.00,0.00,0.00,0.00,0.01,0.00,0.01,0.00,0.00,0.00,0.00,0.01,0.00,0.01,0.00,0.00,0.00,0.00,0.00,0.00,0.01,0.00,0.00,0.00,0.01,0.00,0.00,0.01,0.02,0.00,0.00,0.00,0.01,0.00
17-Jun,17,0.03,0.00,0.00,0.00,0.00,0.00,0.01,0.01,0.03,0.01,0.03,0.00,0.01,0.01,0.00,0.01,0.00,0.01,0.00,0.01,0.00,0.01,0.00,0.00,0.00,0.00,0.01,0.00,0.02,0.00,0.00,0.00,0.00,0.00,0.00,0.01,0.00,0.01,0.00,0.01,0.00,0.00,0.01,0.02,0.00,0.00,0.01,0.01,0.01
18-Jun,18,0.04,0.00,0.00,0.01,0.01,0.01,0.01,0.01,0.04,0.02,0.03,0.00,0.01,0.01,0.00,0.01,0.00,0.01,0.00,0.01,0.00,0.01,0.00,0.00,0.00,0.00,0.01,0.00,0.02,0.01,0.01,0.00,0.00,0.00,0.01,0.02,0.00,0.01,0.00,0.01,0.01,0.00,0.01,0.02,0.00,0.00,0.01,0.01,0.01
19-Jun,19,0.04,0.00,0.01,0.01,0.01,0.01,0.01,0.01,0.04,0.02,0.03,0.00,0.01,0.02,0.00,0.01,0.00,0.01,0.00,0.01,0.01,0.01,0.00,0.01,0.00,0.00,0.01,0.00,0.03,0.01,0.01,0.01,0.00,0.00,0.01,0.02,0.00,0.01,0.00,0.01,0.01,0.00,0.01,0.03,0.00,0.01,0.01,0.01,0.01
20-Jun,20,0.04,0.00,0.01,0.01,0.02,0.01,0.01,0.01,0.05,0.02,0.04,0.01,0.01,0.02,0.00,0.01,0.00,0.01,0.01,0.02,0.01,0.01,0.00,0.01,0.01,0.00,0.01,0.00,0.04,0.01,0.01,0.01,0.00,0.01,0.01,0.02,0.00,0.01,0.00,0.01,0.01,0.01,0.01,0.03,0.00,0.01,0.01,0.02,0.01
21-Jun,21,0.04,0.01,0.02,0.01,0.02,0.01,0.01,0.01,0.05,0.02,0.04,0.01,0.01,0.02,0.01,0.01,0.00,0.01,0.01,0.02,0.01,0.02,0.00,0.01,0.01,0.01,0.01,0.01,0.05,0.01,0.01,0.01,0.01,0.01,0.01,0.03,0.00,0.02,0.00,0.01,0.01,0.01,0.02,0.03,0.01,0.01,0.01,0.02,0.01
22-Jun,22,0.04,0.01,0.02,0.01,0.02,0.01,0.01,0.01,0.05,0.02,0.04,0.01,0.02,0.03,0.01,0.01,0.00,0.02,0.01,0.02,0.01,0.02,0.00,0.01,0.01,0.01,0.01,0.01,0.06,0.01,0.01,0.01,0.01,0.01,0.02,0.03,0.00,0.02,0.00,0.02,0.01,0.01,0.02,0.03,0.01,0.01,0.02,0.02,0.01
23-Jun,23,0.05,0.01,0.02,0.01,0.02,0.01,0.01,0.02,0.06,0.03,0.05,0.01,0.02,0.03,0.01,0.01,0.00,0.02,0.01,0.02,0.01,0.02,0.00,0.01,0.02,0.01,0.02,0.01,0.07,0.02,0.02,0.01,0.01,0.01,0.03,0.04,0.00,0.02,0.01,0.02,0.01,0.01,0.02,0.04,0.01,0.01,0.03,0.02,0.02
24-Jun,24,0.05,0.01,0.02,0.01,0.03,0.01,0.01,0.02,0.06,0.03,0.05,0.01,0.03,0.03,0.01,0.02,0.01,0.02,0.01,0.03,0.01,0.02,0.01,0.01,0.02,0.01,0.02,0.02,0.08,0.02,0.02,0.02,0.02,0.02,0.03,0.05,0.00,0.03,0.01,0.02,0.01,0.01,0.02,0.04,0.01,0.01,0.04,0.02,0.02
25-Jun,25,0.06,0.01,0.03,0.01,0.03,0.02,0.01,0.02,0.06,0.03,0.05,0.02,0.03,0.03,0.01,0.02,0.01,0.02,0.01,0.03,0.01,0.02,0.01,0.02,0.02,0.01,0.03,0.02,0.09,0.02,0.03,0.02,0.02,0.02,0.03,0.05,0.01,0.03,0.01,0.02,0.02,0.02,0.03,0.04,0.01,0.01,0.04,0.03,0.02
26-Jun,26,0.06,0.01,0.03,0.02,0.03,0.02,0.01,0.02,0.07,0.04,0.06,0.03,0.04,0.04,0.01,0.03,0.01,0.03,0.01,0.03,0.01,0.02,0.01,0.02,0.02,0.02,0.03,0.03,0.10,0.03,0.04,0.03,0.03,0.03,0.04,0.06,0.01,0.03,0.01,0.02,0.03,0.02,0.03,0.05,0.01,0.02,0.05,0.03,0.03
27-Jun,27,0.07,0.01,0.03,0.02,0.04,0.02,0.01,0.03,0.08,0.04,0.07,0.03,0.05,0.05,0.01,0.03,0.02,0.04,0.02,0.03,0.02,0.02,0.02,0.03,0.02,0.02,0.04,0.03,0.11,0.03,0.05,0.04,0.03,0.04,0.05,0.06,0.01,0.04,0.01,0.02,0.03,0.02,0.03,0.05,0.01,0.02,0.06,0.03,0.03
28-Jun,28,0.08,0.01,0.04,0.03,0.04,0.02,0.01,0.04,0.09,0.04,0.08,0.03,0.05,0.06,0.01,0.04,0.02,0.04,0.02,0.04,0.02,0.02,0.02,0.03,0.03,0.03,0.04,0.04,0.13,0.04,0.06,0.04,0.04,0.04,0.05,0.07,0.01,0.04,0.01,0.03,0.04,0.03,0.03,0.07,0.02,0.02,0.06,0.04,0.04
29-Jun,29,0.08,0.01,0.04,0.03,0.05,0.02,0.02,0.04,0.11,0.04,0.09,0.03,0.06,0.06,0.01,0.04,0.02,0.05,0.02,0.04,0.02,0.03,0.02,0.04,0.04,0.03,0.04,0.05,0.15,0.04,0.06,0.04,0.04,0.04,0.06,0.07,0.02,0.04,0.02,0.03,0.04,0.03,0.04,0.07,0.02,0.03,0.08,0.04,0.04
30-Jun,30,0.09,0.01,0.04,0.04,0.06,0.03,0.02,0.05,0.11,0.04,0.10,0.04,0.06,0.07,0.02,0.04,0.03,0.06,0.03,0.05,0.03,0.03,0.02,0.05,0.04,0.03,0.05,0.05,0.16,0.05,0.07,0.05,0.05,0.05,0.07,0.08,0.02,0.04,0.03,0.04,0.06,0.03,0.04,0.07,0.03,0.03,0.09,0.05,0.05
1-Jul,31,0.10,0.02,0.04,0.04,0.06,0.03,0.02,0.06,0.13,0.05,0.12,0.04,0.07,0.07,0.02,0.05,0.03,0.06,0.03,0.06,0.03,0.03,0.03,0.06,0.04,0.05,0.05,0.06,0.18,0.06,0.07,0.05,0.06,0.06,0.07,0.08,0.03,0.04,0.03,0.05,0.07,0.04,0.05,0.08,0.03,0.03,0.10,0.05,0.05
2-Jul,32,0.11,0.02,0.05,0.05,0.06,0.04,0.02,0.06,0.14,0.05,0.12,0.05,0.08,0.08,0.02,0.05,0.04,0.06,0.04,0.06,0.03,0.03,0.03,0.07,0.05,0.05,0.06,0.07,0.20,0.07,0.08,0.06,0.06,0.06,0.09,0.09,0.03,0.04,0.03,0.08,0.08,0.04,0.05,0.09,0.04,0.04,0.11,0.06,0.05
3-Jul,33,0.13,0.02,0.05,0.05,0.07,0.05,0.02,0.07,0.16,0.05,0.14,0.06,0.08,0.08,0.02,0.05,0.04,0.06,0.04,0.07,0.03,0.04,0.04,0.08,0.06,0.06,0.07,0.09,0.21,0.08,0.08,0.06,0.08,0.07,0.10,0.09,0.04,0.05,0.03,0.11,0.08,0.04,0.05,0.10,0.04,0.04,0.12,0.06,0.06
4-Jul,34,0.14,0.02,0.06,0.06,0.07,0.05,0.02,0.08,0.18,0.06,0.15,0.06,0.09,0.09,0.04,0.06,0.05,0.07,0.05,0.07,0.03,0.04,0.05,0.08,0.06,0.08,0.08,0.10,0.23,0.09,0.09,0.07,0.10,0.07,0.12,0.11,0.05,0.05,0.03,0.13,0.10,0.05,0.06,0.11,0.05,0.05,0.12,0.07,0.07
5-Jul,35,0.14,0.02,0.06,0.06,0.07,0.06,0.02,0.08,0.19,0.06,0.16,0.07,0.10,0.10,0.04,0.06,0.05,0.07,0.06,0.09,0.04,0.05,0.06,0.10,0.07,0.09,0.09,0.12,0.25,0.11,0.10,0.08,0.11,0.08,0.13,0.13,0.07,0.05,0.04,0.15,0.14,0.05,0.06,0.14,0.07,0.06,0.13,0.07,0.07
6-Jul,36,0.15,0.03,0.07,0.06,0.09,0.06,0.03,0.09,0.21,0.07,0.17,0.08,0.11,0.11,0.05,0.06,0.05,0.08,0.06,0.10,0.04,0.07,0.07,0.11,0.08,0.10,0.09,0.13,0.29,0.12,0.11,0.09,0.16,0.09,0.14,0.13,0.09,0.05,0.04,0.16,0.18,0.06,0.06,0.15,0.08,0.06,0.13,0.08,0.08
7-Jul,37,0.16,0.03,0.07,0.07,0.10,0.07,0.03,0.10,0.23,0.07,0.19,0.10,0.12,0.12,0.06,0.06,0.06,0.09,0.08,0.11,0.05,0.09,0.09,0.13,0.09,0.11,0.10,0.14,0.30,0.13,0.13,0.11,0.19,0.11,0.16,0.15,0.09,0.06,0.05,0.16,0.19,0.07,0.06,0.15,0.10,0.08,0.15,0.09,0.09
8-Jul,38,0.18,0.04,0.08,0.07,0.11,0.07,0.04,0.11,0.26,0.08,0.23,0.12,0.13,0.13,0.07,0.07,0.06,0.10,0.10,0.14,0.05,0.11,0.10,0.14,0.10,0.12,0.12,0.16,0.32,0.14,0.14,0.12,0.22,0.12,0.18,0.15,0.11,0.06,0.06,0.17,0.20,0.08,0.07,0.16,0.13,0.09,0.17,0.10,0.11
9-Jul,39,0.20,0.04,0.08,0.09,0.12,0.08,0.04,0.12,0.30,0.08,0.25,0.14,0.14,0.14,0.08,0.08,0.07,0.11,0.13,0.16,0.06,0.14,0.12,0.17,0.12,0.14,0.14,0.18,0.35,0.16,0.15,0.13,0.23,0.15,0.19,0.16,0.12,0.07,0.06,0.18,0.21,0.10,0.08,0.17,0.15,0.10,0.18,0.11,0.12
10-Jul,40,0.22,0.04,0.08,0.13,0.14,0.09,0.05,0.13,0.33,0.10,0.26,0.17,0.15,0.16,0.09,0.10,0.08,0.12,0.14,0.20,0.06,0.15,0.15,0.19,0.14,0.16,0.16,0.20,0.37,0.17,0.18,0.15,0.24,0.20,0.21,0.17,0.13,0.09,0.07,0.20,0.23,0.12,0.17,0.21,0.18,0.12,0.20,0.12,0.14
11-Jul,41,0.23,0.05,0.09,0.16,0.16,0.09,0.05,0.16,0.36,0.12,0.30,0.19,0.16,0.17,0.11,0.12,0.08,0.14,0.16,0.22,0.07,0.17,0.17,0.21,0.16,0.18,0.18,0.22,0.39,0.18,0.19,0.16,0.27,0.23,0.24,0.19,0.15,0.14,0.09,0.21,0.26,0.14,0.24,0.22,0.19,0.13,0.20,0.14,0.16
12-Jul,42,0.27,0.05,0.09,0.20,0.18,0.10,0.05,0.19,0.40,0.13,0.33,0.21,0.18,0.18,0.12,0.14,0.09,0.15,0.18,0.24,0.07,0.20,0.19,0.24,0.19,0.20,0.20,0.24,0.41,0.19,0.21,0.18,0.29,0.24,0.26,0.21,0.16,0.18,0.12,0.23,0.28,0.17,0.28,0.25,0.20,0.13,0.21,0.16,0.17
13-Jul,43,0.29,0.06,0.09,0.23,0.20,0.10,0.06,0.21,0.44,0.15,0.35,0.23,0.19,0.19,0.14,0.16,0.09,0.17,0.20,0.28,0.09,0.22,0.20,0.26,0.20,0.21,0.22,0.27,0.43,0.20,0.23,0.21,0.32,0.27,0.28,0.23,0.17,0.20,0.16,0.24,0.30,0.18,0.31,0.26,0.21,0.14,0.22,0.17,0.19
14-Jul,44,0.31,0.07,0.10,0.26,0.22,0.10,0.06,0.24,0.49,0.16,0.38,0.26,0.21,0.22,0.17,0.18,0.11,0.19,0.24,0.31,0.10,0.23,0.21,0.28,0.22,0.24,0.25,0.29,0.44,0.22,0.25,0.22,0.36,0.29,0.30,0.24,0.18,0.21,0.22,0.26,0.32,0.19,0.32,0.29,0.25,0.16,0.23,0.19,0.22
15-Jul,45,0.33,0.08,0.10,0.30,0.24,0.11,0.07,0.27,0.53,0.17,0.40,0.30,0.25,0.24,0.23,0.20,0.12,0.21,0.27,0.35,0.12,0.25,0.23,0.30,0.26,0.27,0.27,0.31,0.47,0.24,0.27,0.24,0.38,0.32,0.33,0.26,0.20,0.23,0.25,0.28,0.36,0.20,0.36,0.34,0.29,0.17,0.25,0.21,0.25
16-Jul,46,0.36,0.08,0.11,0.32,0.25,0.12,0.08,0.29,0.56,0.19,0.43,0.34,0.30,0.27,0.25,0.23,0.16,0.24,0.30,0.38,0.14,0.28,0.26,0.33,0.30,0.28,0.29,0.34,0.50,0.26,0.31,0.28,0.41,0.34,0.36,0.29,0.22,0.25,0.27,0.31,0.41,0.22,0.42,0.35,0.32,0.18,0.27,0.23,0.28
17-Jul,47,0.39,0.10,0.12,0.37,0.26,0.13,0.08,0.31,0.58,0.23,0.46,0.38,0.33,0.31,0.27,0.25,0.20,0.28,0.32,0.40,0.16,0.30,0.31,0.37,0.32,0.30,0.31,0.37,0.52,0.30,0.34,0.31,0.44,0.38,0.37,0.31,0.24,0.27,0.30,0.33,0.45,0.24,0.44,0.39,0.34,0.21,0.28,0.25,0.31
18-Jul,48,0.40,0.13,0.15,0.42,0.28,0.14,0.09,0.31,0.61,0.25,0.49,0.42,0.38,0.34,0.30,0.28,0.23,0.34,0.33,0.42,0.18,0.33,0.36,0.39,0.34,0.32,0.33,0.39,0.54,0.34,0.37,0.34,0.46,0.43,0.39,0.32,0.25,0.31,0.33,0.37,0.48,0.26,0.49,0.44,0.38,0.23,0.29,0.27,0.35
19-Jul,49,0.42,0.17,0.20,0.47,0.31,0.17,0.11,0.32,0.63,0.28,0.52,0.46,0.41,0.37,0.33,0.30,0.27,0.40,0.36,0.45,0.22,0.37,0.38,0.42,0.38,0.36,0.37,0.41,0.55,0.39,0.40,0.37,0.48,0.46,0.43,0.35,0.27,0.35,0.38,0.44,0.52,0.28,0.52,0.49,0.40,0.26,0.31,0.30,0.38
20-Jul,50,0.43,0.20,0.23,0.53,0.34,0.27,0.13,0.34,0.67,0.31,0.55,0.50,0.45,0.41,0.40,0.33,0.31,0.42,0.38,0.48,0.25,0.41,0.40,0.44,0.41,0.39,0.39,0.44,0.59,0.45,0.43,0.39,0.50,0.49,0.45,0.36,0.29,0.37,0.44,0.48,0.58,0.30,0.53,0.52,0.43,0.28,0.32,0.34,0.41
21-Jul,51,0.46,0.23,0.26,0.58,0.37,0.32,0.16,0.36,0.69,0.34,0.57,0.54,0.49,0.44,0.43,0.36,0.33,0.45,0.41,0.50,0.28,0.43,0.43,0.46,0.42,0.42,0.41,0.47,0.64,0.49,0.45,0.42,0.54,0.52,0.48,0.38,0.32,0.42,0.50,0.52,0.62,0.33,0.57,0.56,0.45,0.30,0.36,0.37,0.45
22-Jul,52,0.49,0.26,0.31,0.63,0.40,0.35,0.20,0.42,0.73,0.36,0.59,0.58,0.54,0.47,0.47,0.40,0.36,0.48,0.43,0.53,0.30,0.46,0.46,0.49,0.46,0.46,0.44,0.50,0.67,0.52,0.48,0.45,0.57,0.55,0.51,0.42,0.35,0.46,0.52,0.56,0.67,0.36,0.64,0.58,0.48,0.31,0.41,0.41,0.48
23-Jul,53,0.52,0.29,0.37,0.66,0.42,0.38,0.24,0.48,0.76,0.38,0.61,0.62,0.58,0.50,0.50,0.43,0.39,0.50,0.46,0.56,0.32,0.49,0.50,0.51,0.49,0.49,0.47,0.54,0.68,0.53,0.51,0.49,0.59,0.57,0.53,0.45,0.37,0.49,0.56,0.60,0.69,0.38,0.68,0.59,0.51,0.33,0.42,0.44,0.51
24-Jul,54,0.54,0.32,0.43,0.69,0.45,0.41,0.29,0.53,0.80,0.40,0.63,0.65,0.61,0.54,0.54,0.45,0.43,0.53,0.47,0.60,0.35,0.51,0.52,0.55,0.53,0.54,0.51,0.56,0.70,0.56,0.57,0.54,0.61,0.60,0.54,0.48,0.38,0.51,0.61,0.61,0.73,0.40,0.71,0.62,0.54,0.34,0.43,0.48,0.54
25-Jul,55,0.56,0.35,0.45,0.71,0.49,0.47,0.34,0.56,0.82,0.43,0.65,0.69,0.64,0.57,0.60,0.49,0.48,0.56,0.48,0.62,0.39,0.55,0.56,0.57,0.56,0.58,0.55,0.59,0.71,0.60,0.61,0.60,0.63,0.61,0.58,0.50,0.39,0.54,0.64,0.63,0.75,0.43,0.74,0.65,0.55,0.38,0.45,0.51,0.57
26-Jul,56,0.57,0.38,0.48,0.74,0.53,0.50,0.38,0.60,0.84,0.46,0.66,0.71,0.68,0.60,0.65,0.52,0.52,0.58,0.50,0.64,0.44,0.58,0.59,0.59,0.59,0.61,0.60,0.62,0.73,0.62,0.66,0.64,0.68,0.64,0.61,0.53,0.41,0.58,0.66,0.67,0.77,0.47,0.75,0.72,0.57,0.40,0.46,0.54,0.60
27-Jul,57,0.58,0.41,0.50,0.77,0.56,0.52,0.40,0.64,0.86,0.50,0.69,0.73,0.71,0.64,0.68,0.55,0.55,0.61,0.52,0.67,0.48,0.62,0.61,0.61,0.61,0.63,0.64,0.65,0.76,0.64,0.70,0.69,0.71,0.67,0.63,0.57,0.45,0.61,0.69,0.72,0.82,0.51,0.77,0.75,0.60,0.42,0.48,0.57,0.63
28-Jul,58,0.59,0.44,0.53,0.79,0.61,0.55,0.44,0.69,0.88,0.54,0.71,0.75,0.74,0.68,0.70,0.58,0.57,0.63,0.55,0.68,0.52,0.65,0.63,0.63,0.66,0.65,0.68,0.68,0.78,0.64,0.74,0.73,0.73,0.69,0.66,0.58,0.48,0.63,0.73,0.77,0.86,0.53,0.79,0.78,0.62,0.46,0.50,0.60,0.65
29-Jul,59,0.60,0.47,0.55,0.81,0.66,0.57,0.50,0.72,0.90,0.60,0.74,0.78,0.77,0.71,0.72,0.62,0.60,0.67,0.58,0.70,0.54,0.67,0.66,0.65,0.70,0.68,0.72,0.71,0.82,0.65,0.78,0.77,0.75,0.72,0.67,0.60,0.51,0.66,0.77,0.80,0.90,0.56,0.82,0.81,0.64,0.48,0.53,0.64,0.68
30-Jul,60,0.62,0.51,0.56,0.84,0.70,0.61,0.57,0.77,0.91,0.65,0.77,0.80,0.80,0.75,0.73,0.64,0.62,0.71,0.59,0.71,0.57,0.69,0.68,0.67,0.72,0.70,0.76,0.74,0.84,0.66,0.82,0.81,0.76,0.75,0.68,0.61,0.52,0.70,0.80,0.81,0.92,0.60,0.84,0.83,0.66,0.50,0.58,0.67,0.71
31-Jul,61,0.63,0.54,0.57,0.85,0.73,0.65,0.63,0.82,0.92,0.67,0.79,0.82,0.84,0.77,0.75,0.66,0.65,0.74,0.63,0.74,0.62,0.71,0.70,0.69,0.73,0.72,0.78,0.78,0.85,0.68,0.84,0.84,0.79,0.77,0.73,0.63,0.54,0.73,0.82,0.83,0.94,0.64,0.86,0.87,0.68,0.51,0.62,0.70,0.73
1-Aug,62,0.64,0.55,0.59,0.88,0.77,0.70,0.68,0.85,0.93,0.68,0.82,0.85,0.86,0.79,0.76,0.69,0.70,0.76,0.66,0.76,0.65,0.74,0.72,0.70,0.74,0.73,0.80,0.81,0.86,0.71,0.86,0.86,0.81,0.80,0.75,0.66,0.56,0.77,0.83,0.85,0.95,0.68,0.88,0.90,0.70,0.53,0.63,0.73,0.76
2-Aug,63,0.66,0.57,0.65,0.90,0.82,0.72,0.71,0.87,0.93,0.71,0.85,0.87,0.87,0.80,0.79,0.71,0.72,0.79,0.69,0.77,0.70,0.76,0.74,0.72,0.76,0.75,0.83,0.83,0.88,0.74,0.88,0.88,0.82,0.82,0.80,0.69,0.57,0.80,0.84,0.87,0.96,0.71,0.89,0.94,0.72,0.55,0.66,0.76,0.78
3-Aug,64,0.68,0.59,0.69,0.92,0.86,0.78,0.74,0.88,0.94,0.74,0.89,0.89,0.89,0.82,0.81,0.73,0.73,0.80,0.73,0.79,0.73,0.77,0.76,0.74,0.77,0.76,0.85,0.84,0.88,0.76,0.91,0.91,0.84,0.84,0.81,0.72,0.58,0.82,0.86,0.88,0.97,0.75,0.90,0.94,0.74,0.58,0.69,0.79,0.80
4-Aug,65,0.70,0.61,0.72,0.94,0.89,0.81,0.78,0.90,0.94,0.77,0.90,0.90,0.91,0.84,0.83,0.75,0.75,0.82,0.77,0.81,0.75,0.78,0.78,0.75,0.79,0.78,0.86,0.87,0.90,0.78,0.92,0.92,0.87,0.88,0.85,0.73,0.59,0.85,0.89,0.89,0.97,0.77,0.93,0.96,0.75,0.60,0.72,0.81,0.82
5-Aug,66,0.72,0.64,0.75,0.96,0.91,0.84,0.82,0.92,0.95,0.81,0.91,0.91,0.92,0.86,0.86,0.76,0.76,0.83,0.81,0.83,0.76,0.80,0.81,0.77,0.80,0.80,0.88,0.88,0.90,0.81,0.93,0.93,0.89,0.90,0.89,0.74,0.61,0.88,0.91,0.90,0.98,0.80,0.95,0.96,0.76,0.63,0.75,0.84,0.84
6-Aug,67,0.74,0.67,0.80,0.96,0.93,0.86,0.86,0.94,0.96,0.83,0.92,0.94,0.93,0.87,0.88,0.77,0.79,0.85,0.82,0.87,0.77,0.81,0.83,0.81,0.81,0.81,0.89,0.90,0.92,0.83,0.94,0.94,0.90,0.91,0.93,0.77,0.62,0.90,0.93,0.92,0.98,0.84,0.96,0.97,0.77,0.65,0.78,0.86,0.86
7-Aug,68,0.76,0.70,0.84,0.97,0.94,0.88,0.90,0.96,0.96,0.85,0.93,0.96,0.94,0.88,0.90,0.79,0.81,0.87,0.84,0.88,0.79,0.82,0.85,0.86,0.85,0.82,0.91,0.91,0.92,0.85,0.95,0.95,0.91,0.93,0.95,0.79,0.64,0.91,0.94,0.93,0.99,0.86,0.98,0.97,0.78,0.68,0.80,0.88,0.87
8-Aug,69,0.80,0.73,0.85,0.97,0.95,0.90,0.93,0.97,0.97,0.87,0.95,0.97,0.95,0.90,0.92,0.80,0.83,0.88,0.85,0.90,0.81,0.83,0.86,0.88,0.88,0.83,0.92,0.92,0.93,0.86,0.96,0.96,0.91,0.94,0.96,0.81,0.65,0.93,0.95,0.95,1.00,0.89,0.98,0.97,0.78,0.69,0.82,0.90,0.89
9-Aug,70,0.87,0.75,0.87,0.98,0.97,0.91,0.93,0.97,0.97,0.90,0.95,0.97,0.96,0.91,0.92,0.82,0.84,0.89,0.86,0.91,0.84,0.85,0.87,0.91,0.90,0.84,0.94,0.93,0.94,0.87,0.97,0.96,0.92,0.95,0.97,0.83,0.66,0.94,0.96,0.96,1.00,0.92,0.98,0.98,0.81,0.70,0.84,0.91,0.90
10-Aug,71,0.91,0.78,0.89,0.99,0.98,0.92,0.94,0.98,0.97,0.92,0.95,0.97,0.96,0.92,0.93,0.83,0.86,0.90,0.87,0.92,0.86,0.86,0.88,0.92,0.91,0.85,0.94,0.94,0.94,0.88,0.97,0.97,0.93,0.96,0.98,0.83,0.68,0.95,0.97,0.96,1.00,0.94,0.98,0.98,0.82,0.72,0.85,0.93,0.91
11-Aug,72,0.93,0.81,0.91,0.99,0.98,0.94,0.95,0.98,0.98,0.94,0.96,0.98,0.97,0.93,0.94,0.84,0.88,0.91,0.89,0.92,0.88,0.87,0.89,0.93,0.94,0.86,0.95,0.95,0.94,0.89,0.98,0.98,0.94,0.97,1.00,0.85,0.70,0.96,0.98,0.97,1.00,0.95,0.98,0.98,0.84,0.73,0.86,0.94,0.92
12-Aug,73,0.95,0.84,0.93,0.99,0.99,0.96,0.96,0.99,0.98,0.96,0.97,0.98,0.98,0.94,0.95,0.86,0.89,0.92,0.92,0.93,0.89,0.88,0.90,0.94,0.95,0.88,0.95,0.96,0.95,0.90,0.98,0.99,0.95,0.98,1.00,0.86,0.72,0.97,0.98,0.98,1.00,0.96,0.98,0.99,0.85,0.75,0.88,0.96,0.93
13-Aug,74,0.97,0.88,0.95,0.99,0.99,0.97,0.97,0.99,0.98,0.97,0.98,0.99,0.98,0.96,0.96,0.88,0.90,0.92,0.94,0.94,0.90,0.89,0.91,0.95,0.96,0.89,0.96,0.96,0.96,0.90,0.99,0.99,0.96,0.98,1.00,0.87,0.73,0.97,0.99,0.98,1.00,0.97,0.98,0.99,0.87,0.76,0.89,0.97,0.94
14-Aug,75,0.98,0.90,0.96,1.00,0.99,0.98,0.97,1.00,0.99,0.98,0.99,0.99,0.99,0.96,0.97,0.89,0.91,0.94,0.94,0.96,0.91,0.90,0.92,0.95,0.96,0.90,0.96,0.96,0.96,0.91,0.99,0.99,0.97,1.00,1.00,0.90,0.74,0.99,0.99,0.98,1.00,0.98,0.99,0.99,0.88,0.76,0.90,0.97,0.95
15-Aug,76,0.98,0.92,0.96,1.00,0.99,0.98,0.98,1.00,0.99,0.99,0.99,0.99,0.99,0.97,0.97,0.91,0.92,0.95,0.95,0.96,0.92,0.91,0.93,0.96,0.97,0.91,0.96,0.97,0.97,0.92,0.99,0.99,0.98,1.00,1.00,0.92,0.76,1.00,0.99,0.98,1.00,0.98,0.99,0.99,0.88,0.77,0.91,0.98,0.96
16-Aug,77,0.99,0.94,0.97,1.00,1.00,0.98,0.98,1.00,0.99,0.99,0.99,1.00,0.99,0.97,0.98,0.92,0.93,0.96,0.95,0.97,0.94,0.93,0.93,0.97,0.97,0.93,0.97,0.97,0.97,0.92,0.99,0.99,0.98,1.00,1.00,0.93,0.78,1.00,0.99,0.99,1.00,0.99,0.99,0.99,0.89,0.77,0.92,0.98,0.96
17-Aug,78,0.99,0.95,0.98,1.00,1.00,0.98,0.99,1.00,0.99,1.00,0.99,1.00,0.99,0.97,0.98,0.93,0.95,0.96,0.96,0.98,0.95,0.94,0.95,0.97,0.97,0.94,0.97,0.97,0.97,0.93,0.99,0.99,0.99,1.00,1.00,0.95,0.80,1.00,0.99,1.00,1.00,0.99,0.99,0.99,0.89,0.79,0.93,0.99,0.97
18-Aug,79,0.99,0.95,0.98,1.00,1.00,0.99,0.99,1.00,0.99,1.00,0.99,1.00,0.99,0.98,0.99,0.94,0.95,0.97,0.97,0.98,0.95,0.95,0.96,0.98,0.98,0.94,0.98,0.98,0.97,0.94,0.99,1.00,0.99,1.00,1.00,0.95,0.80,1.00,0.99,1.00,1.00,0.99,0.99,1.00,0.90,0.82,0.93,0.99,0.97
19-Aug,80,0.99,0.96,0.99,1.00,1.00,0.99,0.99,1.00,1.00,1.00,0.99,1.00,0.99,0.98,0.99,0.95,0.96,0.97,0.97,0.98,0.96,0.95,0.96,0.98,0.98,0.95,0.98,0.98,0.98,0.94,0.99,1.00,0.99,1.00,1.00,0.96,0.82,1.00,1.00,1.00,1.00,1.00,1.00,1.00,0.91,0.86,0.95,0.99,0.98
20-Aug,81,1.00,0.98,0.99,1.00,1.00,0.99,0.99,1.00,1.00,1.00,0.99,1.00,0.99,0.98,0.99,0.96,0.97,0.98,0.98,0.99,0.96,0.96,0.97,0.98,0.98,0.95,0.98,0.99,0.98,0.94,0.99,1.00,1.00,1.00,1.00,0.98,0.84,1.00,1.00,1.00,1.00,1.00,1.00,1.00,0.93,0.90,0.95,1.00,0.98
21-Aug,82,1.00,0.98,0.99,1.00,1.00,1.00,1.00,1.00,1.00,1.00,0.99,1.00,1.00,0.99,0.99,0.97,0.97,0.98,0.98,0.99,0.97,0.96,0.97,0.98,0.98,0.96,0.99,0.99,0.98,0.95,0.99,1.00,1.00,1.00,1.00,1.00,0.85,1.00,1.00,1.00,1.00,1.00,1.00,1.00,0.95,0.91,0.96,1.00,0.98
22-Aug,83,1.00,0.98,1.00,1.00,1.00,1.00,1.00,1.00,1.00,1.00,1.00,1.00,1.00,0.99,0.99,0.97,0.98,0.99,0.98,0.99,0.97,0.97,0.97,0.99,0.99,0.96,0.99,0.99,0.99,0.95,1.00,1.00,1.00,1.00,1.00,1.00,0.86,1.00,1.00,1.00,1.00,1.00,1.00,1.00,0.97,0.91,0.97,1.00,0.99
23-Aug,84,1.00,0.99,1.00,1.00,1.00,1.00,1.00,1.00,1.00,1.00,1.00,1.00,1.00,0.99,0.99,0.98,0.99,0.99,0.98,0.99,0.97,0.97,0.98,0.99,0.99,0.97,0.99,1.00,0.99,0.95,1.00,1.00,1.00,1.00,1.00,1.00,0.87,1.00,1.00,1.00,1.00,1.00,1.00,1.00,0.98,0.91,0.97,1.00,0.99
24-Aug,85,1.00,0.99,1.00,1.00,1.00,1.00,1.00,1.00,1.00,1.00,1.00,1.00,1.00,0.99,1.00,0.98,0.99,0.99,0.99,0.99,0.98,0.97,0.98,0.99,0.99,0.97,0.99,1.00,0.99,0.96,1.00,1.00,1.00,1.00,1.00,1.00,0.89,1.00,1.00,1.00,1.00,1.00,1.00,1.00,0.98,0.91,0.97,1.00,0.99
25-Aug,86,1.00,0.99,1.00,1.00,1.00,1.00,1.00,1.00,1.00,1.00,1.00,1.00,1.00,0.99,1.00,0.99,0.99,0.99,0.99,0.99,0.98,0.98,0.98,0.99,0.99,0.97,0.99,1.00,0.99,0.96,1.00,1.00,1.00,1.00,1.00,1.00,0.90,1.00,1.00,1.00,1.00,1.00,1.00,1.00,0.99,0.92,0.98,1.00,0.99
26-Aug,87,1.00,0.99,1.00,1.00,1.00,1.00,1.00,1.00,1.00,1.00,1.00,1.00,1.00,1.00,1.00,0.99,0.99,0.99,0.99,1.00,0.99,0.98,0.98,0.99,0.99,0.98,0.99,1.00,1.00,0.96,1.00,1.00,1.00,1.00,1.00,1.00,0.92,1.00,1.00,1.00,1.00,1.00,1.00,1.00,0.99,0.94,0.98,1.00,1.00
27-Aug,88,1.00,1.00,1.00,1.00,1.00,1.00,1.00,1.00,1.00,1.00,1.00,1.00,1.00,1.00,1.00,0.99,1.00,1.00,0.99,1.00,0.99,0.98,0.99,0.99,1.00,0.98,0.99,1.00,1.00,0.97,1.00,1.00,1.00,1.00,1.00,1.00,0.93,1.00,1.00,1.00,1.00,1.00,1.00,1.00,0.99,0.95,0.98,1.00,1.00
28-Aug,89,1.00,1.00,1.00,1.00,1.00,1.00,1.00,1.00,1.00,1.00,1.00,1.00,1.00,1.00,1.00,1.00,1.00,1.00,0.99,1.00,0.99,0.98,0.99,0.99,1.00,0.98,0.99,1.00,1.00,0.97,1.00,1.00,1.00,1.00,1.00,1.00,0.95,1.00,1.00,1.00,1.00,1.00,1.00,1.00,0.99,0.96,0.98,1.00,1.00
29-Aug,90,1.00,1.00,1.00,1.00,1.00,1.00,1.00,1.00,1.00,1.00,1.00,1.00,1.00,1.00,1.00,1.00,1.00,1.00,0.99,1.00,0.99,0.99,0.99,0.99,1.00,0.98,0.99,1.00,1.00,0.97,1.00,1.00,1.00,1.00,1.00,1.00,0.96,1.00,1.00,1.00,1.00,1.00,1.00,1.00,0.99,0.97,0.98,1.00,1.00
30-Aug,91,1.00,1.00,1.00,1.00,1.00,1.00,1.00,1.00,1.00,1.00,1.00,1.00,1.00,1.00,1.00,1.00,1.00,1.00,1.00,1.00,0.99,0.99,1.00,0.99,1.00,0.99,0.99,1.00,1.00,0.98,1.00,1.00,1.00,1.00,1.00,1.00,0.97,1.00,1.00,1.00,1.00,1.00,1.00,1.00,0.99,0.97,0.98,1.00,1.00
31-Aug,92,1.00,1.00,1.00,1.00,1.00,1.00,1.00,1.00,1.00,1.00,1.00,1.00,1.00,1.00,1.00,1.00,1.00,1.00,1.00,1.00,0.99,1.00,1.00,1.00,1.00,0.99,0.99,1.00,1.00,0.98,1.00,1.00,1.00,1.00,1.00,1.00,0.98,1.00,1.00,1.00,1.00,1.00,1.00,1.00,0.99,0.97,0.99,1.00,1.00
1-Sep,93,1.00,1.00,1.00,1.00,1.00,1.00,1.00,1.00,1.00,1.00,1.00,1.00,1.00,1.00,1.00,1.00,1.00,1.00,1.00,1.00,1.00,1.00,1.00,1.00,1.00,1.00,1.00,1.00,1.00,0.99,1.00,1.00,1.00,1.00,1.00,1.00,0.99,1.00,1.00,1.00,1.00,1.00,1.00,1.00,1.00,0.97,0.99,1.00,1.00
2-Sep,94,1.00,1.00,1.00,1.00,1.00,1.00,1.00,1.00,1.00,1.00,1.00,1.00,1.00,1.00,1.00,1.00,1.00,1.00,1.00,1.00,1.00,1.00,1.00,1.00,1.00,1.00,1.00,1.00,1.00,0.99,1.00,1.00,1.00,1.00,1.00,1.00,0.99,1.00,1.00,1.00,1.00,1.00,1.00,1.00,1.00,0.97,0.99,1.00,1.00
3-Sep,95,1.00,1.00,1.00,1.00,1.00,1.00,1.00,1.00,1.00,1.00,1.00,1.00,1.00,1.00,1.00,1.00,1.00,1.00,1.00,1.00,1.00,1.00,1.00,1.00,1.00,1.00,1.00,1.00,1.00,0.99,1.00,1.00,1.00,1.00,1.00,1.00,0.99,1.00,1.00,1.00,1.00,1.00,1.00,1.00,1.00,0.98,0.99,1.00,1.00
4-Sep,96,1.00,1.00,1.00,1.00,1.00,1.00,1.00,1.00,1.00,1.00,1.00,1.00,1.00,1.00,1.00,1.00,1.00,1.00,1.00,1.00,1.00,1.00,1.00,1.00,1.00,1.00,1.00,1.00,1.00,0.99,1.00,1.00,1.00,1.00,1.00,1.00,1.00,1.00,1.00,1.00,1.00,1.00,1.00,1.00,1.00,0.98,0.99,1.00,1.00
5-Sep,97,1.00,1.00,1.00,1.00,1.00,1.00,1.00,1.00,1.00,1.00,1.00,1.00,1.00,1.00,1.00,1.00,1.00,1.00,1.00,1.00,1.00,1.00,1.00,1.00,1.00,1.00,1.00,1.00,1.00,0.99,1.00,1.00,1.00,1.00,1.00,1.00,1.00,1.00,1.00,1.00,1.00,1.00,1.00,1.00,1.00,0.98,0.99,1.00,1.00
6-Sep,98,1.00,1.00,1.00,1.00,1.00,1.00,1.00,1.00,1.00,1.00,1.00,1.00,1.00,1.00,1.00,1.00,1.00,1.00,1.00,1.00,1.00,1.00,1.00,1.00,1.00,1.00,1.00,1.00,1.00,0.99,1.00,1.00,1.00,1.00,1.00,1.00,1.00,1.00,1.00,1.00,1.00,1.00,1.00,1.00,1.00,0.98,1.00,1.00,1.00
7-Sep,99,1.00,1.00,1.00,1.00,1.00,1.00,1.00,1.00,1.00,1.00,1.00,1.00,1.00,1.00,1.00,1.00,1.00,1.00,1.00,1.00,1.00,1.00,1.00,1.00,1.00,1.00,1.00,1.00,1.00,1.00,1.00,1.00,1.00,1.00,1.00,1.00,1.00,1.00,1.00,1.00,1.00,1.00,1.00,1.00,1.00,0.99,1.00,1.00,1.00
8-Sep,100,1.00,1.00,1.00,1.00,1.00,1.00,1.00,1.00,1.00,1.00,1.00,1.00,1.00,1.00,1.00,1.00,1.00,1.00,1.00,1.00,1.00,1.00,1.00,1.00,1.00,1.00,1.00,1.00,1.00,1.00,1.00,1.00,1.00,1.00,1.00,1.00,1.00,1.00,1.00,1.00,1.00,1.00,1.00,1.00,1.00,0.99,1.00,1.00,1.00
9-Sep,101,1.00,1.00,1.00,1.00,1.00,1.00,1.00,1.00,1.00,1.00,1.00,1.00,1.00,1.00,1.00,1.00,1.00,1.00,1.00,1.00,1.00,1.00,1.00,1.00,1.00,1.00,1.00,1.00,1.00,1.00,1.00,1.00,1.00,1.00,1.00,1.00,1.00,1.00,1.00,1.00,1.00,1.00,1.00,1.00,1.00,1.00,1.00,1.00,1.00
10-Sep,102,1.00,1.00,1.00,1.00,1.00,1.00,1.00,1.00,1.00,1.00,1.00,1.00,1.00,1.00,1.00,1.00,1.00,1.00,1.00,1.00,1.00,1.00,1.00,1.00,1.00,1.00,1.00,1.00,1.00,1.00,1.00,1.00,1.00,1.00,1.00,1.00,1.00,1.00,1.00,1.00,1.00,1.00,1.00,1.00,1.00,1.00,1.00,1.00,1.00
