Date,MONTH,DAY,1956,1957,1958,1959,1960,1961,1962,1963,1964,1965,1966,1967,1968,1969,1970,1971,1972,1973,1974,1975,1976,1977,1978,1979,1980,1981,1982,1983,1984,1985,1986,1987,1988,1989,1990,1991,1992,1993,1994,1995,1996,1997,1998,1999,2000,2001,2002,2003,2004,2005,2006,2007,2008,2009,2010,2011,2012,2013,2014,2015,2016,2017,2018,2019,2020,2021,2022,2023
6/3/24,6,3,N/A,0,N/A,N/A,N/A,N/A,N/A,N/A,N/A,N/A,N/A,N/A,N/A,N/A,N/A,N/A,N/A,N/A,N/A,N/A,N/A,N/A,N/A,N/A,N/A,N/A,N/A,N/A,N/A,N/A,N/A,N/A,N/A,N/A,N/A,N/A,N/A,N/A,N/A,N/A,N/A,N/A,N/A,N/A,N/A,N/A,N/A,N/A,N/A,N/A,N/A,N/A,0,0,N/A,N/A,N/A,N/A,N/A,N/A,N/A,0,N/A,N/A,N/A,N/A,N/A,N/A
6/4/24,6,4,N/A,0,N/A,N/A,N/A,N/A,N/A,N/A,N/A,N/A,N/A,N/A,N/A,N/A,N/A,N/A,N/A,N/A,N/A,N/A,N/A,N/A,N/A,N/A,N/A,N/A,N/A,N/A,N/A,N/A,N/A,N/A,N/A,N/A,N/A,N/A,N/A,N/A,N/A,N/A,N/A,N/A,N/A,N/A,N/A,N/A,N/A,N/A,N/A,N/A,N/A,N/A,0,0,N/A,N/A,N/A,N/A,N/A,N/A,N/A,- ,N/A,N/A,N/A,N/A,N/A,N/A
6/5/24,6,5,N/A,1.690140845,N/A,N/A,N/A,N/A,N/A,N/A,N/A,N/A,N/A,N/A,N/A,N/A,N/A,N/A,N/A,N/A,N/A,N/A,N/A,N/A,N/A,N/A,N/A,N/A,N/A,N/A,N/A,N/A,N/A,N/A,N/A,N/A,N/A,N/A,N/A,N/A,N/A,N/A,N/A,N/A,N/A,N/A,N/A,N/A,N/A,N/A,N/A,N/A,N/A,N/A,0,0,N/A,N/A,N/A,N/A,N/A,N/A,N/A,1.17,N/A,N/A,N/A,N/A,N/A,N/A
6/6/24,6,6,0,0.909090909,N/A,N/A,N/A,N/A,N/A,N/A,N/A,N/A,N/A,N/A,N/A,N/A,N/A,N/A,N/A,N/A,N/A,N/A,N/A,N/A,N/A,N/A,N/A,N/A,N/A,N/A,N/A,N/A,N/A,N/A,N/A,N/A,N/A,N/A,N/A,0,N/A,N/A,N/A,N/A,N/A,N/A,N/A,N/A,N/A,N/A,N/A,N/A,N/A,N/A,0,0,N/A,N/A,N/A,N/A,N/A,N/A,N/A,1.57,N/A,N/A,N/A,N/A,N/A,N/A
6/7/24,6,7,0.310077519,0,N/A,N/A,N/A,N/A,N/A,N/A,N/A,N/A,N/A,N/A,N/A,N/A,N/A,N/A,N/A,N/A,N/A,N/A,N/A,N/A,N/A,N/A,N/A,N/A,N/A,N/A,N/A,N/A,N/A,N/A,N/A,N/A,N/A,N/A,N/A,0,N/A,N/A,N/A,N/A,N/A,N/A,N/A,N/A,N/A,N/A,N/A,N/A,N/A,N/A,0,0,N/A,N/A,N/A,N/A,N/A,N/A,N/A,0.52,N/A,N/A,N/A,N/A,N/A,N/A
6/8/24,6,8,0.62992126,0,N/A,N/A,N/A,N/A,N/A,N/A,N/A,N/A,N/A,N/A,N/A,N/A,N/A,N/A,N/A,N/A,N/A,N/A,N/A,N/A,N/A,N/A,N/A,N/A,N/A,N/A,N/A,N/A,N/A,0,0.930232558,0,N/A,0,0,0,N/A,N/A,N/A,N/A,N/A,0.592592593,N/A,N/A,0.681939176,0.471942442,N/A,N/A,N/A,N/A,0,0,N/A,N/A,N/A,N/A,N/A,N/A,N/A,0,N/A,N/A,N/A,N/A,N/A,N/A
6/9/24,6,9,0.571428571,0.483870968,N/A,N/A,N/A,N/A,N/A,N/A,N/A,0,N/A,N/A,N/A,N/A,N/A,N/A,N/A,N/A,N/A,N/A,N/A,N/A,N/A,N/A,N/A,N/A,N/A,N/A,N/A,N/A,0,0.307692308,0.291970803,0.937613568,N/A,0,0,0.833333333,N/A,N/A,N/A,N/A,N/A,0.317460317,N/A,N/A,0,0.751145032,0.499039681,N/A,N/A,,0,0,N/A,N/A,N/A,N/A,N/A,N/A,N/A,2.1,N/A,N/A,N/A,N/A,N/A,N/A
6/10/24,6,10,2.301075269,0.491803279,N/A,N/A,N/A,N/A,N/A,N/A,N/A,2.21,N/A,N/A,N/A,N/A,N/A,N/A,N/A,N/A,N/A,N/A,N/A,N/A,N/A,N/A,N/A,N/A,N/A,N/A,N/A,N/A,0,0,0.266666667,1.185383244,0,1.188295127,0,0.909090909,N/A,N/A,N/A,0,1.40625,1.290322581,0.285714286,5.5305564,0.348936167,1.233082696,0.471942442,0.375572516,0.25230769,,0.75,1.17,0.77,0.58,2.29,0.77,0,0,0.26,0.79,0,0,0,0,0.31,0.39
6/11/24,6,11,2.183045761,0,N/A,N/A,N/A,0,3.912706612,N/A,N/A,1.240537241,N/A,N/A,N/A,N/A,N/A,N/A,N/A,N/A,N/A,N/A,N/A,N/A,N/A,4.390243902,N/A,N/A,7.012987013,N/A,0.89656608,1.323529412,0,1.631718707,0.287769784,2.059805834,1.360218729,0.91147449,0,0.868127766,N/A,N/A,N/A,0,0.895522388,1.238414918,1.783267827,5.850534403,1.78260868,0.239416056,0.486032596,1.748878079,0.500763354,,0.75,0.37,1.89,0.78,1.76,1.89,0,0.26,0.39,0.26,0,0,0.26,0.39,0.52,0
6/12/24,6,12,1.115446647,1.212432248,N/A,N/A,6.268656716,2.06333589,0.991735537,N/A,N/A,0.932655039,N/A,N/A,N/A,N/A,N/A,N/A,N/A,N/A,N/A,N/A,N/A,N/A,3.84,6.975609756,5.625,3.720930233,6.827211977,0.9375,0,1.395348837,0.84729064,0,0,0.937950938,0.458015267,0.431654676,0.916030534,2.1235949,0,1.80261723,5.043627331,0,0.444444444,0.303030303,0.952380952,6.996678453,0,0.95268978,0,0.258267714,0.768796917,,1.23,0.38,0.39,3.42,1.37,0.39,0.77,1.29,0,0.52,0,0,0,0,0,0.79
6/13/24,6,13,1.595131644,2.322280534,N/A,N/A,2.53984252,2.769230769,4.7901651,N/A,N/A,3.66580534,N/A,6.614173228,N/A,2.256728778,6.728971963,1.875,N/A,5.034965035,N/A,N/A,0,6.038461538,9.65034965,6.41221374,5.127180233,5.557692308,3.770077519,7.667049369,0.85017213,3.765823407,0,0.425531915,2.748091603,0.874047031,0,0.875912409,0,1.231060606,0.952380952,0.458015267,1.17100166,0.31496063,1.846486746,0,0.932692308,2.10561113,2.186666648,0.725341978,0.244776117,1.719567748,0,,0,1.95,1.04,1.04,0.76,1.04,0.39,2.3,0.78,0.79,0,0,0,0,0,0.26
6/14/24,6,14,1.882613511,0.9375,N/A,N/A,2.937534664,3.214285714,1.607868852,N/A,0.952380952,6.947078068,0.917795845,3.959154719,N/A,2.24,3.227277233,2.8125,N/A,6.176117627,N/A,N/A,4.780952381,7.371180001,15.77036079,7.316017316,6.358974359,0,2.683191998,0.923131546,0.86270872,5.254687954,0.650406504,1.88238189,1.406130268,5.226354809,0.632420947,1.777777778,0,0.863309353,0.917691044,1.751824818,3.513191489,0.618876941,1.790575438,0,2.415403897,6.30552546,0.361764703,0,0.4462585,1.736380582,0.372727269,,0.5,2.55,1.27,1.03,2.06,1.27,0.78,1.01,1.04,1.05,0,0.39,0,0,0,1.3
6/15/24,6,15,2.001378731,0.625,N/A,0.616698292,6.235059695,2.381859756,4.634174969,N/A,4.084464555,4.218402204,2.543590249,2.532299742,1.88976378,1.398982558,3.058132707,1.533799534,3.287671233,2.107921929,N/A,N/A,0.937557224,5.748391598,10.03579098,6.722274436,3.227576336,0.46875,2.550403226,2.805232558,0,3.74808269,0.615384615,1.343283582,2.776942958,1.512942662,1.233154442,2.706766917,0,0,0.305343511,0.923076923,8.11420443,1.268493815,0.916464389,0,2.388059701,6.675549345,0.723529405,0.359124084,1.657779684,2.063810336,0.258267714,2.589473662,0.49,0.77,2.72,0.39,4.03,2.72,0.39,0.39,0.52,1.02,0,0,0,0,0,0
6/16/24,6,16,1.807883212,0.984126984,3.406829268,4.794455476,1.575393848,0.327868852,6.788133223,N/A,4.363510878,1.901688944,2.457480042,10.00781077,5.953988497,6,1.821219716,0.620155039,0.571428571,3.401430031,N/A,2.272727273,4.238288028,4.153846154,16.72330562,9.697470565,10,3.152145044,2.505379135,3.98120963,1.388471479,4.108076923,0.31496063,0.902657826,2.666666667,3.875468251,1.880146661,4.899698207,0,1.860465116,0.30075188,0.454545455,6.179477471,1.80960934,3.399282656,0,2.051172708,4.525405935,1.20412193,2.021286232,1.933537208,1.096629786,0.485925922,3.313384195,1.26,0.39,1.81,1.15,0.77,1.81,1.17,0.55,2.86,1.59,0,0,0,0,0,0.39
6/17/24,6,17,3.582089552,3.23573786,5.081140931,4.337333158,0.916136495,1.28516129,4.613145065,5.225418197,3.154761905,2.250322581,1.538461538,3.559150657,9.640885334,8.335150854,1.268872005,1.230769231,0.916030534,5.454545455,25.26364264,9.896722048,0.696296296,4.604815032,12.27547496,8.508695822,17.67221715,1.529066353,4.927023782,3.997651204,0.425531915,7.988291549,0.317460317,5.047849516,1.41363189,2.452353617,0.9375,3.697972868,1.746559089,1.802921299,0,1.834409865,5.560266505,1.814783667,0.634920635,0,9.091775167,17.58653026,0.75692307,1.709709896,0,1.757588456,0.486887675,8.355424764,1.71,2.62,0.58,1.92,5.21,0.58,2.34,0.39,2.08,1.04,0.39,0,0,0,0,0
6/18/24,6,18,3.919664384,2.93184578,6.13178075,1.517640254,2.438828762,0.650406504,2.735184418,0.601503759,1.865610017,6.689061154,2.403770621,1.229233316,15.11338655,14.28435115,1.841529085,2.286606523,3.765980498,9.527777778,15.53079176,5.347760955,0.603988604,6.09812235,11.03023848,7.364594693,7.919695134,0,9.078272758,4.053156146,0.3125,9.760693381,0.289855072,3.375616631,1.508596204,2.761033017,2.122034828,5.544268798,0.46875,2.015754031,0.31496063,2.19734252,3.199537305,0.296296296,9.266547406,1.828785211,14.42841543,13.0094274,0,1.915530369,1.096371354,3.348841815,0.762790691,3.596154289,1.05,3.04,1.53,0.76,3.05,1.53,2.08,0,0,- ,0,0,0,0,0.39,3.14
6/19/24,6,19,2.356994753,6.811188243,13.41216216,2.87601626,0.634920635,0.62992126,0.9375,1.248710715,1.841671461,0.923076923,0.610687023,3.14084675,16.0928532,7.706844337,0.942460317,1.473226723,8.344907407,4.259467567,15.82411874,4.213713244,0.422535211,1.409940945,7.512820513,9.122322802,4.688333969,1.428571429,10.06972653,7.627803272,3.173126615,8.179354839,0.96,3.125,3.40608229,4.344601963,3.410852713,5.606383281,1.384615385,4.977999074,2.776793856,1.27496063,5.484022556,2.327549725,6.685314685,0.287769784,6.396740252,22.91891892,0.964758034,2.29649075,0.739849618,0.963129809,0.736598209,2.960717643,5.19,2,1.03,2.28,1.56,1.03,4.68,3.42,5.5,0,0,0,0,0.39,0,1.89
6/20/24,6,20,3.682076237,4.9376101,6.669291339,2.223590249,2.152560889,2.497577519,0,0.634920635,2.668825101,2.47346452,1.351102941,6.223698782,11.82963617,10.71851504,2.748091603,0.930232558,8.750293634,8.669829149,19.48739496,2.425559661,0.408163265,3.252574197,5.596153846,8.286059133,9.048282298,7.110697674,5.937654626,5.058021109,2.473155929,1.395348837,0.615384615,2.359769109,3.115865107,4.970812753,2.847144107,2.800655485,2.175873054,6.793478261,3.15983579,2.539803492,7.301330249,3.148346343,7.496947497,2.653985507,16.92608204,14.40096813,6.054211124,5.033868475,2.524545048,1.502714919,1.740801954,6.224667339,1.12,2.03,1.79,3.69,3.45,1.79,2.91,1.56,0.39,1.97,0,0,0,0,0.79,4.86
6/21/24,6,21,2.124378109,6.646545369,15.98726315,0.444444444,0.325203252,0.894019125,1.243076923,2.258189402,6.123631551,4.956941117,2.362777172,5.581000848,17.47445469,6.748313537,0.91987782,1.572534202,8.571759259,3.159685039,6.407497397,5.059305931,0,3.75738189,3.779527559,5.572115385,8.790914857,5.610465116,10.03418803,2.702053415,1.237924866,4.23142371,0.930232558,3.105996366,4.594568222,4.672286617,0.935115669,2.432005495,2.197535991,4.474747475,3.924394377,4.63986014,10.92387793,9.028502389,8.162138088,1.212333158,9.159165519,17.87969029,3.443622157,7.788049112,1.841463938,7.242493352,1.157857671,7.866014273,1.14,0.72,1.28,4.02,2.23,1.28,1.55,0.51,4.3,2.84,0,0,0,0.39,0.79,5.45
6/22/24,6,22,2.880619595,3.832977484,14.25054014,0.461538462,0,0.610687023,1.887494832,3.767224409,11.88538206,7.152317881,5.099451478,1.534514925,22.31955101,6.099587912,4.336895035,0.3125,2.788461538,6.713659148,7.755244755,3.564808389,1.245192308,4.553846154,11.34920635,5.665436859,9.697685863,8.361341196,26.21802694,3.9641494,0.615421031,2.877624168,0.483870968,3.453782637,3.427810078,3.073811931,0,2.725972851,1.848754265,2.678571429,3.697078116,7.825930156,11.41733254,1.34746922,8.308239393,1.506037822,24.25038412,8.2141815,8.160000869,7.569505294,9.092835062,6.432406492,2.835712051,5.154285161,0,1.75,0,3.82,4.24,0,2.36,1.03,6.25,1.82,0.76,0,0,0,2.34,3.45
6/23/24,6,23,1,5.088195387,15.99010244,4.594405594,1.582423165,4.969293463,9.56416882,5.167322835,7.789447362,5.966491623,1.884880669,0.923076923,28.11999524,6.450234907,0.281690141,0.476190476,4.905198161,6.154891304,17.01097328,1.974045802,2.282051282,8,13.36035201,8.738885576,12.58014829,6.730949511,10.69359087,3.692810937,1.19338308,11.77138448,0,2.014418279,1.233154442,4.528984152,2.333353369,1.88238189,2.424242424,1.785003318,0.9375,8.421614561,14.32798726,12.84574854,4.988339552,3.954862316,22.55370057,19.23374613,4.537499724,5.309352472,12.73878151,6.884859571,4.476167922,2.974112785,3.76,1.51,2.66,6.85,10.86,2.66,5.9,2.34,11.02,1.57,0.26,0.52,0.39,0.26,4.11,6.1
6/24/24,6,24,5.815442134,1.767920283,12.62855933,1.521441606,0.63496063,3.695014663,7.19784536,2.232462878,2.862222222,8.410142703,10.37907109,2.269627557,6.401740553,2.49300054,1.548002385,0.909090909,9.96561899,1.27508255,7.095626385,0,1.238037553,5.545734266,4.241071429,12.26736111,7.456509797,12.70206447,16,3.289377289,1.819373362,24.05655293,3.626262626,2.777200113,8.509132658,4.581742451,1.722222222,1.823951111,9.825535202,3.340412099,2.674076496,8.776556777,33.21713099,6.828583086,7.472415549,4,36.97715161,5.193546611,15.73794117,12.77758231,2.692893619,3.363470185,2.663108135,7.504169014,2.23,1.47,0.59,3.7,0,0.59,2.61,2.29,13.73,4.6,0.26,0.26,0.77,0,12.06,7.97
6/25/24,6,25,5.40169405,4.819453067,19.03325433,3.048951049,1.428571429,2.237583205,4.639605154,3.44734252,7.559055118,6.614173228,10.41572259,8.204231509,1.895237589,0.3125,7.090472665,0,5.694255993,2.149148561,11.79872759,1.832061069,4.94488189,3.322151533,4.060077519,5.038167939,10.39932899,10.33787837,27.23350399,6.050811069,2.368181709,21.60499954,4.457935507,6.570038087,4.254059855,2.788312463,1.867732558,1.28,6.58130115,6.274971187,3.692307692,12.95386561,10.10060115,3.338602187,7.249466951,3.636572347,40.72758587,18.54467253,12.64247048,8.299127611,7.03098944,4.590057176,2.654858047,5.942969689,2.7,3.76,0.75,6.74,2.19,0.75,10.15,1.16,10.43,2.61,1.04,0.26,0,0,8,3.13
6/26/24,6,26,10.55842542,6.186273205,5.594188485,0.94488189,0.911975555,1.951219512,1.240537241,4.608556719,11.30015267,7.802071689,13.92193343,4.089320299,0.930232558,6.290143965,4.242424242,1.370838117,3.671168526,2.790924837,17.4602855,1.388193202,2.89061175,5.860690491,12.33961046,12.74557445,9.938823529,31.53001446,24.23848703,8.182764604,1.454796411,32.72006675,7.355877617,8.696108806,4.362963896,3.945430938,3.230769231,3.715833539,11.9896588,6.603745976,1.620729103,18.40195416,18.3019149,4.327211064,9.366515837,2.991246165,51.66370756,31.28379521,7.131050537,20.32053854,14.1357484,7.196174698,5.443167373,6.268094803,6.25,1.99,4.11,4,4.2,4.11,5.04,4.78,11.59,3.83,0.52,0.26,0.78,0.39,10.8,4.42
6/27/24,6,27,13.78907948,6.348244348,6.143471074,2.900813008,0,1.000643323,0,7.783430233,11.33508311,5.294238094,10.13811035,5.408068783,2.290598291,6.242732558,9.76988345,4.346603288,2.311545802,5.982874144,25.05715696,2.272727273,5.503472222,32.87912088,18.95278055,11.31263273,17.8432562,12.39762713,24.9987255,21.06593407,7.44047619,14.19507116,4.046683874,10.71685761,4.314562861,5.65522333,1.250076299,3.221834113,6.986719106,16.14098837,0.916030534,5.531914894,15.73600668,11.52137299,12.54010695,3.269480675,29.17943866,22.6965812,3.159536619,9.602721247,5.084805288,4.451579587,3.321201804,6.834698575,4.05,1.01,2.05,19.16,7.43,2.05,2.37,2.56,11,2.83,0.77,0,0,0,2.33,2.32
6/28/24,6,28,8.029467875,1.262703252,18.73051095,8.453513699,1.24666505,6.121503497,0,10.0827477,15.71701634,4,0.64516129,3.591348549,0.94875,10.08533548,13.11827705,2.783653846,0.945409429,9.145332552,34.26569343,1.519777932,3.070643642,23.3048433,31.22588303,6.526442308,33.52593793,9.443269908,35.46840959,10.99236641,3.676018869,23.83965151,7.424242424,13.61615718,3.091745948,11.40416329,7.131583694,3.348571429,5.271317829,12.4771134,5.793340087,0.48,3.329911528,10.25949518,10.38739012,5.492694168,5.432989263,14.04117142,18.63560897,10.23085337,7.161485237,2.863376699,12.07161793,4.145877731,6.97,3.95,5.87,3.87,5.13,5.87,3.93,3.08,3.62,3.41,0.39,1.04,0.52,0.79,3.85,0.78
6/29/24,6,29,11.84785093,4.240310078,16.45206038,5.550522013,0.723123895,7.447993867,0.322580645,10.90637454,6.712781955,1.832061069,4.310484971,3.037816867,8.875,7.301969416,2.142246179,4.63740458,1.398982558,6.685606061,40.87156422,4.002458043,3.20610687,14.20900178,22.30023345,5.482938115,26.82748948,10.33618234,14.71679439,5.545890289,0.952380952,14.90274431,2.951151039,14.5112782,10.48195195,3.890737039,3.709423077,3.311491935,4.96238124,14.1271887,2.776721025,8.246753247,20.84572704,16.3401484,19.67406981,3.712611779,8.712525996,43.92968866,7.948285102,11.35952778,10.26562208,6.578231766,23.26013052,3.342257713,21.94,5.26,2.2,3.02,6.72,2.2,10.68,6.07,19.56,15.5,1.17,1.31,0,- ,2.74,3.37
6/30/24,6,30,18.7211094,4.986111111,32.77794222,3.955241972,1.867788462,6.412587413,0.63496063,13.55730534,7.335290664,4,8.037211121,8.791035354,16.26214619,0.322580645,0.620155039,1.557655039,1.397956204,23.48354626,6.13256313,0.310077519,1.92,12.32685833,19.75550898,20.56841046,25.13194444,20.83421888,37.7092534,7.191330233,4.200930233,13.50379592,9.630185707,5.696898521,10.52563271,13.94395079,7.877265342,3.706730769,1.381531854,6.24009324,3.995769186,14.57597482,19.15287345,3.075417743,4.30465368,4.000442282,10.66613467,67.50077399,14.27884809,29.17833308,8.179161864,3.803720461,20.5855242,2.141517838,16.9,5.99,1.52,6.03,7.63,1.52,21.27,4.1,20.36,4.11,1.17,0.52,1.05,- ,6.83,6.76
7/1/24,7,1,7.333738749,8.16,22.85245902,3.708069708,2.756892231,9.550466497,0.939998779,4.966123421,14.58044241,4.581766917,13.0738159,18.27994341,7.949260042,2.922412019,4.613035819,3.5997336,3.372183372,22.58602711,1.950832672,3.062865887,0,25.02197802,28.08050081,7.238866397,31.59670831,15.32382551,27.7526821,6.464735136,4.564102564,2.109820005,10.36801496,2.913897748,9.162440986,7.293122936,5.21251926,2.790697674,1.253130322,7.786057504,5.165945166,48.2109998,10.96523195,2.442963274,9.748134328,8.839869281,8.32960277,73.25483497,10.32133068,10.71115635,10.96456669,4.79602735,16.85870305,1.130514696,11.6,20.84,4,27.65,7.96,4,25.24,2.35,10.08,7.4,0.78,3.41,3.09,7.77,9.78,4.09
7/2/24,7,2,4.554899646,6.774661509,31.47306944,3.630368243,2.496266914,19.00873656,3.385166015,0.325203252,9.088224437,6.551765267,16.66666667,37.46027859,2.224143798,3.817142857,20.99281299,4.166364523,9.391504018,23.53228167,0.625152625,2.750727585,0.894009217,13.5042735,39.95514236,8.761122434,13.45642602,17.63221154,33.01133812,10.37737984,4.539039907,0.458015267,12.78738653,1.355251142,18.08823529,9.702854532,0.873796678,4.961538462,2.380952381,13.1887995,5.881932021,18.54143729,9.169370539,22.61111111,10.43483201,10.78726227,8.544435697,55.80989152,11.39299693,1.075077839,23.05111091,1.681641477,16.14656895,4.395989266,4.66,32.71,3.55,6.34,8.67,3.55,26.62,4.24,10.57,3.9,6.97,3.15,0.78,7.81,18.76,9.23
7/3/24,7,3,6.386833225,6.291769485,26.42410714,17.10843448,3.024658783,8.02219281,2.34772979,0.642580645,9.952011812,5.039370079,22.29468599,16.00022452,0.620155039,4.450232558,21.02399583,2.790697674,5.441510754,11.54823529,5.598728044,0.932692308,0.96969697,32.66666667,16.87043189,3.802024747,47.35050293,29.99825144,23.82567016,11.67023929,10.31166422,0,4.498644986,4.801641587,12.06303774,7.69379845,0.622652938,2.834645669,2.411674347,12.5311943,5.379098324,41.46540523,36.69230769,20.0658141,6.185935115,8.421052632,16.66309506,21.38676845,41.28040528,4.208584438,14.34935825,5.729135692,46.32818785,3.727272695,1.11,35.34,5.49,7.3,2.99,5.49,9.35,8.58,14.06,7.26,2.73,1.97,1.05,13.51,25.24,16.58
7/4/24,7,4,23.61043054,27.55840659,6.358137472,19.73016912,3.39467637,6.702386073,4.672121212,2.153201415,17.36069897,0,9.213979008,7.698270677,17.91974436,4.074441687,5.968291251,8.582750583,2.192460317,5.116718045,13.03934871,1.865384615,1.235576923,16.63247863,11.66524956,9.066051739,20.46272819,24.86439195,45.4889336,9.374425947,27.51425938,2.758985201,1.652509653,8.983552073,14.32928328,8.04910418,4.867025301,9.47772775,6.305396096,8.741045214,9.56202279,45.21156331,37.90630422,16.0828877,12.90866195,14.5993266,34.57390511,26.43825413,22.9566422,4.196114093,31.95225536,18.7544265,48.91173901,4.097104849,6.14,25.32,4.81,10.02,5.12,4.81,34.55,12.99,6.25,10.02,9.54,1.57,0.39,16.3,29.11,25.46
7/5/24,7,5,20.61032543,31.49920509,9.151873061,8.264143836,3.012075644,11.46479767,9.144169479,3.650242887,21.99143678,5.606109933,6.443007811,7.285393248,9.102181401,20.31681834,15.13883176,2.471590909,3.402340234,6.521957067,9.547932383,4.966346154,1.562613568,10.24047298,5.184344867,16.66264267,23.85957034,28.99592944,18.77349273,32,15.5942029,3.681738109,5.017505596,12.44581759,10.25336552,21.92777627,5.778830094,11.04930123,18.99781996,24.3827699,6.117045745,7.975415033,9.933905511,64.07858329,17.48663102,10.50161985,44.46153846,43.37554338,31.13411908,23.28745176,23.77146336,16.04950578,49.60887727,6.634950297,17.1,24.03,14.87,9.04,4.11,14.87,40.67,11.7,10.65,3.87,8.27,2.36,2.33,11.49,15.48,26.89
7/6/24,7,6,19.29119202,11.28676471,21.9671907,1.597542243,3.230769231,28.595371,18.1165566,6.555678524,8.494136104,3.347319347,17.09823432,9.451659452,28.55399061,19.7603022,6.370629371,10.69748458,3.14029977,5.807418012,54.62937063,9.898675456,2.769230769,10.49232715,12.26570363,13.59566915,27.37331175,26.38484799,6.852169795,11.65440505,16.12514378,11.61621815,6.634225466,4.476782211,17.00978638,13.68421053,11.61989772,47.98221168,8.675324675,14.48814344,3.916666667,3.837460317,17.38694255,14.51841282,19.41520468,10.43039584,32.42077959,37.32899918,110.4710949,9.343740919,12.80427796,2.60091095,78.37370653,6.015717868,17.07,11.67,3.03,18.78,1.14,3.03,55.74,5.66,8.35,19.36,0.77,5.26,5.31,10.98,14.22,25.94
7/7/24,7,7,16.37777455,23.21583179,9.770992366,2.53480315,1.615525833,28.64421734,7.263959647,3.432884843,3.420956996,3.530567374,15.10064592,20.65770585,33.8355593,17.28959538,8.248972402,3.105658304,2.166153846,21.6386213,64.93225591,2.822535991,1.552884615,13.61329834,30.65934066,31.02513826,90.20536629,28.98521471,7.501831502,9.090909091,28.33068424,16.69363612,4.264355363,13.59552358,29.75861516,36.86734318,7.021040975,57.55004094,10.98614525,31.57793765,2.105573133,29.41174285,60.09544008,5.985454545,7.977015233,7.956475454,30.10486338,16.34485855,64.83795272,12.82344461,17.77688263,8.685306047,29.17740735,5.39459477,23.76,1.53,1.15,28.99,3.02,1.15,59.33,16.1,19.77,13.76,16.89,3.94,2.32,6.63,25.41,25.59
7/8/24,7,8,5.641721968,22.31994917,9.392637148,6.503089786,1.282702565,24.10375297,2.157264321,2.53492507,1.252924157,14.55168845,9.14997639,22.35855711,3.968107111,7.2,15.66264199,11.69699384,1.71369571,30.15113985,8,0.94992126,5.538461538,19.23787597,48.2254246,10.17946069,26.49705222,41.8132645,8.976377953,21.44421398,17.16997792,13.76907077,6.192974453,14.52237385,71.21890492,29.48595281,7.78012685,34.38761662,13.60510155,29.51237567,2.662221967,32.79688782,31.89978927,13.7016961,9.804342639,14.57004831,11.85849637,57.8400387,28.0436503,8.595520782,7.827694224,5.874626814,52.59357985,5.474727152,12.88,11.52,5,24.32,11.95,5,86.3,13.63,26.53,7.68,15.23,3.62,4.59,2.67,18.75,31.6
7/9/24,7,9,5.350140056,28.22265734,7.766255344,10.47698373,2.407741935,31.94656987,1.240608283,4.763104839,3.031735364,9.038802241,11.15727621,24.65116279,3.091811414,8.93693815,27.82903664,8.357496499,3.4675,43.36930269,4.924242424,2.813186813,3.41096452,35.75824176,64.51183573,6.49283533,11.14450961,44.73411445,14.72440945,24.65240642,10.48639349,19.11102932,10.16457227,11.35435993,77.51275751,61.3020313,3.242457288,10.05186852,33.67184901,18.59095613,14.62082912,43.10200402,25.77051333,17.8217396,18.10550763,9.658508551,52.56936157,26.84764099,7.649250304,57.32733137,13.85009527,8.77934775,45.70834072,22.00984031,14.94,11.5,3.81,50.4,14.63,3.81,69.78,11.37,17.09,12.15,19.58,6.16,4.2,2.68,18.69,36.04
7/10/24,7,10,6.055718475,15.39853881,10.03022875,12.11543547,1.835912409,4.324084944,3.372170885,2.180343511,2.769230769,7.053752858,11.41519736,12.96992438,0.935077519,21.61427993,22.21051482,15.39743663,2.190191342,162.5135946,3.648716797,2.312845223,4.229098438,31.20634921,28.24154222,19.69465649,20.24269485,69.34503182,18.21579441,16.84130369,17.31662543,62.28240777,6.372957186,13.89919116,9.211717416,31.62757007,7.537456781,20.27723226,32.54760288,24.10719456,24.34920635,52.44446747,39.12914863,11.33529066,9.133192389,11.11275699,38.85421621,12.80164117,27.92270208,86.65395834,30.63622808,7.756110372,19.53695435,31.75272599,40.26,20.09,16.71,57.64,162.09,16.71,78.41,22.41,20.57,20.88,13.85,1.57,10.69,2.34,40.12,30.52
7/11/24,7,11,19.21637427,28.42371887,19.93921909,14.74321758,12.72727273,5.387801977,6.017693202,1.384780534,7.839933206,10.70265777,5.753123266,3.986742424,8.798076923,24.13473872,40.23844126,5.879310969,4.197456087,121.2463017,24.0461647,3.569230769,0.461538462,71.7439459,24.21542408,48.94282188,36.12384838,42.99667179,50.83207008,16.4820987,42.36453202,38.11225279,7.810457516,25.93531469,18.60318789,10.07857729,7.129052765,10.61538462,47.40447958,37.22035705,23.67632368,26.77182794,33.71172521,18.60606061,9.936507937,11.35944578,39.74519751,19.79803029,32.75020059,32.82604752,33.22871501,11.79677893,38.48229099,97.66956204,57.34,12.12,7.19,71.75,125.87,7.19,26.59,11.25,6.81,36.69,12.6,4.19,16.07,5.29,41.75,37.39
7/12/24,7,12,18.37952639,31.77690431,13.17703824,15.16515149,5.204932472,6.350342095,4.005816067,2.769394639,1.857491168,7.818042636,7.706351961,2.773913755,8.717350746,17.22751323,46.06434396,4.980772752,0.472440945,123.4045564,33.06738787,1.864615385,5.013986014,41.16424629,7.900674356,28.83116883,26.76923077,37.39778539,27.81145751,8.517361111,19.19338295,57.80632545,8.227868942,20.45132107,20.91574462,14.39845344,3.64505597,31.34099617,43.69089638,25.57097453,18.02346135,23.61757106,7.007438728,58.99611311,9.597039474,10.14226213,55.86524407,37.76553339,31.14559518,16.91286617,15.90326902,23.08162009,45.03028084,85.44029722,100.68,23.28,12.37,60.2,83.08,12.37,24.01,8.33,10.84,32.15,19.44,2.1,11.1,12.6,32.72,21.52
7/13/24,7,13,11.67968356,26.51459854,24.9177038,2.130681818,6.796356701,33.48735946,5.004147209,5.605620155,4.967378208,9.415218447,25.24729513,5.160597015,7.92719779,20.3370052,35.86090767,11.82153293,2.857505715,86.69275653,43.22187813,6.781850891,0.944940476,19.12882002,11.21402435,15.79638405,18.1361194,54.56154215,12.62400794,22.63871357,40.45877061,103.2808922,12.15888495,21.89240707,10.4454291,29.45021153,25.18933953,32.94799499,12.41291147,8.656119559,8.049576344,28.65656566,46.67824818,16.55501995,10.15578947,7.015037594,56.99703435,13.08681017,45.18607455,48.01392815,20.17174011,11.24236914,16.25848866,46.53501903,126.69,18.93,4.38,28.76,41.33,4.38,42.83,16.06,15.5,20.11,21.5,4.29,9.62,13.94,33.72,36.14
7/14/24,7,14,15.03832218,7.758696742,9.58889121,1.550387597,7.216496639,31.60150141,4.674156231,16.95753274,3.814939322,9.909254951,42.85653395,58.14451464,7.159984277,4.572555726,19.19047619,12.62528778,4.512696193,86.09391974,65.0754806,9.62962963,4.621818182,15.19851803,13.31213768,33.63748184,46.73015873,19.14903297,49.12242687,40.13191273,59.39597315,35.57199979,7.591976937,11.71996302,65.24402462,39.92535687,28.60464563,17.05167173,3.713942308,18.44464907,16.39291465,56.57342657,104.4038462,8.593964803,9.674209597,17.15266427,27.83381626,43.6091983,53.99845393,13.71260492,32.56623136,16.07678955,31.87293754,20.17127971,166.39,21.09,15.4,13.18,31.06,15.4,86.84,18.25,8.86,19.05,31.75,4.85,23.07,14.41,58.55,24.63
7/15/24,7,15,5.901639344,10.59919381,7.858859748,0.317460317,5.954724409,47.73704463,14.11211658,8.696630435,14.91778466,6.067135696,52.63564437,65.50912742,3.364379085,7.984496124,23.73307653,11.2948263,3.40007215,153.9593045,48.70888415,17.80023895,5.070769231,25.49717493,35.93743525,37.96864772,31.33413462,33.01413589,110.8174106,45.6913346,132.5531915,56.30048248,20.25048836,21.51251647,64.31527094,58.90583564,34.81978278,32.35251035,27.18254879,16.61543424,35.39652905,52.19554118,36.89318392,42.22610483,20.94834634,18.2829656,68.51495241,42.04416895,17.28179213,16.96861299,30.82248311,16.49481583,42.08984592,24.21326021,67.16,28.61,20.73,11.47,72.93,20.73,123.86,10.81,39.16,16.44,58.08,7.8,12.99,13.19,64.98,18.16
7/16/24,7,16,6.448681652,3.036314363,3.146895331,11.85072117,3.115424525,44.09456851,4.150930772,5.647221968,31.08708134,3.159605049,8.948203331,23.05889022,10.65530861,20.88721805,52.86918874,23.60991379,11.44088717,39.71428571,3.067890443,24.19275114,6.990658197,34.30827068,28.09844494,80.46135158,32.39195101,40.6497948,150.0853479,51.86782655,30.25672719,99.14025974,88.15188612,31.6683828,69.18257843,21.85108485,13.25757576,20.65853487,41.95793538,50.12002653,13.13784968,17.39845369,15.83570696,12.38705511,20.14018166,15.19211823,169.5826129,27.2045221,22.40271272,27.33333309,29.77644762,22.95235531,33.40128126,26.17558079,57.83,27.47,8.8,41.35,94.41,8.8,52.17,24.9,19.1,20.7,42.83,13.27,9.45,9.04,40.66,25.31
7/17/24,7,17,14.01838105,10.53488372,8.75375233,11.31084667,2.375,26.95431696,2.548287841,14.56473351,8.88272775,8.772525253,4.967291929,37.87586662,29.15099102,29.50505761,31.4975326,67.91597912,22.57867296,69.04109589,4.7603554,21.10131399,16.41374972,17.84416907,31.22370116,38.08331686,16.95430108,31.9772425,175.8827371,59.01764611,26.33870006,76.94990003,29.19975263,79.41395999,28.48614072,16.50914819,34.63454113,15.94035674,86.91608392,27.76488157,5.876345609,28.69086271,17.64705882,15.40530968,14.4509959,37.75399313,110.8895985,35.85233012,36.16026423,32.1252529,24.18739134,16.54527636,47.17015848,17.54947938,56.82,34.17,15.08,38.66,51.91,15.08,41.37,27.04,14.37,26.61,31.71,10.97,4.56,29.34,120.65,60.1
7/18/24,7,18,18.88630919,7.659249841,12.07019337,14.654607,2.162058372,5.859109312,8.243088341,13.10096312,26.1448314,13.35633117,3.299724834,37.87527448,134.8262294,20.23567301,19.41278317,83.24452918,109.494669,47.36809176,28.82433348,28.29623897,21.90760318,2.295138889,29.15844069,22.13413743,19.11831969,43.01503759,53.55339665,26.21230561,21.0711816,52.2263589,69.0342493,77.01154874,14.18966219,11.90150028,68.74937049,40.30582205,89.02551062,10.56793952,28.58814108,34.36695752,8.126403233,17.35066119,17.76881803,41.75470587,52.91304348,37.70033296,9.82681095,59.88388856,25.81150353,15.47091488,30.87120662,43.98740591,44.8,46.63,23.72,27.81,86.17,23.72,65.51,38,10.84,23.83,33.98,1.96,4.17,13,72.4,56.7
7/19/24,7,19,28.54372294,20.15165165,12.12113628,18.46105724,1.81948126,7.375483871,12.47517973,8.16194332,55.01771493,26.38180797,6.637977993,17.26946662,85.89113071,34.82051705,9.138045113,89.76133648,74.34498067,19.17265379,54.55234294,126.6855346,44.34925482,2.329326923,29.63824289,33.27066944,20.64092938,27.39130435,16.56879895,17.9029348,65.50900544,45.15804598,61.86504249,95.75144509,9.54370963,26.04421634,40.43623305,66.57122308,28.19760404,9.400836614,16.58723705,27.33333333,28.48920863,9.870406533,9.539884546,43.41620253,69.93030459,87.54177273,21.5211925,31.44284879,45.71509274,18.45857227,39.87854111,36.35803878,113.98,77.3,23.5,12.35,48.22,23.5,28.29,30.42,26.84,23.24,32.21,16.86,17.22,16.25,74.11,29.43
7/20/24,7,20,15.39811778,30.0827853,18.01923077,7.032927594,4.458325136,40.3867984,9.941349812,6.991150369,44.01550141,8.572268209,2.205882353,7.822075676,19.66799236,33.73441259,2.290076336,65.99534884,15.59360605,15.06275793,131.3684211,221.1781609,36.65385686,9.831547206,28.76420455,27.01136747,19.51104895,31.01547389,37.26315789,32.72877847,79.61059118,92.19863014,68.84871766,25.38364231,7.374493927,18.89825681,42.5566997,51.23751638,17.19044945,9.050705299,4.329532038,38.474339,35.53383459,21.70079833,35.85026402,56.24011576,60.33182504,135.2713472,51.53965493,19.26591781,22.25237778,15.85526361,38.05584305,25.76419291,165.24,51.81,17.97,48.01,12.58,17.97,49.1,34.25,22.16,23.06,46.33,16.33,35.33,12.2,51.44,29.9
7/21/24,7,21,10.32372598,20.55295526,5.12703252,15.56277056,11.1697239,59.09378293,7.73340062,24.16666667,7.056038819,21.04168154,10.65703348,13.72885993,10.22187375,17.76684114,4.611528822,25.05725135,41.7610202,22.36728184,81.45454545,49.30302004,84.69047619,49.77731488,16.66909091,36.25659894,32.3187336,18.22200231,70.21814007,33.98286707,46.22164218,107.0002136,16.08420802,20.95378114,28.06992499,33.18838329,43.63244569,28.99877361,28.52990935,10.11961291,14.95957026,25.00313763,54.12957477,36.07139286,26.82733023,21.95937761,26.92097151,80.43429125,70.22623182,37.29322385,35.23168019,14.73936082,93.39247716,67.21062733,134.44,49.08,15.86,59.92,82.89,15.86,49.9,26.2,56.18,40.91,72.96,8.89,34.21,10.99,91.04,25.75
7/22/24,7,22,18.9528371,15.58911986,4.396151294,13.38992911,11.40450437,66.62548833,5.380232558,14.74295191,13.57734205,37.99957842,18.48883371,39.20838548,16.51040538,13.3197533,4.193097015,30.87037037,94.20006613,60.67267556,20.35803915,11.52136752,32.7312917,149.8065934,34.11651729,74.45721483,31.36073846,32.22920829,33.21502798,24.52740801,30.52919912,67.89279963,6.055178217,13.86496901,16.94639774,50.2810756,18.87803155,28.36105825,20.49497281,25.30859523,27.51142632,28.0410509,18.72139635,58.08076422,18.86209614,32.25698237,61.62173459,53.53298026,31.96319699,34.88688939,14.58834126,33.36883887,60.14634868,47.31941029,37.03,48.51,10.86,83.56,117.9,10.86,38.68,13.41,62.52,16.83,81.53,25.02,38.19,20.41,70.77,19.23
7/23/24,7,23,24.91755838,8.781287678,10.5446115,33.56987406,6.790819672,38.49043307,6.172705641,25.71665561,9.224123412,31.52903811,23.49803922,53.63997025,9.120963589,11.28129361,14.02324294,31.86193163,87.75754144,27.26889901,17.25234346,13.98496241,33.99777035,143.9351314,39.76249381,39.79978925,18.10459336,75.49114238,31.67714414,45.66532258,15.50120365,50.00312423,15.14332995,13.25828141,48.4551255,45.53213909,10,15.72520826,34.18278491,42.46144259,26.87130416,56.72534323,30.94982008,50.15792155,12.60150547,16.70447125,97.48125438,86.65306122,30.08368591,26.91721924,9.800440054,27.12573816,35.69991677,26.99839744,66.69,44.29,6.39,53.99,71.37,6.39,66.49,16.5,18.83,12.4,68.57,29.82,32.62,32.13,72.86,18.78
7/24/24,7,24,15.75791538,5.127678979,22.61010424,34.63290043,20.72609244,22.79348356,19.85372494,46.94836006,28.2639386,23.65254475,29.8442698,49.34309538,32.69872639,11.88976378,9.94973799,37.21264368,13.87729535,11.85894028,13.1072285,9.015873016,57.01040389,80.34693707,27.54177269,36.44444444,20.33338252,85.01562969,27.6177607,58.17512275,45.51807986,35.14011914,17.96656469,38.8091945,20.96555399,44.75842706,5.15625,14.47983202,36.39291181,50.58866279,42.23674136,116.1046087,121.053349,14.21140011,5.862227325,30.25245777,118.7834359,21.1025637,25.56621458,47.52130375,17.64194725,24.54889793,26.95394593,25.56849906,74.45,14.93,11.83,57.34,53.56,11.83,44.43,22.46,13.36,24.85,60.54,7.61,54.16,20.43,72.36,32.11
7/25/24,7,25,18.10211382,10.83046094,37.84878828,26.71668859,7.581552306,12.65544214,52.68186107,47.5932063,52.40956531,27.70722552,22.61616477,23.70329372,34.81120367,21.83723523,14.85681715,36.90403623,8.561611417,23.97067174,11.42384371,55.23225873,51.89965298,41.7157506,17.7914811,22.39398085,13.32386364,44.53422653,36.89165165,44.92738854,67.24240178,27.33880155,29.95299437,35.36336004,15.26369882,25.55594511,18.16933638,24.88953152,55.92825977,30.41671836,15.05558675,20.88158115,41.68075391,33.63382788,14.82828283,23.85337804,91.76028219,61.7666113,25.30083431,37.25332305,37.84913732,22.28205813,25.78733639,43.22826375,35.76,27.01,14.43,90.36,53.05,14.43,16.54,41.77,24.04,35.91,41.69,11.53,37.47,34.08,90.55,28.02
7/26/24,7,26,16.49110986,19.35284254,29.7540763,31.67219846,4.556430446,5.007728867,48.15940562,55.08892126,85.8255757,18.68834952,19.66873706,26.07007336,51.24372711,25.79958771,12.87939727,27.2126456,2.735639098,25.68733249,13.40595171,34.11051902,4.328951049,40.89553015,13.6987565,26.99279611,24.02901864,34.12031283,20.23746122,35.21036634,15.21624851,52.05224494,37.33737072,35.73030477,13.69588398,24.57912991,39.78276921,55.39727831,24.75013036,9.183793306,13.96491228,13.49731343,29.74358254,12.44737451,16.24151967,15.7394844,110.9909408,64.57885763,71.50621559,52.97046803,60.85096472,26.35327304,63.99402019,51.32058215,43.48,40.34,30.69,99.32,26.64,30.69,35.73,30.08,14.15,26.77,19.32,25.61,30.48,31.94,77.39,17.02
7/27/24,7,27,25.83516484,8.481518482,18.44869154,74.67714705,16.99960021,3.709511278,59.87490115,40.34893566,39.57575498,6.037181042,21.40591566,12.13032581,40.19302615,36.36104488,17.40743743,17.01492537,5.076923077,17.5352184,78.02195801,27.90909091,8.631245044,17.07597844,10.33201439,62.23865046,47.74603175,27.95520352,17.10619217,49.95098039,7.008842794,77.91425609,45.51624025,33.49511802,37.76419264,28.52092036,63.90100746,65.53321678,13.07114198,23.18754786,5.890395087,19.67039234,58.53358071,9.679363988,18.96109272,17.53255002,109.9430162,60.91990193,56.94779095,29.84904433,47.17934563,32.01904734,118.8148042,60.0347298,34.68,67.37,13.94,73.16,35.03,13.94,61.56,23.97,26.31,46.59,33.82,25.18,35.67,31.75,84.55,10.82
7/28/24,7,28,29.50548891,14.71417461,8.551652795,132.4515406,17.82837387,3.664122137,69.12816032,34.83870968,10.24646261,11.83136955,21.51380751,17.33445579,10.98566729,22.73619459,18.42206549,21.0914755,12.76418242,43.88790239,141.4670868,21.02711921,8.898461538,20.06478579,9.57480315,54.41660621,66.0710012,17.84464261,17.42382931,45.09850929,28.61664651,122.097124,16.68980099,21.60908354,66.53740697,18.06602513,38.62050833,41.94065758,4.920966036,15.7581358,29.24344396,35.3997086,59.54998234,28.25803044,20.55638515,5.383928571,95.12379667,84.14224388,22.81339445,37.98036653,13.39195947,11.96933525,84.68209415,39.59516234,122.97,55.05,16.8,49.49,30.94,16.8,45.39,51.23,25.5,35.29,55.92,16.57,57.77,21.62,71.66,14.17
7/29/24,7,29,23.1497438,6.210243295,7.212701613,17.83809757,21.25703731,19.34714915,34.20507767,64.3971615,4.606934732,12.48677249,16.19726064,17.56931794,3.128087867,20.85936068,29.71209319,23.07178685,5.387837159,45.90820484,51.72645862,11.68253968,81.36398467,44.1223603,18.23152965,103.0674016,57.3655548,45.03955238,39.24792199,33.3548247,13.9310964,61.68487762,6.316280898,39.76277735,62.03921569,25.37414966,19.42934783,21.77033493,5.970394737,27.01958384,19.68856164,44.95327537,122.4882294,44.71451769,20.0319206,3.622797452,207.5587389,53.10429497,32.48746046,43.54658347,19.17058212,11.12026761,55.05958988,46.25809661,84.72,38.56,11.15,70.76,63.87,11.15,45.71,31.97,43.43,34.34,61.39,13.61,41.43,37.89,129.31,15.26
7/30/24,7,30,22.10562572,5.283018868,7.393606692,14.97219772,19.12081369,20.85030697,10.24975475,22.9970209,6.578667404,8.294314381,43.29774436,25.97140092,8.108684131,17.45243129,28.72186837,29.92268181,15.52829599,38.43713278,21.04331435,63.3179248,85.43466944,108.8017917,21.02606882,79.43184263,35.82807188,55.64125932,97.1247412,51.35820613,7.683161392,32.92843546,14.54799182,44.84497101,51.94315049,33.31321143,17.87780032,18.03935599,19.23329804,23.8218106,15.99093121,55,51.17823622,54.95448501,16.30654992,10.14436334,135.4503904,48.10922282,15.25412067,66.63157837,17.03889706,13.67836913,43.29359683,66.2744583,71.61,19.69,10.89,98.41,26.67,10.89,44.78,28.13,69.27,21.61,74.19,15.32,32.89,17.53,133.21,19.98
7/31/24,7,31,17.14323809,2.44061202,5.695930072,16.90885871,10.86471722,15.86128959,3.706839162,15.78961511,5.811451706,11.67607469,46.43950316,27.44302118,20.67558406,14.95522388,18.72420096,22.97975582,22.7869898,23.59781122,17.2081044,66.35177866,79.48282828,102.6900244,20.89960128,10.94292603,17.83035714,71.6028777,25.64885496,31.79339091,7.359953024,34.5324443,17.6467083,45.67697789,124.0203916,47.87514619,39.35701218,10.77808758,17.01492537,8.829916895,1.870155039,43.21246629,26.23152709,40.37694829,9.783045977,15.9689441,72.85714286,60.96244081,34.34496365,36.39824413,70.4784804,18.10925813,40.97878647,37.40538743,41.95,21.32,18.16,99.6,42.23,18.16,39.25,14.47,56.56,9.7,58.71,21.91,45.48,15.48,129.36,14.51
8/1/24,8,1,13.92707196,2.871402194,17.50633296,21.11648352,3.822374558,8.725490196,3.401717557,21.39393939,20.87025418,11.52835486,31.3431967,10.91866895,26.66368861,10.90573236,35.54266777,25.96470588,95.42008318,26.95384615,15.01223909,66.69177532,29.26879699,53.03157895,17.59440449,18.18066002,21.60304459,81.92877151,55.20191558,26.95421653,27.37578134,37.56546901,41.64990541,30.35159122,34.7413384,23.7691539,28.14537484,18.31964773,24.15884116,18.31718336,19.31826562,48.11536722,45.69934641,30.75024953,7.089462541,26.33716409,63.85306122,51.46998316,14.50151879,44.01952047,26.06181898,24.14306943,45.15320201,54.3157319,20.91,24.55,17.57,73.58,39.03,17.57,37.03,26.35,18.81,2.98,76.31,28.29,52.57,28.3,98.91,16.91
8/2/24,8,2,12.35383065,11.96810715,22.02577645,16.51076605,1.417322835,19.63813644,7.01718908,13.17718778,81.20855615,12.05500894,16.79045093,12.90389101,13.68795036,19.34463023,36.30303776,13.78463886,85.75425923,32.79310345,12.87810076,56.18934259,8.332424011,33.5331565,9.648729836,34.57012703,59.26519291,96.02320675,42.99581721,13.67158354,34.61913903,31.78782347,35.91066615,27.1474479,20.43111087,27.31621122,33.03030303,13.18671599,27.67064956,19.27109974,22.33367106,26.96718261,64.1184669,14.43935539,10.3240063,21.94046497,103.2321316,72.68987342,7.181486146,21.30431181,59.62118985,25.89719599,28.41829336,37.49194496,30.36,17.69,14.89,73.64,17.3,14.89,31.03,20.39,29.02,45.46,40.47,24.23,37.72,7.1,100.11,31.4
8/3/24,8,3,18.11783697,10.77498736,29.19973975,30.93092854,2.351570035,26.34743334,11.37698413,19.89816906,116.7453668,17.09220915,14.57966494,8.51597962,14.26872327,35.34083528,35.81367724,13.97342381,42.49387927,47.28352301,54.60576923,108.127905,2.801938219,16.8048433,11.46527891,72.79200481,38.90954319,34.92444306,26.17018374,27.18802237,14.46184534,58.06618705,26.49381518,7.228137458,24.17678108,39.81818182,41.37380719,11.74446909,23.69873229,36.42424242,10.94414908,17.11907195,29.66813366,16.82679739,8.041583193,23.50418433,88.81422925,47.38145416,22.98013198,36.98901512,20.43807691,24.88428241,15.74167696,18.04284542,27.06,19.1,4.07,97.47,17.73,4.07,58.65,36.83,44.96,30.18,14.16,22.04,49.32,10.45,100.18,20.98
8/4/24,8,4,11.63636364,10.25870986,22.0919908,14.2378472,4.949684381,26.94886588,9.472405415,20.66778376,20.36171655,31.40983213,40.88210348,20.85782518,15.00782169,68.88906504,18.94949495,24.25972424,17.17274939,51.37728521,64.58841463,57.61118881,17.22578333,22.26377205,9.11470047,81.57367891,30.41300366,21.18669563,23.69124196,21.71987506,38.78216819,48.52286952,15.8706901,6.351102941,26.54352178,27.32167832,31.66182646,11.8804166,14.33184421,24.59667093,4.228753702,13.05898415,24.25062657,33.28877005,11.05245647,19.93611652,30.19464614,29.31027341,39.05350331,44.69037268,62.64119196,7.541768642,26.52469627,32.19092897,60.89,11.45,5.13,41.84,46.91,5.13,26.67,28.03,48.19,34.63,10.63,22.99,57.18,11.5,44.75,34.91
8/5/24,8,5,16.68661348,4.606949023,15.82116788,14.02312478,15.35829867,25.09147287,17.25119293,6.472378274,7.104034531,17.9612015,32.27821986,27.49278278,4.12348929,52.44886622,7.770786053,33.15260058,29.27102863,35.34571813,51.0273771,21.53296248,36.30955101,19.11026675,20.09774436,117.9396165,28.96956224,59.70909091,38.03723665,22.5459765,45.99056171,17.64674212,24.47018533,4.632821124,30.95826117,27.83098592,15.93981962,13.67319325,25.17712418,25.92099792,4.003471414,54.16225636,31.72480527,25.87004237,6.097680098,20.18465651,33.47719903,40.42597403,23.81486865,21.5360633,40.2912837,16.79425241,22.89266435,31.86552679,30.48,14.59,3.63,60.17,35.93,3.63,13.92,37.56,33.07,9.1,14.3,20.02,18.97,16.88,52.52,30.06
8/6/24,8,6,14.92690862,5.593772116,10.72658685,15.06082037,13.34912142,19.64396243,27.35461673,6.468441391,2.936533915,20.84443165,24.28287475,36.70665213,3.981481481,19.42171263,12.00526547,41.33185701,53.2183908,13.13314807,12.28855721,26.73239437,69.82424885,29.11347518,7.529756455,38.38261293,23.05826598,64.81597615,15.6231003,22.12968037,36.87091644,30.55618821,42.38588382,13.26164568,23.50899846,34.97142857,3.227576336,4.395581146,10.81069883,74.71509972,17.01492537,16.15332539,38.95772546,35.27636747,9.172720534,18.56469771,33.87588652,47.26450021,14.16540217,23.12514471,47.90292794,21.35778783,41.47576734,20.62653352,33.35,20.32,2.41,73.38,28.05,2.41,39.84,27.81,38.98,1.3,23.9,14.35,29.08,13.78,37.22,27.75
8/7/24,8,7,5.685194805,4.173012644,20.75642533,14.51320132,9.583333333,38.93911995,10.18582398,4.82028169,3.212121212,12.91666667,9.126607805,21.76293103,3.668301637,16.24052288,17.17230541,64.68362603,10.53433329,1.981627297,12.61035839,23.80176146,71.37566138,22.30049435,5.303030303,18.67458662,24.25742929,38.67754068,27.1942446,17.06766917,16.37931034,46.06599888,35.30773574,19.48945661,22.77618693,15.98030831,6.73452078,17.73530604,8.182943493,70.42660414,27.9725905,19.48979295,41.88235294,24.73502888,1.734611012,16.33954451,25.90879297,69.38157895,16.32971966,22.07289927,26.31378088,14.71230412,45.48146841,19.59480488,24.77,18.19,1.43,37.26,19.98,1.43,15.99,40.44,28.36,4.36,5.38,27.76,24.4,24.51,39.51,18.79
8/8/24,8,8,2.82078473,4.255319149,38.38931955,26.81442456,4.01518747,16.76344708,10.16531924,1.395348837,9.184952978,9.477466977,4.043956044,13.94805195,6.637493449,9.594536918,46.65673031,53.13195548,4.697344549,6.23180994,17.16598654,40.85294987,33.62037277,13.68167341,2.931893688,10.07399577,24.6586385,15.09933775,23.27904217,25,24.54128493,41.98339175,24.09817352,13.09155415,23.40204186,15.63410787,19.20677066,14.57247132,13.09053953,34.07841541,27.66725812,14.75107322,18.5016609,24.05030287,6.472440945,13.37342224,28.41915337,48.61256221,13.09401116,17.43766441,2.677333721,18.42179401,20.06139517,27.05739649,13.81,12.79,0.75,57.66,3.6,0.75,26.11,11.52,25.62,3.26,22.8,30.57,16.27,10.06,43.76,23.6
8/9/24,8,9,0.744903951,11.93570608,52.22020106,22.80067259,1.363636364,11.13032037,12.05050505,4.817697856,2.283136711,2.031886024,6.683881173,7.798854689,8.257995736,18.12048472,71.55778447,40.13729977,5.805774278,13.97692816,23.67456146,31.43622364,14.68837732,6.446984127,3.33170048,15.70138889,8.205642684,16.4,13.48449287,4.087700166,8.50210084,59.02599099,18.01863615,8.517562563,15.72872264,4.357505071,26.81179138,15.31914894,12.71441606,44.1034521,9.16513301,19.74284763,16.42972009,18.7630878,4.92289117,7.655063121,21.15095709,30.31898752,5.426470541,14.32460396,12.26888789,12.84119794,25.30755831,19.99835621,23.18,15.9,2.5,60.1,2.25,2.5,73.96,17.62,29.68,1.55,10.46,18.63,31.25,2.32,44.77,13.37
8/10/24,8,10,9.449981543,11.14285714,31.8520165,14.7021568,0.465116279,9.621568946,15.66058149,7.249651908,3.237980769,0.671328671,1.611681451,5.380639098,3.26007326,17.80997112,32.5734334,18.44013472,8.823529412,12.24847173,24.20363234,26.65873016,8.974358974,7.643830288,2.640692641,13.60556675,10.13458029,13.35298613,10.03450313,7.112672191,18.45891037,68.0849359,26.48542243,3.636363636,37.92419643,1.111111111,30.77580813,24.08683341,15.95252569,8.959708203,8.128763316,22.20869565,16.57100033,14.58378294,3.572139303,3.841011929,36.25931116,20.76634279,20.66340562,18.13666318,17.33712482,7.374441323,70.60909165,11.82537168,28.55,10.69,1.83,43.11,0,1.83,37.54,24.45,15.3,5.26,19.21,17.61,6.51,3.14,41.29,13.49
8/11/24,8,11,6.417582418,10.84148728,8.684624495,9.376772419,0.952380952,11.31774761,8.164145154,5.565548879,2.648139814,1.553481241,2.628382981,7.458903669,5.105545617,14.35654654,6.71610203,17.34862939,15.3347779,5.932917517,16.28026412,31.13095238,18.91625616,11.15506117,6.524963756,22.95652174,11.48715663,14.82038429,17.90542791,3.609022556,11.70629954,43.99720571,25.31879195,4.47761194,29.41656997,6.889132761,10.17131622,15.375,7.989392213,12.9820567,20.91900153,26.23063683,9.213362069,16.44695819,3.065693431,4.406198118,27.42423271,16.24787059,24.49910568,14.4085713,15.08622048,12.15431095,56.06256636,19.2076343,37.42,8.09,0.38,16.43,0.38,0.38,57.43,13.54,9.44,5.8,6.88,8.48,8.48,3.51,37.23,11.41
8/12/24,8,12,7.783520827,3.104492688,7.214817538,8.03490991,6.713308994,16.41568355,4.510158086,2.046822742,10.02440657,3.3450799,8.210438568,16.87912088,1.203279615,6.974828375,3.426512529,17.01847612,20.10964912,7.167999291,6.666666667,38.92383356,14.94117647,6.301790281,7.706518751,35.29388887,20.25711072,6.246130031,9.435254603,8.118341479,14.90905699,63.86177445,8.444548872,2.647058824,62.39795918,11.05816708,16.28969248,17.8154825,6.86483651,25.39787373,4.705357143,48.96296296,9.208306295,22.27315542,3.641025641,10.35363764,6.663973064,7.205525504,29.02303005,10.33913034,17.72372333,9.355895471,71.22002954,18.1237819,8.97,5.69,2.06,15.32,3.35,2.06,49.32,21.57,32.57,14.39,14.65,3.53,7.37,12.08,21.9,12.07
8/13/24,8,13,2.123893805,1.857300327,6.939746697,2.494964029,14.745709,14.53251449,5.327901318,1.240537241,14.2251314,5.404040404,2.078308596,9.174431203,1.818181818,7.504943467,4.288288288,8.866925029,16.49477837,4.503496503,9.018499231,9.982576745,8.003952569,6.190070922,4.4222492,7.7071662,21.83206107,10.93662218,10.36689005,11.01960043,11.74355495,54.7330916,9.020116807,1.477510201,56.27606389,18.07723483,9.3875,9.627985903,6.252030634,11.04910231,6.569158249,45.19480519,23.38308458,9.154395717,5.017825312,5.782434455,8.257995736,7.49510032,18.01243682,9.748054835,14.95945933,9.980352751,50.5109151,12.12173902,9.34,4.81,1.22,11.07,1.81,1.22,51.81,17.51,12.03,14.39,4.18,6.66,9.43,7.63,37.37,9.68
8/14/24,8,14,0.99734748,0.79002079,12.33634992,6.780743921,5.455166914,7.798854689,3.067527892,0.310077519,16.49754681,3.074303916,4.060238956,8.408275862,1.544115121,3.45323741,9.752048053,15.20195188,5.461055382,2.143437957,17.11811051,6.190525409,6.756868132,3.819628647,5.354509504,20.10651012,17.64244898,3.183159024,12.67780396,5.95649816,17.9192031,32.95484762,15.41666667,14.17290275,16.25209521,8.632602514,10.50118582,13.33091494,7.218045113,13.68235052,4.268320413,30.20967369,4.511278195,11.54112095,7.300121977,6.474953618,6.999362245,8.923552212,18.18147735,25.96092414,10.44657525,17.94780006,59.47665551,20.59318164,11.53,1.34,0,19.19,6.33,0,30.59,3.38,7.65,10.55,2.35,8.57,6.21,4.83,44.67,9.13
8/15/24,8,15,1.207977208,4.010738255,12.35402376,10.13112491,4.424734683,4.389233954,1.25984252,3.669143357,24.48026048,3.523008412,2.295893122,7.288888889,1.343283582,2.748917749,6.354354627,40.70126139,1.903971219,1.804822044,7.803890221,0.924038907,18.059084,1.655172414,3.953823954,21.7390493,8.75,2.305986696,5.996279109,5.345042554,5.356179201,45.71146245,15.77625571,18.41918723,8.062015504,5.477394973,8.81807973,20.20033193,22.5798411,11.8987069,5.473051122,36.03843291,10.96822671,5.952861953,2.11669006,3.479598001,4.646666667,13.37410391,13.57170492,24.66537895,6.955529351,20.4969424,67.31492553,17.90488177,1.89,2.71,0,15.11,12.21,0,22.31,9.56,19.89,8.66,2.69,4.92,5.5,0.26,39.82,23.43
8/16/24,8,16,0.487804878,4.617231262,16.27682662,9.538461538,0,7.25532236,0.930288462,3.04023625,8.655413825,2.350794332,2.715277778,11.8108954,0.32,4.020984188,8.699746085,12.55654762,2.312571144,3.440261866,8.335766423,9.608274648,10.49441589,0,2.1076436,16.36607143,2.736591888,2.307692308,10.40914016,1.916190476,5.62274143,31.40451128,12.54572507,12.52019601,6.210148181,7.826914939,7.045936676,21.295278,14.01688098,4.332540964,2.723475355,36.58261466,13.80813347,1.860577803,1.860465116,4.763834612,5.701039169,5.739762725,11.75780728,19.5733779,14.74106769,16.95070578,65.11164966,8.138345794,3.32,11.22,1.68,8.23,2.32,1.68,11.71,4.26,7.4,14.51,0.76,5.3,3.49,24.81,38.06,12
8/17/24,8,17,2.689664956,7.413532586,17.65382404,3.014176663,0.952380952,7.007869392,1.519668737,1.00239664,3.729847495,0.96516129,2.272727273,8.381529851,0,2.235695785,6.644800309,4.368676369,1.483569799,2.403003755,2.88,11.40571429,6.696717295,0,1.237924866,3.03030303,0.615384615,1.832061069,6.722532995,1.800595238,2.940627603,22.0995035,16.83751758,1.399267399,8.381488281,8.82645111,7.761929333,14.2417899,25.08051846,0.461538462,3.731074481,11.12417016,19.33510223,0.934205743,2.943426943,10.97609654,7.699931647,7.628818537,8.034382432,8.710180448,5.028005071,13.74142205,36.22304992,14.08099535,0.39,8.63,0,9.78,0.76,0,14.89,26.26,7.34,11.71,0,6.03,1.57,22.69,11.58,7.74
8/18/24,8,18,0,4.473580639,8.248357835,2.673350042,0.939998779,7.826449729,4.051282051,1.343283582,0.62992126,0.909090909,4.905472637,3.214895423,0,0.291970803,3.088235294,7.858478425,2.811267539,1.762363093,4.143435512,8.65089891,6.177133655,1.875,0.431654676,1.897623887,4,0.48,5.820895522,1.978343576,5.536819988,41.49952061,7.313637925,2.98573975,10.76588975,4.654370489,8.88915974,9.816949153,8.853506315,1.395348837,3.260022259,8.770464829,16.48980815,13.7724681,1.198552691,4.542177999,11.32846395,8.468242728,5.817030252,5.921699145,15.69570538,6.424851632,16.231607,9.94649342,3.64,2.85,0.99,9.44,1.94,0.99,25.86,33.59,10.62,12.16,1.16,1.94,0.79,2.86,10.03,9.2
8/19/24,8,19,1.893719807,2.105263158,8.073256416,1.88238189,0,1.240310078,2.38410596,0.45112782,0.620192308,0,2.896551724,6.196078431,0,5.462519936,0,12.32876712,3.932005828,2.36919082,2.686868687,2.583485317,3.604395604,2.608695652,0,3.089906485,1.235238095,1.384615385,3.134328358,0.30075188,2.660229232,15.28532609,4.457380902,2.433998683,10.95743017,3.886478485,5.809746755,14.1078317,1.235576923,3.545693431,2.109820005,10.6195892,12.69831318,8.641917293,3.068709411,1.226107226,7.023460411,11.28151261,7.958675074,2.981818156,8.541666592,8.028656646,47.10147479,7.961539409,10.15,5.28,0,5.39,4.77,0,44.88,56.56,26.17,1.17,2.05,21.94,4.3,6.08,16.83,4.54
8/20/24,8,20,0.508474576,2.327303502,4.368611111,3.199219423,1.548039654,0.975609756,1.142857143,0.472440945,0,0,1.791044776,4.060150376,0.317460317,2.429595598,1.326797386,20.64970646,0.912698413,0,1.406420351,1.527599151,5.488332757,0,1.812033582,8.392715121,1.867732558,0.943332525,5.94488189,4.541213173,1.824478846,30.2743614,6.5625,3.267847159,10.17713663,4.877695437,6.913319239,3.943661972,1.541030534,7.667541557,1.875,15.13068712,13.65550618,11.22309711,2.250218723,1.856887299,2.300645919,7.146666667,3.632214733,5.276937116,5.539300651,17.1412377,50.46370774,3.171798761,6.93,4.03,0.77,1.04,1.5,0.77,51.18,48.63,5.3,20.69,3.12,3.08,2.33,8.05,0.78,6.87
8/21/24,8,21,1.887152116,0.89797286,2.780554294,5.802139037,2.195368705,1.92516129,0.32,0.952380952,0.307692308,0,0.273972603,6.185707011,0,7.445072191,0.461538462,11.05555556,0.36036036,0.296296296,1.849731664,4.103359173,4.349206349,0,0.902255639,1.384615385,0,0.625,4.725581395,3.474895173,3.758241758,11.69898148,1.764705882,4.49632181,5.853653775,1.544233283,3.443839683,5.606275193,0.62992126,4.130639098,0.94488189,7.475783476,11.55834687,10.10747744,2.280783582,4.632813267,1.852435112,7.103841537,3.245249459,2.659256217,4.750344786,16.51810133,16.53422798,2.540657687,5.13,7.74,0.36,0.25,0.39,0.36,53.93,9.51,8.44,1.75,8.11,0,8.94,10.93,14.51,4.86
8/22/24,8,22,0.902459712,3.030072326,4.587267743,1.44018288,0.465116279,1.925578975,0,0.615384615,1.315789474,0,1.548076923,1.374045802,0,13,1.151079137,7.751552795,0.30075188,0,0.995530272,4.423142759,3.771057815,0.454545455,1.384615385,3.157894737,2.272049732,1.875590849,4.575217571,5.210526316,2.048469035,14.65671401,6.299370063,7.579861111,2.298585032,2.020644354,5.560266505,3.796442111,0.48,2.182655039,0.952440945,10.6554562,4.73304946,5.975667939,3.904761905,1.165767481,1.18125592,7.162837163,5.397874673,8.115814926,2.186666648,5.422446869,18.60703918,4.59199996,0,4.05,0,0,0.4,0,74.8,1.3,10.45,1.56,10.67,2.73,1.57,12.39,20.91,3.16
8/23/24,8,23,2.34375,2.319200704,2.790697674,2.804100842,1.875348837,1.4818141,0,0,0.458015267,0.610687023,0.31496063,2.790697674,0,8.181735737,0.567375887,9.967913414,0.923076923,0,N/A,1.818499738,1.19509476,0,0.613756614,1.890120968,2.116913614,0.325203252,3.181818182,1.340368208,1.493039964,7.178171642,4.259839281,8.14324203,4.27975835,2.245339376,5.549589041,4.083989501,7.433365191,1.844177875,2.738632419,19.02222222,2.239548772,14.19428571,0.927318296,3.044178176,1.544011544,8.442855137,3.190778736,2.216787327,0.964705874,12.34260256,29.39411261,5.631181849,1.27,5.1,0,0.74,1.18,0,22.5,1.17,0.52,1.54,2.35,1.55,1.96,8.08,12.74,5.36
8/24/24,8,24,0,2.965478212,8.118095238,2.227584455,0,1.548583761,0,0,1.353383459,0,0,2.630714326,0,4.262928067,0.303030303,2.13136289,0.444444444,0.461538462,N/A,0,1.450549451,0,0.294117647,0.930232558,4.406867174,0,5.132772555,1.388247825,4.932684509,19.40236497,5.515784523,0,12.06118745,1.734887137,6.803193336,3.678214915,5.524587254,3.406536616,4.208020509,2.806153846,4.67229072,13.09467626,3.49777321,3.088235294,1.388247825,3.784731384,5.060360316,1.59399567,0,17.82060185,51.71206976,2.241179369,0,6.15,0.37,0.72,0,0.37,13.67,0.78,2.57,1.53,1.54,1.17,0.79,15.3,8.08,5.93
8/25/24,8,25,0,0.930232558,2.93973068,0,0,1.807951251,0.848697085,0,0,0,0,0.413793103,0,1.176470588,0,2.352941176,3.775461107,0,N/A,0.483870968,0.923076923,0,0.869565217,0.48,1.2,0,2.649401383,2.197145702,1.823804527,17.33845497,11.31267294,1.374045802,3.143367641,3.874245792,7.528223411,3.562189055,6.540616246,2.678978568,1.860805861,5.463659148,2.413364413,2.706766917,0.465116279,2.398740518,2.121212121,9.546879666,3.993043443,6.199043008,N/A,7.950075152,32.33020805,4.797569403,0.39,1.09,0.39,6.52,0,0.39,19.23,10.46,12.29,3.28,0.39,2.73,1.57,5.12,2.32,2.19
8/26/24,8,26,0.465116279,0.476190476,4.564995471,1.288283543,0,3.779527559,0.60619977,0,0,0.325203252,0.909090909,1.185185185,N/A,0,0.875912409,1.376536566,N/A,0.461538462,0,0.46875,2.355,0,0,1.846153846,1.384615385,0.94488189,1.384615385,4.08097166,4.909090909,15.91332196,N/A,3.20610687,4.444444444,3.383190661,5.070699136,3.210227273,7.611165546,3.628613865,0.305343511,4.060150376,3.646461289,N/A,0.930232558,4.885546109,1.766884532,N/A,7.38881567,4.126786055,N/A,N/A,40.07847584,3.416707092,0.37,1.49,0,2.2,0,0,2.27,24.82,3.49,7.94,0.78,0.26,3.13,18.84,6.43,0.39
8/27/24,8,27,0.333333333,0.476190476,5.325992824,0.592592593,0,1.841188337,0.606095391,0,0,0,0,0.289855072,N/A,0,N/A,0,N/A,0,1.343283582,N/A,0,0,1.374045802,N/A,1.832061069,0.48,N/A,3.111413043,N/A,16.07034053,N/A,0.895522388,3.088235294,1.745759236,2.683124898,8.142410249,6.268656716,2.149184149,1.557770395,10.24875622,2.272727273,N/A,3.209947947,1.208053691,2.873301792,N/A,4.472727234,2.078873221,N/A,N/A,57.71745036,13.13051271,1.26,0.26,0,2.92,0.25,0,3.3,13.17,0,1.15,4.23,0.77,1.57,33.91,2.34,2
8/28/24,8,28,0.4,0,5.560096154,0,0,1.4175,0.298507463,0,0.472440945,0,0,0,N/A,0.689655172,N/A,N/A,N/A,0,0,N/A,N/A,N/A,N/A,N/A,N/A,N/A,N/A,3.192331975,N/A,9.018336947,N/A,0.909090909,9.491356383,0.839160839,2.323163367,5.616541353,6.091510791,1.1942324,1.28,9.365738662,7.810570441,N/A,2.243159202,2.577682535,1.384615385,N/A,0.69295774,4.472727234,N/A,N/A,44.11017118,6.417391248,0.76,0.78,0,1.13,0.25,0,1.53,15.23,5.3,1.18,1.18,2.7,18.4,16.42,0.39,0.76
8/29/24,8,29,0,0.483870968,2.255639098,1.56551333,0.610687023,0,0.491803279,0,0.62992126,1.153846154,0.326086957,0,N/A,0,N/A,N/A,N/A,N/A,N/A,N/A,N/A,N/A,N/A,N/A,N/A,N/A,N/A,N/A,N/A,10.4743083,N/A,1.343283582,3.970588235,0.472440945,5.15382836,6.263736264,1.791044776,1.538461538,1.243076923,11.14797611,6.715277778,N/A,0,4.180039139,0.465116279,N/A,1.245569609,3.074999973,N/A,N/A,52.33882738,3.388955123,1.48,1.09,0,1.74,0.39,0,1.95,9.16,0.52,1.54,0.78,0.39,5.27,3.1,0.39,0.39
8/30/24,8,30,0,0,0.992820513,0.330578512,0.31496063,0.650406504,0,0,0,N/A,N/A,0,N/A,0.923076923,N/A,N/A,N/A,N/A,N/A,N/A,N/A,N/A,N/A,N/A,N/A,N/A,N/A,N/A,N/A,13.63636364,N/A,1.818181818,3.134328358,0.465116279,2.956809749,11.42504744,16.95652174,3.076923077,0.944940476,23.85714286,0,N/A,1.485070423,2.792124094,4.493055556,N/A,0,0.739891445,N/A,N/A,32.85578203,N/A,1.49,2.27,0,0.38,0,0,13.1,6.69,2.64,2.74,0.79,0,8.17,6.93,- ,4.54
8/31/24,8,31,0,0,0.437956204,1.961724236,0,1.888576917,0,0,0,N/A,N/A,0,N/A,N/A,N/A,N/A,N/A,N/A,N/A,N/A,N/A,N/A,N/A,N/A,N/A,N/A,N/A,N/A,N/A,N/A,N/A,0,3.107843137,0.909090909,4.407158837,6.497710922,0.458015267,0,0.916030534,8.834498834,1.901012373,N/A,0.916030534,6.319073084,3.588873813,N/A,0.369924809,1.444536429,N/A,N/A,28.36729688,N/A,1.5,1.83,0.25,0.76,0,0.25,1.97,1.57,5.03,2.67,1.57,3.46,8.54,6.92,0.39,2.69
9/1/24,9,1,0,0,3.715833539,0.655737705,0.483870968,0.620155039,0,0,0,N/A,N/A,N/A,N/A,N/A,N/A,N/A,N/A,N/A,N/A,N/A,N/A,N/A,N/A,N/A,N/A,N/A,N/A,N/A,N/A,N/A,N/A,0,1.151079137,1.804511278,1.474978051,1.875457875,0.902255639,0.94488189,N/A,5.429104478,10.14084507,N/A,0.588235294,1.418439716,1.313868613,N/A,N/A,5.907888685,N/A,N/A,38.08913365,N/A,1.38,4.25,0,0.38,0,0,3.85,1.57,3.9,2.36,2.74,1.97,2.76,5.08,0.78,8.08
9/2/24,9,2,0,N/A,3.651509892,0,0.327868852,0.930232558,0,0,0.310077519,N/A,N/A,N/A,N/A,N/A,N/A,N/A,N/A,N/A,N/A,N/A,N/A,N/A,N/A,N/A,N/A,N/A,N/A,N/A,N/A,N/A,N/A,1.25,0.606060606,0.933866279,1.226392078,4.263392857,1.240537241,1.846153846,N/A,7.077205882,3.164782184,N/A,0.31496063,1.206745435,0,N/A,N/A,0.971851843,N/A,N/A,8.840624923,N/A,0,2.24,0,0.37,0,0,1.82,1.16,0,2.31,0.52,0.39,11.76,3.15,0.39,5.87
9/3/24,9,3,0.634920635,N/A,2.607659574,0,0,0,0.930232558,0,0,N/A,N/A,N/A,N/A,N/A,N/A,N/A,N/A,N/A,N/A,N/A,N/A,N/A,N/A,N/A,N/A,N/A,N/A,N/A,N/A,N/A,N/A,0,0.303030303,0,0.94488189,2.297604476,1.515151515,1.88976378,N/A,1.374045802,4.012307692,N/A,0.615530303,1.258741259,0.587069473,N/A,N/A,1.833829939,N/A,N/A,16.94565286,N/A,0.37,1.82,0,0,0,0,1.16,2.35,0.77,5.02,3.54,2.34,2.73,0.26,2.61,0.37
9/4/24,9,4,0,N/A,0.571428571,N/A,0,0.487804878,0,0,N/A,N/A,N/A,N/A,N/A,N/A,N/A,N/A,N/A,N/A,N/A,N/A,N/A,N/A,N/A,N/A,N/A,N/A,N/A,N/A,N/A,N/A,N/A,0,0,0,0.895522388,1.384615385,0.46875,0.461538462,N/A,3.218550725,2.290076336,N/A,0,0.454545455,0,N/A,N/A,1.077372253,N/A,N/A,25.36616139,N/A,1.45,0,0,0.46,0,0,3.08,0.79,1.57,0,0,4.65,2.76,1.97,0.79,3.41
9/5/24,9,5,0,N/A,0.895522388,N/A,0,0,N/A,0,N/A,N/A,N/A,N/A,N/A,N/A,N/A,N/A,N/A,N/A,N/A,N/A,N/A,N/A,N/A,N/A,N/A,N/A,N/A,N/A,N/A,N/A,N/A,0.599663111,0.895522388,0,0,N/A,0,0,N/A,0,2.325581395,N/A,3.069928058,1.854304636,0.610687023,N/A,N/A,0,N/A,N/A,30.91969399,N/A,0.37,3.38,0,0.38,0,0,1.28,4.72,1.17,- ,0,0.79,0.39,0.79,0,0
9/6/24,9,6,0,N/A,0,N/A,0,0,N/A,N/A,N/A,N/A,N/A,N/A,N/A,N/A,N/A,N/A,N/A,N/A,N/A,N/A,N/A,N/A,N/A,N/A,N/A,N/A,N/A,N/A,N/A,N/A,N/A,0,2.063185042,0,2.325581395,N/A,0,1.875,N/A,N/A,0.941306755,N/A,0.465116279,0.273972603,0,N/A,N/A,0.235971221,N/A,N/A,13.97154013,N/A,0,4.28,0,0,0.39,0,2.58,0.79,3.12,3.76,2.84,0.39,4.96,1.57,1.97,1.51
9/7/24,9,7,0,N/A,0.48,N/A,1.40625,N/A,N/A,N/A,N/A,N/A,N/A,N/A,N/A,N/A,N/A,N/A,N/A,N/A,N/A,N/A,N/A,N/A,N/A,N/A,N/A,N/A,N/A,N/A,N/A,N/A,N/A,N/A,1.791855204,0,0.454545455,N/A,0,0.62992126,N/A,N/A,0.454545455,N/A,2.255639098,3.693877551,0,N/A,N/A,1.072781946,N/A,N/A,8.456073405,N/A,0,0.38,0,0,0,0,0.39,10.8,3.52,3.73,0.39,0,2.74,0.39,0,0.78
9/8/24,9,8,0,N/A,0,N/A,0,N/A,N/A,N/A,N/A,N/A,N/A,N/A,N/A,N/A,N/A,N/A,N/A,N/A,N/A,N/A,N/A,N/A,N/A,N/A,N/A,N/A,N/A,N/A,N/A,N/A,N/A,N/A,0.875912409,0,0.472440945,N/A,0,0.62992126,N/A,N/A,0,N/A,0.465116279,1.708379775,0.291970803,N/A,N/A,1.052556323,N/A,N/A,3.069040671,N/A,0,0.77,0,0,0,0,0.76,7.29,0.79,3,0.39,0.39,0.39,0.79,0.39,0.38
9/9/24,9,9,0,N/A,0.601503759,N/A,N/A,N/A,N/A,N/A,N/A,N/A,N/A,N/A,N/A,N/A,N/A,N/A,N/A,N/A,N/A,N/A,N/A,N/A,N/A,N/A,N/A,N/A,N/A,N/A,N/A,N/A,N/A,N/A,1.857056329,N/A,0.472440945,N/A,0,1.267341582,N/A,N/A,2.362204724,N/A,0,2.177086639,0,N/A,N/A,1.767478976,N/A,N/A,18.39868359,N/A,0,0.38,0,0,0,0,1.55,7.36,0,0.74,1.97,1.17,0,0.39,0,0
9/10/24,9,10,0,N/A,0,N/A,N/A,N/A,N/A,N/A,N/A,N/A,N/A,N/A,N/A,N/A,N/A,N/A,N/A,N/A,N/A,N/A,N/A,N/A,N/A,N/A,N/A,N/A,N/A,N/A,N/A,N/A,N/A,N/A,N/A,N/A,0,N/A,0.930232558,0,N/A,N/A,1.764705882,N/A,2.690972222,0.441176471,0.447761194,N/A,N/A,0,N/A,N/A,3.784615352,N/A,0,0.71,0,0.37,0,0,0,3.91,0.79,0,0.39,0,0,0.39,2.36,0
9/11/24,9,11,0,N/A,0,N/A,N/A,N/A,N/A,N/A,N/A,N/A,N/A,N/A,N/A,N/A,N/A,N/A,N/A,N/A,N/A,N/A,N/A,N/A,N/A,N/A,N/A,N/A,N/A,N/A,N/A,N/A,N/A,N/A,N/A,N/A,N/A,N/A,N/A,0,N/A,N/A,1.40625,N/A,0.3125,0,0.454545455,N/A,N/A,0.361764703,N/A,N/A,24.34636458,N/A,0,0,0,0,0,0,0.39,2.34,2.24,0.76,1.18,0,0,0,0.79,0
9/12/24,9,12,0,N/A,N/A,N/A,N/A,N/A,N/A,N/A,N/A,N/A,N/A,N/A,N/A,N/A,N/A,N/A,N/A,N/A,N/A,N/A,N/A,N/A,N/A,N/A,N/A,N/A,N/A,N/A,N/A,N/A,N/A,N/A,N/A,N/A,N/A,N/A,N/A,0,N/A,N/A,0.952380952,N/A,0.31496063,0.434782609,0.465116279,N/A,N/A,0.351428568,N/A,N/A,0.771776568,N/A,0.38,0,0,0,0.52,0,0.79,2.34,1.88,0.38,0.39,0,0,3.15,1.57,0
9/13/24,9,13,0.461538462,N/A,N/A,N/A,N/A,N/A,N/A,N/A,N/A,N/A,N/A,N/A,N/A,N/A,N/A,N/A,N/A,N/A,N/A,N/A,N/A,N/A,N/A,N/A,N/A,N/A,N/A,N/A,N/A,N/A,N/A,N/A,N/A,N/A,N/A,N/A,N/A,0.615384615,N/A,N/A,0.476190476,N/A,0.461538462,0.909090909,0.447761194,N/A,N/A,0.707913663,N/A,N/A,9.197076332,N/A,0,0,0,0,0,0,1.55,0.79,0.78,0,0,0,0,1.18,0,0
9/14/24,9,14,0,N/A,N/A,N/A,N/A,N/A,N/A,N/A,N/A,N/A,N/A,N/A,N/A,N/A,N/A,N/A,N/A,N/A,N/A,N/A,N/A,N/A,N/A,N/A,N/A,N/A,N/A,N/A,N/A,N/A,N/A,N/A,N/A,N/A,N/A,N/A,N/A,0,N/A,N/A,0.48,N/A,2.19905965,0.447761194,0,N/A,N/A,0.367164176,N/A,N/A,1.275290687,N/A,0.38,0,0,0,0.38,0,0,1.18,0.39,N/A,0.39,0.39,0.39,0,0,0
9/15/24,9,15,0,N/A,N/A,N/A,N/A,N/A,N/A,N/A,N/A,N/A,N/A,N/A,N/A,N/A,N/A,N/A,N/A,N/A,N/A,N/A,N/A,N/A,N/A,N/A,N/A,N/A,N/A,N/A,N/A,N/A,N/A,N/A,N/A,N/A,N/A,N/A,N/A,0,N/A,N/A,0.952380952,N/A,0,0.46875,0,N/A,N/A,0,N/A,N/A,0,N/A,0,0,0,0,0,0,0,0.79,0.39,N/A,0,0,0.79,0,0,0
9/16/24,9,16,0,N/A,N/A,N/A,N/A,N/A,N/A,N/A,N/A,N/A,N/A,N/A,N/A,N/A,N/A,N/A,N/A,N/A,N/A,N/A,N/A,N/A,N/A,N/A,N/A,N/A,N/A,N/A,N/A,N/A,N/A,N/A,N/A,N/A,N/A,N/A,N/A,0,N/A,N/A,N/A,N/A,0,0,0,N/A,N/A,0,N/A,N/A,N/A,N/A,0,0,0,1.14,0,0,0,0,0.39,N/A,0,0,0,0,0,0.39
9/17/24,9,17,0.530973451,N/A,N/A,N/A,N/A,N/A,N/A,N/A,N/A,N/A,N/A,N/A,N/A,N/A,N/A,N/A,N/A,N/A,N/A,N/A,N/A,N/A,N/A,N/A,N/A,N/A,N/A,N/A,N/A,N/A,N/A,N/A,N/A,N/A,N/A,N/A,N/A,0,N/A,N/A,N/A,N/A,0.476190476,0,0,N/A,N/A,0,N/A,N/A,N/A,N/A,0.38,0,0,1.09,0,0,0,0,0.39,N/A,0,0,0,0.79,0,0
9/18/24,9,18,0,N/A,N/A,N/A,N/A,N/A,N/A,N/A,N/A,N/A,N/A,N/A,N/A,N/A,N/A,N/A,N/A,N/A,N/A,N/A,N/A,N/A,N/A,N/A,N/A,N/A,N/A,N/A,N/A,N/A,N/A,N/A,N/A,N/A,N/A,N/A,N/A,0,N/A,N/A,N/A,N/A,0,0,0,N/A,N/A,0,N/A,N/A,N/A,N/A,0,0,0,0.38,0,0,N/A,0.39,0.39,N/A,0,0,0,0,0,0
9/19/24,9,19,0,N/A,N/A,N/A,N/A,N/A,N/A,N/A,N/A,N/A,N/A,N/A,N/A,N/A,N/A,N/A,N/A,N/A,N/A,N/A,N/A,N/A,N/A,N/A,N/A,N/A,N/A,N/A,N/A,N/A,N/A,N/A,N/A,N/A,N/A,N/A,N/A,0,N/A,N/A,N/A,N/A,0,0,0,N/A,N/A,0,N/A,N/A,N/A,N/A,0,0,0,0,N/A,0,N/A,0,0.78,N/A,0.39,0,0,0,0,0
9/20/24,9,20,0,N/A,N/A,N/A,N/A,N/A,N/A,N/A,N/A,N/A,N/A,N/A,N/A,N/A,N/A,N/A,N/A,N/A,N/A,N/A,N/A,N/A,N/A,N/A,N/A,N/A,N/A,N/A,N/A,N/A,N/A,N/A,N/A,N/A,N/A,N/A,N/A,0,N/A,N/A,N/A,N/A,0.46875,0.317460317,0,N/A,N/A,0,N/A,N/A,N/A,N/A,0,0,0,0,N/A,0,N/A,0,N/A,N/A,0,0,0,0,0,0
9/21/24,9,21,0,N/A,N/A,N/A,N/A,N/A,N/A,N/A,N/A,N/A,N/A,N/A,N/A,N/A,N/A,N/A,N/A,N/A,N/A,N/A,N/A,N/A,N/A,N/A,N/A,N/A,N/A,N/A,N/A,N/A,N/A,N/A,N/A,N/A,N/A,N/A,N/A,N/A,N/A,N/A,N/A,N/A,0,0.310077519,0,N/A,N/A,0.254263564,N/A,N/A,N/A,N/A,0,0,0,0,N/A,0,N/A,0,N/A,N/A,0.39,0,0,0,0,0.78
9/22/24,9,22,N/A,N/A,N/A,N/A,N/A,N/A,N/A,N/A,N/A,N/A,N/A,N/A,N/A,N/A,N/A,N/A,N/A,N/A,N/A,N/A,N/A,N/A,N/A,N/A,N/A,N/A,N/A,N/A,N/A,N/A,N/A,N/A,N/A,N/A,N/A,N/A,N/A,N/A,N/A,N/A,N/A,N/A,0,0,0,N/A,N/A,0,N/A,N/A,N/A,N/A,0,0,N/A,0,N/A,N/A,N/A,0,N/A,N/A,N/A,0,0,0,0,0
9/23/24,9,23,N/A,N/A,N/A,N/A,N/A,N/A,N/A,N/A,N/A,N/A,N/A,N/A,N/A,N/A,N/A,N/A,N/A,N/A,N/A,N/A,N/A,N/A,N/A,N/A,N/A,N/A,N/A,N/A,N/A,N/A,N/A,N/A,N/A,N/A,N/A,N/A,N/A,N/A,N/A,N/A,N/A,N/A,0.483870968,0,0,N/A,N/A,0,N/A,N/A,N/A,N/A,0,0,N/A,0,N/A,N/A,N/A,0,N/A,N/A,N/A,0,0,0,0,0
9/24/24,9,24,N/A,N/A,N/A,N/A,N/A,N/A,N/A,N/A,N/A,N/A,N/A,N/A,N/A,N/A,N/A,N/A,N/A,N/A,N/A,N/A,N/A,N/A,N/A,N/A,N/A,N/A,N/A,N/A,N/A,N/A,N/A,N/A,N/A,N/A,N/A,N/A,N/A,N/A,N/A,N/A,N/A,N/A,0,0,0,N/A,N/A,0,N/A,N/A,N/A,N/A,0,0,N/A,0,N/A,N/A,N/A,0,N/A,N/A,N/A,0,0,0,0,0
9/25/24,9,25,N/A,N/A,N/A,N/A,N/A,N/A,N/A,N/A,N/A,N/A,N/A,N/A,N/A,N/A,N/A,N/A,N/A,N/A,N/A,N/A,N/A,N/A,N/A,N/A,N/A,N/A,N/A,N/A,N/A,N/A,N/A,N/A,N/A,N/A,N/A,N/A,N/A,N/A,N/A,N/A,N/A,N/A,0,0,0,N/A,N/A,0,N/A,N/A,N/A,N/A,0,0,N/A,N/A,N/A,N/A,N/A,N/A,N/A,N/A,N/A,0,0,0,0,0
9/26/24,9,26,N/A,N/A,N/A,N/A,N/A,N/A,N/A,N/A,N/A,N/A,N/A,N/A,N/A,N/A,N/A,N/A,N/A,N/A,N/A,N/A,N/A,N/A,N/A,N/A,N/A,N/A,N/A,N/A,N/A,N/A,N/A,N/A,N/A,N/A,N/A,N/A,N/A,N/A,N/A,N/A,N/A,N/A,0,0,0,N/A,N/A,N/A,N/A,N/A,N/A,N/A,0,0,N/A,N/A,N/A,N/A,N/A,N/A,N/A,N/A,N/A,0,0,0,0,0
9/27/24,9,27,N/A,N/A,N/A,N/A,N/A,N/A,N/A,N/A,N/A,N/A,N/A,N/A,N/A,N/A,N/A,N/A,N/A,N/A,N/A,N/A,N/A,N/A,N/A,N/A,N/A,N/A,N/A,N/A,N/A,N/A,N/A,N/A,N/A,N/A,N/A,N/A,N/A,N/A,N/A,N/A,N/A,N/A,0,0,0,N/A,N/A,N/A,N/A,N/A,N/A,N/A,0,0,N/A,N/A,N/A,N/A,N/A,N/A,N/A,N/A,N/A,N/A,N/A,N/A,N/A,N/A
9/28/24,9,28,N/A,N/A,N/A,N/A,N/A,N/A,N/A,N/A,N/A,N/A,N/A,N/A,N/A,N/A,N/A,N/A,N/A,N/A,N/A,N/A,N/A,N/A,N/A,N/A,N/A,N/A,N/A,N/A,N/A,N/A,N/A,N/A,N/A,N/A,N/A,N/A,N/A,N/A,N/A,N/A,N/A,N/A,0,0,0.454545455,N/A,N/A,N/A,N/A,N/A,N/A,N/A,0,0,N/A,N/A,N/A,N/A,N/A,N/A,N/A,N/A,N/A,N/A,N/A,N/A,N/A,N/A
9/29/24,9,29,N/A,N/A,N/A,N/A,N/A,N/A,N/A,N/A,N/A,N/A,N/A,N/A,N/A,N/A,N/A,N/A,N/A,N/A,N/A,N/A,N/A,N/A,N/A,N/A,N/A,N/A,N/A,N/A,N/A,N/A,N/A,N/A,N/A,N/A,N/A,N/A,N/A,N/A,N/A,N/A,N/A,N/A,0,0,0,N/A,N/A,N/A,N/A,N/A,N/A,N/A,0,0,N/A,N/A,N/A,N/A,N/A,N/A,N/A,N/A,N/A,N/A,N/A,N/A,N/A,N/A
9/30/24,9,30,N/A,N/A,N/A,N/A,N/A,N/A,N/A,N/A,N/A,N/A,N/A,N/A,N/A,N/A,N/A,N/A,N/A,N/A,N/A,N/A,N/A,N/A,N/A,N/A,N/A,N/A,N/A,N/A,N/A,N/A,N/A,N/A,N/A,N/A,N/A,N/A,N/A,N/A,N/A,N/A,N/A,N/A,0,0,0,N/A,N/A,N/A,N/A,N/A,N/A,N/A,0,0,N/A,N/A,N/A,N/A,N/A,N/A,N/A,N/A,N/A,N/A,N/A,N/A,N/A,N/A
10/1/24,10,1,N/A,N/A,N/A,N/A,N/A,N/A,N/A,N/A,N/A,N/A,N/A,N/A,N/A,N/A,N/A,N/A,N/A,N/A,N/A,N/A,N/A,N/A,N/A,N/A,N/A,N/A,N/A,N/A,N/A,N/A,N/A,N/A,N/A,N/A,N/A,N/A,N/A,N/A,N/A,N/A,N/A,N/A,0,0,0,N/A,N/A,N/A,N/A,N/A,N/A,N/A,0,0,N/A,N/A,N/A,N/A,N/A,N/A,N/A,N/A,N/A,N/A,N/A,N/A,N/A,N/A
10/2/24,10,2,N/A,N/A,N/A,N/A,N/A,N/A,N/A,N/A,N/A,N/A,N/A,N/A,N/A,N/A,N/A,N/A,N/A,N/A,N/A,N/A,N/A,N/A,N/A,N/A,N/A,N/A,N/A,N/A,N/A,N/A,N/A,N/A,N/A,N/A,N/A,N/A,N/A,N/A,N/A,N/A,N/A,N/A,0,0,0,N/A,N/A,N/A,N/A,N/A,N/A,N/A,0,0,N/A,N/A,N/A,N/A,N/A,N/A,N/A,N/A,N/A,N/A,N/A,N/A,N/A,N/A
10/3/24,10,3,N/A,N/A,N/A,N/A,N/A,N/A,N/A,N/A,N/A,N/A,N/A,N/A,N/A,N/A,N/A,N/A,N/A,N/A,N/A,N/A,N/A,N/A,N/A,N/A,N/A,N/A,N/A,N/A,N/A,N/A,N/A,N/A,N/A,N/A,N/A,N/A,N/A,N/A,N/A,N/A,N/A,N/A,0,0,0,N/A,N/A,N/A,N/A,N/A,N/A,N/A,0,0,N/A,N/A,N/A,N/A,N/A,N/A,N/A,N/A,N/A,N/A,N/A,N/A,N/A,N/A
10/4/24,10,4,N/A,N/A,N/A,N/A,N/A,N/A,N/A,N/A,N/A,N/A,N/A,N/A,N/A,N/A,N/A,N/A,N/A,N/A,N/A,N/A,N/A,N/A,N/A,N/A,N/A,N/A,N/A,N/A,N/A,N/A,N/A,N/A,N/A,N/A,N/A,N/A,N/A,N/A,N/A,N/A,N/A,N/A,0,0,0,N/A,N/A,N/A,N/A,N/A,N/A,N/A,0,0,N/A,N/A,N/A,N/A,N/A,N/A,N/A,N/A,N/A,N/A,N/A,N/A,N/A,N/A
10/5/24,10,5,N/A,N/A,N/A,N/A,N/A,N/A,N/A,N/A,N/A,N/A,N/A,N/A,N/A,N/A,N/A,N/A,N/A,N/A,N/A,N/A,N/A,N/A,N/A,N/A,N/A,N/A,N/A,N/A,N/A,N/A,N/A,N/A,N/A,N/A,N/A,N/A,N/A,N/A,N/A,N/A,N/A,N/A,0,N/A,0,N/A,N/A,N/A,N/A,N/A,N/A,N/A,0,0,N/A,N/A,N/A,N/A,N/A,N/A,N/A,N/A,N/A,N/A,N/A,N/A,N/A,N/A
10/6/24,10,6,N/A,N/A,N/A,N/A,N/A,N/A,N/A,N/A,N/A,N/A,N/A,N/A,N/A,N/A,N/A,N/A,N/A,N/A,N/A,N/A,N/A,N/A,N/A,N/A,N/A,N/A,N/A,N/A,N/A,N/A,N/A,N/A,N/A,N/A,N/A,N/A,N/A,N/A,N/A,N/A,N/A,N/A,0,N/A,0,N/A,N/A,N/A,N/A,N/A,N/A,N/A,0,0,N/A,N/A,N/A,N/A,N/A,N/A,N/A,N/A,N/A,N/A,N/A,N/A,N/A,N/A
10/7/24,10,7,N/A,N/A,N/A,N/A,N/A,N/A,N/A,N/A,N/A,N/A,N/A,N/A,N/A,N/A,N/A,N/A,N/A,N/A,N/A,N/A,N/A,N/A,N/A,N/A,N/A,N/A,N/A,N/A,N/A,N/A,N/A,N/A,N/A,N/A,N/A,N/A,N/A,N/A,N/A,N/A,N/A,N/A,0,N/A,0,N/A,N/A,N/A,N/A,N/A,N/A,N/A,0,0,N/A,N/A,N/A,N/A,N/A,N/A,N/A,N/A,N/A,N/A,N/A,N/A,N/A,N/A
10/8/24,10,8,N/A,N/A,N/A,N/A,N/A,N/A,N/A,N/A,N/A,N/A,N/A,N/A,N/A,N/A,N/A,N/A,N/A,N/A,N/A,N/A,N/A,N/A,N/A,N/A,N/A,N/A,N/A,N/A,N/A,N/A,N/A,N/A,N/A,N/A,N/A,N/A,N/A,N/A,N/A,N/A,N/A,N/A,N/A,N/A,0,N/A,N/A,N/A,N/A,N/A,N/A,N/A,0,0,N/A,N/A,N/A,N/A,N/A,N/A,N/A,N/A,N/A,N/A,N/A,N/A,N/A,N/A
10/9/24,10,9,N/A,N/A,N/A,N/A,N/A,N/A,N/A,N/A,N/A,N/A,N/A,N/A,N/A,N/A,N/A,N/A,N/A,N/A,N/A,N/A,N/A,N/A,N/A,N/A,N/A,N/A,N/A,N/A,N/A,N/A,N/A,N/A,N/A,N/A,N/A,N/A,N/A,N/A,N/A,N/A,N/A,N/A,N/A,N/A,0,N/A,N/A,N/A,N/A,N/A,N/A,N/A,0,0,N/A,N/A,N/A,N/A,N/A,N/A,N/A,N/A,N/A,N/A,N/A,N/A,N/A,N/A
10/10/24,10,10,N/A,N/A,N/A,N/A,N/A,N/A,N/A,N/A,N/A,N/A,N/A,N/A,N/A,N/A,N/A,N/A,N/A,N/A,N/A,N/A,N/A,N/A,N/A,N/A,N/A,N/A,N/A,N/A,N/A,N/A,N/A,N/A,N/A,N/A,N/A,N/A,N/A,N/A,N/A,N/A,N/A,N/A,N/A,N/A,0,N/A,N/A,N/A,N/A,N/A,N/A,N/A,0,0,N/A,N/A,N/A,N/A,N/A,N/A,N/A,N/A,N/A,N/A,N/A,N/A,N/A,N/A
10/11/24,10,11,N/A,N/A,N/A,N/A,N/A,N/A,N/A,N/A,N/A,N/A,N/A,N/A,N/A,N/A,N/A,N/A,N/A,N/A,N/A,N/A,N/A,N/A,N/A,N/A,N/A,N/A,N/A,N/A,N/A,N/A,N/A,N/A,N/A,N/A,N/A,N/A,N/A,N/A,N/A,N/A,N/A,N/A,N/A,N/A,0,N/A,N/A,N/A,N/A,N/A,N/A,N/A,0,0,N/A,N/A,N/A,N/A,N/A,N/A,N/A,N/A,N/A,N/A,N/A,N/A,N/A,N/A
10/12/24,10,12,N/A,N/A,N/A,N/A,N/A,N/A,N/A,N/A,N/A,N/A,N/A,N/A,N/A,N/A,N/A,N/A,N/A,N/A,N/A,N/A,N/A,N/A,N/A,N/A,N/A,N/A,N/A,N/A,N/A,N/A,N/A,N/A,N/A,N/A,N/A,N/A,N/A,N/A,N/A,N/A,N/A,N/A,N/A,N/A,0,N/A,N/A,N/A,N/A,N/A,N/A,N/A,0,0,N/A,N/A,N/A,N/A,N/A,N/A,N/A,N/A,N/A,N/A,N/A,N/A,N/A,N/A
,,ANNUAL TOTAL,737.5336692,678.0820373,1050.269614,910.0247562,359.6934418,1042.769727,659.0951062,706.3042342,1014.717158,623.0837325,863.3656781,1087.157643,939.3037254,996.6415881,1035.562603,1302.318558,1092.846708,1821.978222,1688.603338,1494.871894,1137.053056,1657.374318,1117.212732,1779.574545,1549.180693,1839.001735,1974.539764,1294.592455,1354.040284,2624.947621,1151.402952,1163.142271,1681.728564,1262.55357,1101.563783,1260.560724,1191.440165,1248.652724,725.2203894,1869.32524,1971.21683,1269.896359,723.3448254,880.0999004,2997.413591,2468.206371,1557.813013,1552.008453,1337.137466,920.2180882,2968.852853,1555.340974,0,1276.77,2997.413591,2468.206371,1557.813013,1552.008453,1337.137466,920.2180882,2968.852853,1011.92,1383.78,646.44,1084.79,876.98,2826.9,1234.81
,,,,,,,,,,,,,,,,,,,,,,,,,,,,,,,,,,,,,,,,,,,,,,,,,,,,,,,,,,,,,,,,,,,,,,
,,JUNE 10 - AUG 25 TOTAL,733.1963597,673.5626826,1018.608656,903.6303263,356.5498044,1031.154336,656.1622677,706.3042342,1013.304719,621.6046831,862.1305002,1085.682603,939.3037254,995.028856,1034.686691,1300.942022,1092.846708,1821.516684,1687.260054,1494.403144,1134.698056,1657.374318,1115.838686,1777.728392,1545.964017,1837.576853,1973.155149,1284.207739,1349.131194,2559.83495,1151.402952,1152.81273,1643.725863,1251.06282,1070.702215,1209.58398,1147.206323,1226.072069,718.9732275,1784.71207,1917.147223,1269.896359,699.3780164,839.8521368,2977.768419,2468.206371,1542.961078,1518.885285,1336.638426,920.2180882,2509.953122,1528.987408,0,1250.84,2977.768419,2468.206371,1542.961078,1518.885285,1336.638426,920.2180882,2509.953122,967.28,1358.93,626.38,1010.04,770.96,2805.31,1202.47