Date,MONTH,DAY,1956,1957,1958,1959,1960,1961,1962,1963,1964,1965,1966,1967,1968,1969,1970,1971,1972,1973,1974,1975,1976,1977,1978,1979,1980,1981,1982,1983,1984,1985,1986,1987,1988,1989,1990,1991,1992,1993,1994,1995,1996,1997,1998,1999,2000,2001,2002,2003,2004,2005,2006,2007,2008,2009,2010,2011,2012,2013,2014,2015,2016,2017,2018,2019,2020,2021,2022,2023,2024
6/3/24,6,3,N/A,2.790697674,N/A,N/A,N/A,N/A,N/A,N/A,N/A,N/A,N/A,N/A,N/A,N/A,N/A,N/A,N/A,N/A,N/A,N/A,N/A,N/A,N/A,N/A,N/A,N/A,N/A,N/A,N/A,N/A,N/A,N/A,N/A,N/A,N/A,N/A,N/A,N/A,N/A,N/A,N/A,N/A,N/A,N/A,N/A,N/A,N/A,N/A,N/A,N/A,N/A,N/A,0,,,N/A,N/A,N/A,N/A,N/A,N/A,N/A,N/A,N/A,N/A,N/A,N/A,N/A,N/A
6/4/24,6,4,N/A,5.457364341,N/A,N/A,N/A,N/A,N/A,N/A,N/A,N/A,N/A,N/A,N/A,N/A,N/A,N/A,N/A,N/A,N/A,N/A,N/A,N/A,N/A,N/A,N/A,N/A,N/A,N/A,N/A,N/A,N/A,N/A,N/A,N/A,N/A,N/A,N/A,N/A,N/A,N/A,N/A,N/A,N/A,N/A,N/A,N/A,N/A,N/A,N/A,N/A,N/A,N/A,0,,,N/A,N/A,N/A,N/A,N/A,N/A,N/A,N/A,N/A,N/A,N/A,N/A,N/A,N/A
6/5/24,6,5,N/A,10.52778688,N/A,N/A,N/A,N/A,N/A,N/A,N/A,N/A,N/A,N/A,N/A,N/A,N/A,N/A,N/A,N/A,N/A,N/A,N/A,N/A,N/A,N/A,N/A,N/A,N/A,N/A,N/A,N/A,N/A,N/A,N/A,N/A,N/A,N/A,N/A,N/A,N/A,N/A,N/A,N/A,N/A,N/A,N/A,N/A,N/A,N/A,N/A,N/A,N/A,N/A,0,,,N/A,N/A,N/A,N/A,N/A,N/A,N/A,N/A,N/A,N/A,N/A,N/A,N/A,N/A
6/6/24,6,6,1.873278237,10.8378644,N/A,N/A,N/A,N/A,N/A,N/A,N/A,N/A,N/A,N/A,N/A,N/A,N/A,N/A,N/A,N/A,N/A,N/A,N/A,N/A,N/A,N/A,N/A,N/A,N/A,N/A,N/A,N/A,N/A,N/A,N/A,N/A,N/A,N/A,N/A,4.444444444,N/A,N/A,N/A,N/A,N/A,N/A,N/A,N/A,N/A,N/A,N/A,N/A,N/A,N/A,0,,,N/A,N/A,N/A,N/A,N/A,N/A,N/A,N/A,N/A,N/A,N/A,N/A,N/A,N/A
6/7/24,6,7,5.569869354,11.4936021,N/A,N/A,N/A,N/A,N/A,N/A,N/A,N/A,N/A,N/A,N/A,N/A,N/A,N/A,N/A,N/A,N/A,N/A,N/A,N/A,N/A,N/A,N/A,N/A,N/A,N/A,N/A,N/A,N/A,N/A,N/A,N/A,N/A,N/A,N/A,4.129238416,N/A,N/A,N/A,N/A,N/A,N/A,N/A,N/A,N/A,N/A,N/A,N/A,N/A,N/A,0,,,N/A,N/A,N/A,N/A,N/A,N/A,N/A,N/A,N/A,N/A,N/A,N/A,N/A,N/A
6/8/24,6,8,6.857611289,11.82693543,N/A,N/A,N/A,N/A,N/A,N/A,N/A,N/A,N/A,N/A,N/A,N/A,N/A,N/A,N/A,N/A,N/A,N/A,N/A,N/A,N/A,N/A,N/A,N/A,N/A,N/A,N/A,N/A,N/A,0,3.720930233,2.748091603,N/A,4.651162791,3.692307692,3.761072835,N/A,N/A,N/A,N/A,N/A,7.266596972,N/A,N/A,11.09113765,2.555510927,N/A,N/A,N/A,N/A,0,,,N/A,N/A,N/A,N/A,N/A,N/A,N/A,N/A,N/A,N/A,N/A,N/A,N/A,N/A
6/9/24,6,9,8.87877531,11.82693543,N/A,N/A,N/A,N/A,N/A,N/A,N/A,0.94488189,N/A,N/A,N/A,N/A,N/A,N/A,N/A,N/A,N/A,N/A,N/A,N/A,N/A,N/A,N/A,N/A,N/A,N/A,N/A,N/A,2.224265762,3.669143357,8.032067817,1.867958813,N/A,3.430458813,1.920122888,4.045951794,N/A,N/A,N/A,N/A,N/A,3.628270677,N/A,N/A,2.262082934,2.634907673,1.91591715,,,,0,,,N/A,N/A,N/A,N/A,N/A,N/A,N/A,N/A,N/A,N/A,N/A,N/A,N/A,N/A
6/10/24,6,10,15.17985058,12.31873871,N/A,N/A,N/A,N/A,N/A,N/A,N/A,1.56988189,N/A,N/A,N/A,N/A,N/A,N/A,N/A,N/A,N/A,N/A,N/A,N/A,N/A,N/A,N/A,N/A,N/A,N/A,N/A,N/A,3.197278912,1.497332343,4.332689494,3.917282388,0.882352941,6.193702871,5.897697902,2.431501587,N/A,N/A,N/A,4.47158609,6.5625,3.418734491,12.28509181,12.73943448,5.460717606,3.772791425,3.676333545,5.43116192,4.181606612,,0,,,2.24,1.38,0.29,0.4,1.2,0.81,0,1.38,0.3,0,0.6,0,0,0.3
6/11/24,6,11,18.02532195,13.55585211,N/A,N/A,N/A,1.860465116,0.46875,N/A,N/A,2.502726823,N/A,N/A,N/A,N/A,N/A,N/A,N/A,N/A,N/A,N/A,N/A,N/A,N/A,1.463414634,N/A,N/A,0.952380952,N/A,0.871835865,2.687165775,1.088915682,1.920153832,4.090867408,3.331610623,4.98632946,6.378148168,2.81742126,5.610787123,N/A,N/A,N/A,2.214763155,7.710659302,2.455198135,7.235717294,6.200844078,3.881339199,7.275264695,3.698826748,4.799446829,2.920610643,,0,,,1.41,1.18,1.17,0.3,0.81,0,-,1.21,1.52,1.22,2.68,2.01,0.3,0.2
6/12/24,6,12,19.40217775,15.0330081,N/A,N/A,1.791044776,3.207582639,0.46875,N/A,N/A,2.812804342,N/A,N/A,N/A,N/A,N/A,N/A,N/A,N/A,N/A,N/A,N/A,N/A,1.92,1.410881801,0.9375,0.465116279,1.048513262,1.875,2.117647059,2.358803987,4.747319618,2.068965517,1.517921844,2.450238481,3.678214915,2.706766917,2.729725076,4.545663256,5.053686471,3.176663032,8.85558667,1.560310078,4.995555556,1.497026147,6.658312448,7.66447016,3.437593933,6.071857543,2.479986873,3.667213433,2.972092979,,0,,,4.23,1.34,1.21,1.19,2.21,0.61,0.6,1.2,0.81,0.41,0.61,1.8,1.22,0.61
6/13/24,6,13,21.27550115,16.8758039,N/A,N/A,2.108505094,3.6691211,1.10371063,N/A,N/A,4.32184827,N/A,0.94488189,N/A,1.304347826,0,0,N/A,3.356643357,N/A,N/A,0.96,0.5,1.678321678,2.290076336,1.864098837,1.850961538,0,1.370838117,0.392156863,2.240968047,6.480077476,9.045682103,1.842630652,4.393375269,2.813293376,3.103927702,4.792270531,3.697586328,1.83982684,3.20610687,11.78667323,3.100775194,2.748091603,1.804511278,8.708885942,4.840702937,3.40390156,4.10495634,2.433516206,2.810791485,1.804761878,,0,,,1.4,0.4,0.6,0,2.53,0.6,0,1.51,0,0.61,0.91,1.51,0.81,0.6
6/14/24,6,14,22.78387959,18.73638083,N/A,N/A,3.081535236,4.134237379,1.42371063,N/A,0,4.627191781,0.621499548,2.156351424,N/A,1.941808144,0.957195248,0,N/A,5.513282174,N/A,N/A,1.44,0.678596994,1.343283582,2.748917749,1.777777778,0.48,0,0.916030534,1.72541744,2.945486212,1.847401984,1.886072835,10.95785441,3.345846795,0.930232558,5.361329834,1.300027152,8.738535889,5.084921939,7.421092374,14.79489362,3.902459031,4.573883633,1.558441558,6.330181155,6.3531961,5.546099661,4.50325937,4.983601787,3.070710322,2.047514174,,0,,,1.18,0,0.98,0.91,2.74,1.99,1.01,0.91,2.4,0.61,0.3,2.13,1.01,0.2
6/15/24,6,15,24.13738947,20.32428733,N/A,2.339387368,5.715368755,4.134237379,2.055041022,N/A,0.784313725,5.293858448,1.24684306,2.783889261,0,1.941808144,0.957195248,0.615384615,0,7.639573793,N/A,N/A,1.905116279,1.013874893,0.454545455,1.635808271,4.122137405,2.34375,0,0.625,2.858560794,0.952501905,5.635225885,5.609808102,7.032517882,4.504647742,1.545617174,7.705849991,0.48,3.877828054,2.4474821,0.930288462,14.91465149,3.920811847,2.167525832,2.553191489,9.253731343,8.667845528,3.717920601,7.140513359,2.357925045,3.803578663,2.857377006,6.588721706,0,,,2.08,0.39,3.66,1.52,2.11,1.21,1.61,0.94,0,0.8,0.91,1.83,2.02,0.81
6/16/24,6,16,25.01330187,21.95920797,1.455609756,3.857268056,6.0379494,4.462106232,2.655889805,N/A,1.429475016,5.904545471,1.855428042,4.609950973,4.106026507,2.864885067,1.558699007,0.927884615,1.212121212,10.35152476,N/A,2.727272727,2.520500894,1.846153846,1.223828803,1.568348733,1.784347826,2.2098019,0.307692308,2.146836181,1.875338102,4.065769231,0.650578512,6.575155051,2.666666667,5.326137421,3.120754944,5.800484529,3.612615483,3.638242894,5.169616956,4.090909091,9.142640775,6.281449429,6.706004859,1.88976378,11.70820812,8.121408627,3.919772706,14.32414163,3.903597341,4.524086791,3.632706498,5.123087285,0,,,1.48,0.99,0.8,0.3,0.42,1.21,1.02,1.22,0.91,0.81,0.2,1.22,0.6,1
6/17/24,6,17,26.80947369,23.04572376,2.720978609,4.169768056,6.646393588,4.784686877,2.963582112,1.825585038,2.074636306,6.883040094,4.601488731,5.537798319,7.437079858,4.733296553,1.558699007,0.927884615,2.738838769,12.67793851,4.701819019,4.22992981,3.432181806,1.377568996,0.305343511,0.906847271,3.127281022,2.156638817,0.608373814,2.757486788,6.47189584,3.373550154,2.7303553,4.39073741,3.75738189,3.94489093,0.954920635,3.738941029,4.945420028,5.262305535,0.620155039,3.976512038,8.077749023,4.757332421,2.867625418,4,10.86059066,6.957252466,2.344615349,11.654885,2.830710066,3.441386998,5.965627488,4.22088229,0,,,2.08,1.72,0.6,1.21,0.3,1.41,1.63,2.38,0.91,0.61,0.81,1.83,2.11,0.4
6/18/24,6,18,29.53799287,24.42683335,3.366181861,4.169768056,7.565056089,5.430016047,5.68455778,2.427088798,3.000283959,8.748673169,9.703048601,8.284188946,9.271021464,4.733296553,1.558699007,1.385899883,3.328221218,15.83766073,5.546889442,6.423568276,4.138064159,0.933979406,1.23557607,1.856294681,0.923076923,2.362204724,1.519881508,0,4.463401648,6.111327247,1.24666505,3.99577167,2.441073179,5.058079983,6.248594543,1.245647653,1.875,3.829352542,5.531859017,2.50492126,6.388663968,4.430710298,4.171735242,2.627640845,4.01057532,6.973108456,1.525227314,8.062435027,5.297548139,6.259096948,2.566856414,3.306101269,0,,,4.27,0.59,1.38,0.4,1.5,0.3,0.61,1.52,0.3,0.61,0,0.61,2.13,0.41
6/19/24,6,19,35.08888786,25.05282288,7.943884563,5.770377812,8.199976724,5.742516047,6.636938732,3.322611186,5.147298931,10.59482702,10.61907914,9.837343389,16.81629066,5.040988861,2.358087036,2.283966077,4.883453776,16.79004168,12.52524442,9.146894942,4.599602621,1.40625,1.923076923,3.653050336,1.867732558,0.476190476,0.876005078,3.350185372,3.111111111,0.96,2.890322581,7.5,2.480620155,6.886586696,3.720930233,6.204617088,3.245080501,3.529411765,2.800612998,1.26488189,3.679511278,5.831570038,3.962703963,6.054233536,11.61440066,9.227799228,4.429692466,10.29945745,3.65714829,3.559174621,6.706898988,7.085378508,0,,,2.66,0.3,1.79,1.81,2.35,0.91,1.02,1.41,1.22,0.61,0,2.44,1.48,0.61
6/20/24,6,20,40.11727391,27.52397673,11.30608929,8.86185223,8.808420912,6.055016047,6.636938732,4.902529975,5.498176124,11.83275188,13.40400561,10.47226402,23.47122205,5.649785157,3.74270242,2.598926707,5.590524483,18.29193789,16.82356375,10.81774383,6.134169936,2.780133253,0.625,3.472367049,1.523849519,1.860465116,0.593765463,3.585093775,2.748891223,4.666046512,3.692307692,5.90264304,6.710678913,2.22272115,4.734408199,4.180065548,3.101520707,11.35869565,2.800803746,2.849764747,3.168305379,7.675366621,6.785436785,3.211050725,14.47414413,8.725292457,3.507566258,4.442527881,4.677851178,2.10613119,6.559846655,7.552463162,0,,,3.82,1.16,0.99,2.25,1.8,0.3,0.61,0.2,0.91,0,0.61,2.13,4.32,0.2
6/21/24,6,21,43.1855688,32.65123948,12.61032482,9.767835136,9.131001557,6.055016047,7.90463104,5.22511062,6.099679884,12.4300662,16.6646381,12.3164419,30.57911255,6.883125118,3.74270242,3.844232582,7.104413372,18.60689851,19.99260228,13.69063112,7.337177455,0,0.96,1.543269231,0.914475243,1.871366279,4.034188034,2.329737387,2.778771616,2.348269994,3,2.791035736,6.699300699,8.26975764,3.998018799,5.191620879,1.565153193,7.626262626,4.840424912,3.375728438,3.035769275,6.90647482,6.036815453,3.681569476,10.6205655,10.00595593,2.653943405,6.629031532,3.393360188,2.820983276,11.8710636,6.45692298,0,,,2.89,1.99,2.37,1.81,2.18,2.42,1.62,0.91,0.91,0.6,0.61,2.13,5.02,1.5
6/22/24,6,22,49.27246696,35.73324647,17.63893082,11.15245052,10.40858576,6.360359558,8.852012617,5.54007125,8.989122482,14.01947017,18.07197825,13.2539419,33.73981161,6.883125118,5.138051258,4.479313227,7.416913372,18.92435883,23.18141346,16.43368507,8.567946685,1.323076923,1.562238931,1.832061069,2.800425746,0.921021236,0.89383039,2.710673391,2.149504563,1.922745495,2.903225806,8.559691221,3.425387597,4.873609707,3.135084428,3.009049774,3.366394519,4.345238095,2.485844904,2.45236521,5.28184567,5.735294118,3.68548065,5.192028366,11.33147554,10.30639043,6.869795729,7.778076079,3.890881921,4.195611839,8.166646524,6.282567752,0,,,1.96,2.07,1.2,1.22,1.97,0.6,2.36,1.98,1.63,0,0.61,2.78,3.25,0.3
6/23/24,6,23,55.10580029,36.93179916,18.89642898,12.5300729,10.40858576,6.818374826,10.92608669,9.29745314,10.53951008,14.63962521,19.00470871,13.72638284,38.59334521,8.128467409,5.138051258,4.955503703,8.044451209,20.26267405,24.55545927,17.80773087,8.901280019,1.538461538,0,4.813887232,1.839755639,4.860879935,0.888937665,1.536185573,3.94926616,4.500748399,4.639731894,2.881898208,4.312462731,4.225987855,4.65228106,2.21472316,1.515151515,6.164565362,3.284940945,4.336769174,3.775838903,6.447527433,6.310634328,2.749262409,15.97113401,13.35139319,6.851976419,7.674820029,1.462990174,5.020370996,12.59648974,4.563762893,0,,,4.66,1.73,2.62,2.2,2.41,1.47,0,1.41,1.63,0.6,0.81,2.94,4.75,0.91
6/24/24,6,24,64.30990158,38.43884826,19.76231233,13.1140145,10.72858576,7.424435432,13.02237218,9.614913457,11.81955104,16.23061958,21.57097861,14.19149912,41.6448314,8.445927726,7.306208682,4.955503703,10.29797234,20.90021532,28.17931972,19.66819599,9.208972327,1.216783217,0.944940476,4.9375,1.865348227,2.156451565,0.888888889,1.860805861,2.110060385,3.023995334,5.353535354,7.323576435,4.830950144,1.527247484,6.083333333,4.576330944,5.005568385,4.543561994,1.771820856,5.149369149,4.89015499,5.129334965,5.309794602,3.673659674,10.39914735,14.53003689,8.944674378,7.254665701,3.208831404,2.877883126,7.240421941,6.635774724,0,,,3.9,3.01,0.89,0.6,2.18,1.74,1.11,0.41,0.61,1.2,1.22,5.22,4.06,0.61
6/25/24,6,25,73.66718726,41.95748832,21.07524776,16.16762756,11.20477624,9.344558319,14.2699497,11.18479535,12.76443293,18.5928243,24.59131133,15.09375476,44.1477209,9.083630978,7.306208682,4.955503703,10.90403294,20.90021532,31.22848109,20.58422652,9.516664634,2.131451706,2.492732558,3.20610687,1.212121212,1.242732558,1.395281517,1.853530534,3.219909691,4.824005147,3.868131868,6.944561997,5.44788411,2.785927251,6.061046512,2.190387597,4.464858438,8.952547884,2.769230769,4.74895551,9.485952644,4.245414673,4.058280028,4.534236354,16.34443458,8.882502444,10.59702925,5.537795393,1.512391944,3.319083826,7.825314832,5.645028097,0,,,3.16,2.56,3.46,2.99,2.39,0.6,-,1.99,1.01,1.52,0.61,2.77,2.23,0
6/26/24,6,26,80.01012446,44.75676093,22.07809518,16.61875538,12.40660687,9.992342217,14.57764201,12.7115129,17.91252453,19.4736649,26.71963861,17.67579502,46.64103038,10.03601193,8.215299591,6.312564553,11.82476107,21.83544547,37.02895632,22.43753601,11.24700988,1.230769231,2.676667041,6.733772995,1.323529412,2.156340612,4.176658407,0.461538462,1.972854842,4.92244093,8.231884058,9.546815103,4.057807636,2.998315553,8.255639098,4.580152672,7.134455696,7.45882885,1.830956376,0.930232558,5.83069904,5.816596195,5.837104072,8.453830794,9.602907579,14.90431488,9.412736091,5.412877412,4.438675626,3.480918152,5.120226167,6.88026635,0,,,3.46,2.95,1.16,2.4,3.32,1.01,0,1.62,0.61,1.59,1.22,1.4,0.61,1.41
6/27/24,6,27,82.47195096,49.61678979,22.71809518,17.90412251,12.40660687,10.99298554,15.21764201,14.27412826,20.16274326,20.37936427,27.91846349,18.89834793,50.28205602,10.96866697,9.766068821,6.905157145,12.76226107,22.14552299,39.29648889,23.34662692,12.16020432,4.021978022,1.230991164,2.748091603,1.103176557,6.709892667,0.613107822,3.032967033,1.255075674,6.887629038,4.932106385,6.988543372,4.256018514,1.867847914,4.651388165,5.047658516,4.840828773,9.520843221,2.13740458,8.186423506,7.338624339,6.03958341,5.788770053,9.432492367,9.558663431,11.52136752,8.672310765,4.694087258,1.878857751,3.901096008,5.352928115,5.170925663,0,,,3.71,1.97,2.76,2.45,3.77,0.79,0,1.79,1.21,2.42,0,3,1.81,0.4
6/28/24,6,28,84.26085034,53.8649087,28.2678762,19.7704529,13.91730669,11.29601584,16.45567956,17.62023963,21.47363093,22.84567315,29.16254789,22.74261918,52.16830602,13.43613641,11.24543669,7.520541761,13.22379953,25.21318416,40.53444509,24.25571782,14.30777104,3.282051282,4.525546857,2.322115385,1.354793886,4.277660324,1.185185185,1.832061069,4.814258269,10.23337304,4.575757576,6.648372757,4.284927766,6.483914572,5.896013709,2.388571429,4.341085271,7.608528491,3.960994266,0.96,5.940230972,8.237119327,1.841747629,9.760913913,7.158313643,10.93509354,14.57146187,3.112332596,2.993127284,5.718891588,5.871644474,3.76724263,0,,,3.98,2.94,4.07,2.13,2.56,0.6,1.6,0.61,1.61,0.61,0,0.89,1.21,1.98
6/29/24,6,29,91.7080161,60.63235056,31.21885831,23.03010559,14.23730669,13.77447795,16.45567956,18.91230014,23.27814221,23.55217797,32.57880729,26.99765232,56.37290182,15.56871468,12.78162226,8.763385272,14.15766581,27.05030537,43.62489986,27.32797972,17.05586265,2.532308378,3.019663438,1.216888375,1.527349229,6.313390313,2.45323292,4.157642464,2.698412698,5.140741611,6.85682201,2.674076496,8.942059158,4.785258711,5.624038462,2.358870968,6.262872206,10.5171201,4.010060985,3.203463203,7.09248498,8.263314294,3.565036929,10.98455742,11.78510105,5.544465962,8.776092259,6.278008913,5.869139267,5.11620122,6.179836508,6.018720078,0,,,3.1,3.06,3.28,1.48,0.81,1.39,2.19,3.61,0.41,1.5,-,2.12,1.2,2.36
6/30/24,6,30,97.13944907,68.05943389,35.2565872,26.72870351,14.23730669,16.5297227,16.45567956,19.83124937,25.57526493,25.14317235,39.48150282,28.78889811,61.65228462,16.21387597,13.4017773,9.073462792,15.51357822,29.674644,46.42565174,28.56590459,17.95811829,3.582491582,2.676886474,2.632601163,1.826388889,4.244566973,4.141688928,7.323910063,3.750697674,4.767474241,11.9044938,4.069823306,7.890979883,8.440647072,5.317751948,6.028846154,3.199713672,10.43667444,6.146779379,0.45112782,8.57407217,2.394074074,4.285263348,9.314462627,15.39177687,11.31131751,8.931845624,3.263194395,4.64602318,4.442043945,5.172492118,4.94959814,0,,,3.38,4.05,2.69,2.3,1.59,1.57,1.62,1.21,0.41,0.81,-,4.34,1.21,3.31
7/1/24,7,1,99.48139597,73.33943389,38.48375348,30.40325118,14.85551889,16.5297227,18.00133315,20.45628752,26.79792276,26.53180017,41.95091579,31.74868954,65.29569547,18.07434109,15.55327466,11.17402889,17.06757977,30.1126002,49.71193247,29.78966302,19.64859448,2.637362637,1.151138716,3.329091961,0.45112782,8.06153726,2.364706232,0.930381661,5.384615385,2.997186937,8.767672044,3.219241259,6.808882672,5.143691204,8.887885909,6.511627907,1.700891516,12.30000221,4.891774892,1.232876712,5.064512952,4.284384767,4.587862851,9.735294118,12.25015668,10.16878025,10.15569023,4.406066722,7.192796378,6.67022374,4.738694374,4.587408019,0,,,3.97,3.9,3.56,4.08,0.91,1.78,2.38,1.82,1.22,2,1.21,2.9,3.13,2.16
7/2/24,7,2,99.97726374,77.50368276,41.09244913,31.91640423,16.12036078,17.48738399,20.14119329,21.73277057,28.37784155,27.46930017,46.61758246,34.57399907,68.72002342,19.99053156,18.79167566,13.69403686,18.58767162,37.42761077,51.91509132,30.40277084,20.50573733,6.700854701,3.206787765,2.35875625,2.090960135,3.713942308,1.488970588,3.167700373,4.545980335,0.916030534,12.29049212,6.498547739,10.14705882,7.409216751,9.381451089,4.951923077,0.952380952,5.966816824,4.954084675,0.606373816,7.865022713,8.981481481,1.52958153,8.402255639,11.28421248,12.87606237,7.25412564,3.056018423,6.420555459,3.947994094,2.83051269,6.511296694,0,,,3.39,3.25,2.95,2.8,4.62,1.56,1.22,2.7,0.91,2.19,1.81,5.94,3.74,2.7
7/3/24,7,3,101.2498172,83.96150683,41.98977056,35.55184418,16.72186454,18.09807102,20.61738377,23.01277057,30.26045506,27.7842608,53.86395927,35.4731908,70.64143018,21.24076412,21.7781128,16.48473453,20.40150854,39.71114019,53.46562887,33.09703722,21.55301006,2.290598291,1.477297896,1.897262842,1.520099151,2.734743836,1.529138357,0.904670111,5.477986998,2.765707575,5.928184282,6.330116993,10.2536843,5.978682171,5.81093322,5.669291339,2.880184332,15.65062389,2.102118241,2.911681374,5.131868132,5.454896395,3.104217557,5.473684211,8.11572019,7.94317218,5.984936952,7.152206894,4.03856019,5.888132157,6.876201717,4.04090903,0,,,6.73,2.04,2.32,2.76,0.9,1.36,1.78,2.72,3.05,1.42,4.28,6.71,3.66,0.8
7/4/24,7,4,106.3598483,88.36298778,41.98977056,39.99870078,17.64986099,18.42065166,22.16647468,24.85133925,33.60984982,28.26045127,57.10227034,36.68794644,73.67077007,24.04441925,23.61369706,18.62459467,20.40150854,42.15047591,55.72478763,33.40472953,22.48089468,4.017094017,0.613035819,3.633199039,1.751824818,4.0279965,3.832997988,1.805037313,10.13853172,4.133192389,6.315637066,6.019394097,6.794089787,7.932979429,7.268483492,5.203980154,4.253749567,6.887844979,1.55075188,0.620155039,9.378253326,4.465240642,2.109875295,6.047138047,10.75182482,6.67957694,5.832549705,9.33682754,7.397988611,2.59517481,4.681090025,5.994213798,0,,,3.99,4.56,3.9,2.05,2.31,0.91,1.98,4.07,1.52,2.42,2.68,2.77,1.1,0.59
7/5/24,7,5,111.9415931,91.95387279,42.29280086,48.65565284,18.25136475,19.68072492,25.9337772,27.60460803,35.69758572,29.4960282,60.1288358,38.39402941,80.67421438,26.40370472,25.31361479,19.23065528,20.40150854,46.01617882,60.55161434,35.26530645,23.41358698,2.720647773,0.465116279,3.294007902,2.709315948,4.491180461,4.886487729,3.111111111,4.67335563,3.67469172,6.801354531,5.521695079,1.82536265,7.0931306,5.823394453,4.93359953,6.63477808,6.634678299,8.556606185,0.935115669,5.591722146,7.495849474,4.438502674,4.914394066,11.15384615,9.814779815,6.316597039,6.938847014,4.876239976,3.800440627,3.203737849,5.88107175,0,,,3.55,2.61,3.26,2.3,3.55,1.76,1.01,4.14,2.74,1.5,2.18,3.09,3.13,3.7
7/6/24,7,6,119.5977617,95.26269632,43.77104192,54.37505888,20.55905706,20.26477505,27.52107879,29.39643939,37.23182845,33.15581027,62.79338886,40.21221123,91.16516006,31.67087505,25.76816024,21.04200183,21.33912211,50.51295763,63.04016028,36.5756756,25.26700915,1.206594543,0.923568764,3.357491264,2.696237121,5.908623461,4.060150376,2.953367377,7.112031286,5.617625763,7.503649635,4.238064094,5.088603599,8.829215897,4.938925144,5.345277425,6.822510823,6.871023713,4.229166667,1.577380952,9.220347441,6.635201142,1.490392648,7.006717161,5.698319363,9.889204285,9.429390137,6.953185257,2.439260213,4.649495507,3.513071796,6.164570367,0,,,5.55,4.41,2.35,3.44,1.2,3.23,0.9,2,2.63,3.21,2.95,5.2,1.99,2.82
7/7/24,7,7,125.4338756,100.4389486,44.99241596,57.54482266,21.20684096,20.83620362,29.99492494,31.88932546,37.84251547,35.27810358,65.5271528,44.88968956,104.2784793,31.67087505,26.68419078,23.21742757,21.95450672,55.1039468,64.38532098,38.14567376,27.44970146,1.333333333,0.428571429,4.920151744,2.548466027,7.807438058,1.384615385,4.848484848,4.657233314,3.012446607,9.451787649,6.712496669,6.644424414,5.018139755,8.438538206,6.650621356,4.244354382,1.739408473,4.247885645,2.04397569,8.186638388,3.636363636,1.848647477,6.011013151,6.010776947,13.3363269,9.091251228,5.961028118,3.907687518,6.051938685,6.529536522,6.064846337,0,,,5.62,4.09,2.31,4.53,2.72,3.52,1.6,2.03,1.42,2.4,1.99,5.36,2.43,3.1
7/8/24,7,8,131.3876018,106.0573462,47.38060867,64.17513891,21.52180159,22.82659626,32.21176848,33.47174862,41.86792485,38.32895104,67.88512503,48.18680209,110.8067106,33.5170289,29.65435493,25.63304181,23.07560984,58.24865399,66.71865432,38.77071191,28.988163,0.907553223,1.723108595,8.323191607,2.04379562,3.524856918,1.88976378,5.298821767,7.454991415,4.816783135,7.130474453,8.721040939,5.488046091,5.651744685,5.961945032,3.526717557,5.499531069,3.536525561,5.324443934,0.880362377,4.296011039,1.846476657,3.696015271,6.473722735,7.324966162,9.924211884,6.847186731,9.62494309,1.693520541,5.117910371,3.061893274,8.831056476,0,,,3.5,1.17,1.49,2.38,1.27,2.39,0.91,4.04,1.01,3.27,2.65,4.47,0.9,1.17
7/9/24,7,9,136.205529,114.0120508,48.69774422,73.74057841,22.48180159,23.76734814,35.53231189,36.84372443,43.09559809,40.19925691,71.70871805,53.91507626,114.5728644,34.44267655,34.00564543,27.18134419,24.02060984,63.61517411,67.94971492,40.64616978,30.53858786,1.450549451,1.146496815,4.552501762,1.433080808,3.483494677,2.763063708,6.524064171,6.667126657,3.345146082,5.968768074,5.658627087,4.392812024,1.876946583,3.682297346,2.832302212,9.160927585,1.462857143,6.552072801,1.170127582,5.052687742,2.019137727,5.743198407,6.890428242,6.282447049,7.876389863,4.14498868,11.06426662,3.97412415,5.349184702,3.633078375,6.564930434,0,,,4.87,1.9,2.66,1.79,1.57,3.64,0.3,2.12,1.62,3.53,4.12,5.82,0.77,4.1
7/10/24,7,10,136.6894,116.0679412,50.72261902,81.40776247,26.27975779,27.78336342,38.88777433,37.46872443,43.56803904,41.77159943,75.76715943,57.34290047,117.2787753,37.744316,36.56086307,32.87477484,26.84810524,67.90806235,69.17343776,41.98945337,32.06071379,2.91005291,1.379310345,0.916030534,5.023398793,2.502887834,2.110481186,7.913493756,8.386011121,6.511775518,4.624254334,11.10869994,1.233375548,3.783941606,8.014927831,6.340337785,8.977274014,3.223171131,6.936507937,3.395876916,5.321067821,1.839107457,4.122621564,7.416737749,5.834874567,6.778853793,5.226572758,9.181805182,4.448213888,4.621066748,2.526850398,10.83773374,0,,,4.63,0.99,3.13,2.43,3.13,1.16,0.9,3.23,3.05,2.49,1.81,5.45,2.86,0.58
7/11/24,7,11,138.6726915,124.049242,54.14658138,89.48449257,32.42600285,29.51750065,44.00331469,39.78018765,46.79561537,42.99565097,78.49916293,61.0076732,120.0552176,39.82562769,39.65418948,35.36666914,27.77118216,72.55120346,71.23226129,43.37406875,35.75302148,1.941474576,0.310077519,4.2821884,1.235981866,1.698412698,4.578113048,9.544135039,7.901477833,5.492894673,7.431372549,3.77039627,2.700927646,2.426703146,6.736172918,3.692307692,6.660585791,1.760724754,10.61570009,1.196466721,4.320682692,3.31986532,1.333333333,10.4108713,6.326054763,7.810427477,7.662360905,6.578993457,6.505443149,6.648895417,4.190376369,4.321803177,0,,,5.46,2.2,2.93,1.47,2.36,1.18,1.2,2.46,1.21,4.25,3.23,2.75,0.3,0.75
7/12/24,7,12,142.7249375,129.7862981,57.52653559,96.09613321,34.26041271,30.17323836,47.70378725,41.16133447,48.79541634,45.17853857,82.32369475,61.0076732,127.7301243,47.51119081,41.81756976,37.87658795,28.24362311,78.34153144,75.6620562,44.29714567,40.31945505,1.684231262,1.185185185,5.649350649,1.811965812,2.847609117,2.081417634,4.493055556,9.1310052,5.658197052,8.493496515,6.02343991,1.170030056,1.771893095,4.967350746,7.279693487,2.97601301,2.061212011,4.274465692,1.798449612,3.003680213,2.987456591,3.175516917,7.396548926,5.056827786,7.909270416,5.913652714,5.591381188,5.819547946,4.147396722,2.828221017,4.608879118,0,,,2.23,4.06,2.34,2.52,1.99,0.19,1.5,2.59,0.8,4.19,1.78,3.79,2.3,2.14
7/13/24,7,13,146.1259512,135.330702,62.22165832,101.0203756,36.94575659,30.80315962,51.4048019,44.27422206,50.66679327,47.37611271,87.22058055,65.84827021,132.0994913,52.21754688,42.64515597,39.34608576,29.68380599,82.9742444,78.13763865,47.95806578,41.25695505,1.760724754,0.310077519,4.377373268,3.582089552,0.831417625,1.259920635,3.981120685,3.373313343,8.355657522,6.419424744,5.270570793,3.582089552,1.487459106,5.85746488,6.074561404,4.503036114,0.617769827,2.681551695,0.909090909,2.547889799,1.559263445,3.724511278,9.090225564,3.443943733,6.170817848,3.641589103,10.00124985,3.55774248,3.656590983,1.434969661,3.978305941,0,,,3.91,2.67,1.99,2.15,2.11,0.97,1.72,1.73,4.11,1.77,1.5,3.28,1.12,0.72
7/14/24,7,14,150.0952753,137.5722058,63.80661052,106.9023077,40.91856609,32.54229005,53.57572617,46.97438616,53.54331617,48.90073392,90.7373231,75.10982397,139.478708,57.71589263,45.24303956,42.9507215,32.76072906,85.39848682,80.29104707,50.05493188,46.81331868,1.459854015,1.2,5.657570232,2.142857143,0.916030534,0.563380282,3.947234906,6.944890821,1.904761905,7.560510336,5.59596865,2.790897381,6.262213505,7.209678139,9.138804458,2.769230769,0.599663111,1.802223997,4.72027972,1.903846154,0.911975555,4.546913526,5.266426937,6.345963116,3.403229539,4.60681554,7.165666159,3.98463339,2.630918928,4.221716637,3.787900415,0,,,2.08,2.37,3.19,2.96,3.94,1.38,0.97,1.88,2.76,2.91,2.92,5.46,2.45,0.37
7/15/24,7,15,150.0952753,138.010162,64.72307491,114.4568712,44.67102672,35.43062752,57.82064331,49.1240963,59.45854542,51.01111475,92.85603342,83.01015256,148.9389477,60.97170659,45.53080935,47.73142237,37.10371247,89.1768949,82.58647469,52.45542497,49.0287033,0.602355072,1.464533152,3.049784668,4.038461538,1.208390333,2.295028145,3.316865595,6.47299509,2.461268725,5.222408884,7.375494071,3.354679803,5.822560598,5.192494755,1.803690359,1.804822044,2.37836623,2.535666479,2.444770234,1.283026627,2.298047276,2.095379661,12.51699258,4.185249549,6.132966063,4.838429637,5.108196395,3.069114442,2.506432555,5.438303798,5.428834242,0,,,0.57,1.22,2.48,0.76,3.9,1.11,0.99,3.46,3.14,1.36,2.51,4.55,1.74,0.28
7/16/24,7,16,154.8950208,140.0864763,65.27479905,121.1874371,46.86646131,37.51320265,60.74787824,52.24182886,62.73127269,52.59591665,97.75676124,88.59071812,153.4918353,64.62237171,47.40882676,51.71681509,42.55867223,92.4755962,84.73595022,55.7843406,52.0938824,4.421052632,0.866410585,3.984475,0,0,1.320881183,1.654527881,4.932185271,2.329220779,7.079296847,5.58611537,6.87678252,3.293949159,2.471590909,2.116985377,7.525909368,2.5354763,2.37950792,1.500145815,1.353537655,2.457591848,3.699541837,9.295566502,2.117374893,6.006166495,3.44187611,7.408333222,3.648185273,3.868509451,3.253724808,5.788788784,0,,,3.15,1.63,2.26,0.88,2.84,0.81,0.59,3.89,1.75,1.38,1.59,3.66,1.48,0.18
7/17/24,7,17,161.8780536,141.0167089,66.16657394,131.1691015,47.86646131,38.73185803,63.60385839,56.80386332,64.88316405,53.63995705,100.9913136,93.67944738,155.8941659,66.3879367,48.54375226,54.50754844,45.51350457,94.11943181,85.67450609,61.78501187,54.51335541,3.995925989,1.313868613,1.189640769,1,0,0.738512949,0.55755221,0.903484113,3.871034996,4.117025831,4.070630745,2.399281787,2.998196734,3.780748815,3.876532887,3.925407925,2.268873766,2.149521386,2.00699598,2.205882353,1.534083532,1.508453828,3.438722197,5.627281022,6.560517035,3.247235401,5.321338407,1.945165332,2.759448224,2.491240415,7.000491007,0,,,4.98,2.79,2.96,1.64,3.55,1.93,1.28,2.6,2.07,1.55,2.12,5.07,0.83,1.54
7/18/24,7,18,168.0125662,143.2134213,70.31036813,136.2410845,51.6812433,39.05185803,65.77051534,63.17134825,70.51942718,57.03551982,102.9582731,97.79597498,156.126724,69.91119142,51.18910961,56.72987783,46.43658149,96.69086039,88.77342379,68.76195042,56.28274238,4.024305556,1.328425632,3.605785297,1.819029851,0.879699248,3.938248104,1.148872088,5.006201635,3.099404319,3.194572453,1.966091462,0.296296296,2.656851263,6.194393151,2.033703023,1.951439587,0.900045228,1.794399192,0.272108844,4.88661877,1.50437342,4.267909616,1.711469534,6.298913043,5.084227402,1.858685872,3.985187725,4.347123995,3.342847043,4.548261459,4.008020929,0,,,1.87,2.35,2.26,0.89,2.54,0.8,1.12,1.49,0.91,1.17,1.78,5.48,1.11,0.75
7/19/24,7,19,176.3588866,144.3465544,73.21613712,144.8908603,55.29114802,39.05185803,70.62844071,66.00535635,74.57284594,60.19554228,105.6154253,98.72620753,158.3712133,72.06214414,52.09136525,58.88595769,47.48620889,96.69086039,91.92881631,73.16813491,60.3970281,1.860576923,0.740740741,4.572329216,3.465933136,1.324110672,2.525396945,1.46031746,2.018496957,1.66091954,4.683094003,1.526974952,0.613035819,2.89577576,3.975882719,1.154461785,1.411429734,0.46875,3.515812353,2.094276094,1.726618705,1.226108054,2.721451427,4.354087226,2.343830666,2.662681837,4.964428243,4.821538697,3.5313039,3.174620615,3.125202251,3.034935095,0,,,2.6,1.99,0.9,0.53,1.46,3.42,0.88,2.84,3.76,2.39,2.15,1.79,0.27,0.76
7/20/24,7,20,181.2267095,148.0267607,75.39402174,148.8032205,60.04280387,39.64887296,72.23294326,69.17158366,78.76937405,62.26586358,107.3998853,100.3085097,159.8248508,73.51230787,53.46541105,61.72936854,49.13719342,97.86666974,92.41268728,76.04600847,62.47555775,1.205599907,0.545454545,1.501976285,1.118881119,1.731141199,1.308270677,1.718426501,3.174024301,0.821917808,4.060558129,1.352380952,0.909196067,1.353537655,2.48221426,0.624623721,0.901401923,1.860465116,2.456950115,0.27027027,2.676691729,2.27351614,3.370445776,3.055881634,2.854792267,4.960151803,3.44326198,2.677182527,3.312093192,2.504968796,2.053299653,3.928447927,0,,,3.37,2.01,1.5,0.83,3.05,2.61,0.76,2.74,5.5,2.87,2.72,2.03,0.84,0.72
7/21/24,7,21,186.8282132,151.1017765,79.55814775,150.2317919,63.333222,40.16169347,76.12062259,78.33825032,79.68540459,65.45244265,109.7561809,102.2190565,160.1500541,74.69775323,55.26992233,63.45598724,49.73206295,99.8667749,96.73736261,79.27987245,65.84460537,4.036601696,0.454545455,0.876280536,0.596187943,0.877453406,0.832376579,1.878405005,2.449780435,1.548387097,0.926765267,1.657447432,1.465516672,2.602888647,5.514535203,2.011282806,1.771820856,2.333353369,2.424653661,0.584439823,1.592642467,2.108789121,3.81061913,3.66642643,1.71675137,4.443816597,3.815984069,3.241814272,5.031728653,2.454124125,2.150792714,3.673887588,0,,,3.16,4.23,1.15,2.55,2.38,2.06,1.66,2.37,2.35,0.58,0.98,1.45,0.6,1.01
7/22/24,7,22,194.8514523,154.3835103,82.23565273,154.997154,67.22973712,40.64949835,78.39320011,82.79596177,81.74858541,67.0729083,114.0015967,107.4505959,160.7426467,74.69775323,57.35947457,64.03006132,51.54610358,100.4260395,101.1877558,79.89525706,69.41345032,0.571428571,1.33162612,2.41923775,0.691810188,1.426071741,0.863309353,0.841348489,0.886389201,1.055900621,2.333353369,2.300776233,0.900178253,2.214104515,0.437956204,1.134751773,1.233262861,1.746091848,2.061465721,1.424740011,0.883620535,2.058184976,1.727344366,2.044780777,2.365231585,3.306692345,2.608235289,5.019415834,3.321223783,2.323300664,1.823105131,2.204607124,0,,,3.83,1.57,0.82,2.01,2.66,1.03,0.88,1.03,1.82,1.71,0.58,1.18,0,1.36
7/23/24,7,23,201.7689618,155.5303634,84.32602806,156.7796474,69.64154039,40.91093626,81.06872193,86.34937915,83.28473457,68.91260969,119.1702242,111.6794578,160.7426467,75.30612705,58.55039875,64.89962654,51.54610358,101.0174198,102.6748199,81.24864052,71.76796537,0.954105439,2.978723404,2.56691254,1.174908729,0,0.441176471,0,1.205460828,1.073370149,1.793626221,1.986356586,2.590458683,0.273972603,0.902255639,0,1.667080129,2.040816327,1.690140845,1.633837159,0.310077519,0.397350993,2.658531022,4.698426334,1.775006603,1.169267707,2.431662479,2.109427802,1.652241615,4.286919767,1.274212253,2.871925148,0,,,4.08,1.16,1.47,2.05,3.25,0,1.69,1.9,2.4,1.12,1.42,1.33,0.57,1.25
7/24/24,7,24,206.2632178,159.1714943,86.51117779,159.2811193,72.43290903,43.26387743,82.30811337,89.20599082,84.15525076,69.54631227,124.5286038,113.0908876,161.9284174,75.90680196,59.43678795,66.66686791,53.46555253,101.6100124,104.4608197,82.5953406,75.37570695,0.245398773,0.556139513,1.35042735,1.189361819,0,1.48098509,1.235679214,1.670614396,0.296296296,1.307910839,1.31163282,0.877453406,1.570139272,0,0.283687943,1.936290037,1.122577519,1.696697463,1.951872652,1.651751299,1.726618705,3.161882893,3.431763657,0.693688244,2.453195033,2.648592244,3.005557655,2.41318049,2.464832563,1.390510928,2.878574993,0,,,3.71,1.08,0.86,1.66,1.24,1.18,1.3,1.74,2.75,1.93,1.14,2.1,2.36,1.73
7/25/24,7,25,213.3812666,163.366547,89.7759217,164.448305,74.80261282,43.8680726,83.70293933,92.05891753,88.88521327,70.41274955,127.4828868,114.175079,163.2588268,78.27915425,62.10416395,67.39004871,54.38161865,103.3094344,105.2013122,84.23917622,77.52047994,0.275862069,0.287769784,0.90629275,1.029040404,0.296296296,0.859416446,0.76433121,0.845070423,0.606060606,0.827172827,1.630284609,3.06052902,0.859346689,1.337038248,1.471692051,0.52559258,0.9375,0.923076923,0.298507463,1.379578354,1.854304636,0.444444444,2.544884274,0.715987008,1.75166113,3.108302112,3.772359779,2.669549467,2.369204871,1.407757575,4.038353698,0,,,2.25,1.4,0.86,0.74,2.48,2.31,1.41,1.08,0.6,3.02,2.29,1.36,0.65,1.93
7/26/24,7,26,216.5135893,165.4280236,90.56519612,167.3359012,75.24705726,44.4930726,84.41140328,94.83228009,91.75512997,71.01425331,128.3162202,114.7677041,163.2588268,79.86855822,63.54301287,67.56782649,55.76387429,103.8813299,105.5090045,85.14143186,79.71423286,0.557692308,0.910010111,0.425531915,1.825332562,0.620155039,1.182115594,0,1.12962963,1.686091771,1.347372433,0.83093732,1.81221557,1.012778415,1.145822302,1.323529412,0.536912752,0.317460317,1.346700084,0,0.563380282,1.214434421,0,2.252374491,1.158188153,1.936231884,1.943614836,2.699260453,2.642972933,2.460999534,2.334273912,2.810280123,0,,,2.83,0.71,1.07,1.06,4.85,1.54,0.57,1.75,2.25,1.47,0.85,1.14,0.93,0
7/27/24,7,27,218.4723805,165.847604,93.99278302,170.2233456,75.53277155,44.4930726,85.71221628,99.66537153,93.79856969,71.01425331,129.1943105,115.3692078,163.2588268,81.30434764,66.65573235,67.56782649,56.22541275,105.3841169,106.7080586,90.32325004,79.71423286,0.291970803,1.151079137,0.431654676,2.253968254,0,1.222053075,0.441176471,0.902255639,1.786880639,1.261114135,0.437956204,3.708809176,0.697674419,0.869218501,0.75,1.777026678,1.342281879,0.60943112,0.906706204,1.398601399,0.3125,2.058153974,3.94093363,1.62912354,0.477561028,2.46198102,2.515295194,2.715716332,1.560285691,2.003961009,1.341720695,0,,,1.98,1.36,0.79,2.26,2.22,1.06,0,1.29,0.37,0.92,1.39,2.88,0.25,1.22
7/28/24,7,28,220.3967716,167.0638203,95.24824924,175.9958946,76.40272879,44.95108787,87.29951787,101.6008554,95.22924283,72.21357953,129.4740308,117.161063,164.1963268,81.57645648,66.95648423,67.87085679,57.05299896,108.3044207,108.4517561,91.79274785,81.5603867,0.578892372,0,1.495605139,2.636617471,0,0.307692308,0,0,1.192545453,0.882447665,0.882400649,1.415830546,0.275862069,0.490797546,1.292702486,0,1.20174482,1.075517076,0.827586207,0.812774821,1.272876481,1.072023518,1.285714286,1.654667096,0.714733542,1.59160676,2.225110656,3.637726851,0.545767966,1.787375565,1.056809659,0,,,1.01,0.72,0.9,2.09,2.13,0.72,1.04,1.09,1.93,1.09,0.83,1.26,1.28,1.09
7/29/24,7,29,221.9207442,167.6613676,95.24824924,176.5387728,76.96216935,44.95108787,87.60254818,101.9718644,96.46015775,72.21357953,130.0334714,117.4618149,165.14653,82.18030746,69.98894845,68.44884323,58.32959471,109.1743352,109.4117561,95.60227166,82.44927559,1.11510442,0.588235294,2.431678485,0.461538462,0.837352884,0,1.172432828,0.902255639,0.473372781,0.601503759,1.300509338,3.943204868,2.204081633,0.3125,0.902255639,0,1.702026384,1.931034483,2.022409224,0.861403275,0.816326531,0,1.832061069,0,2.610594534,1.828453612,2.087046291,1.36899581,1.582398236,2.492195537,2.043610044,0,,,1.09,1.47,0.36,0.82,3.24,0.89,0.39,1,1.53,2.02,0.92,0.7,0.54,0.6
7/30/24,7,30,223.2915824,168.4160846,97.44207963,177.2300728,78.63520333,44.95108787,87.60254818,103.6662274,99.46216113,73.11415722,130.7191857,117.4618149,166.0744146,83.56508547,72.91281864,69.00439878,59.78891058,110.478683,109.4117561,96.81035516,84.01790304,0.45112782,1.167883212,0,1.784847013,0.575807788,0.416666667,0.272108844,0.902255639,0.566188198,0.952380952,0.768045316,1.212092404,1.004652695,0.595462092,0,0.895971472,1.184525847,2.357885424,2.083333333,0.794701987,0.25477707,0.563408028,2.196269262,1.687297658,1.046332983,1.94177217,1.66290113,1.345355089,2.294893168,2.19872735,1.237012968,0,,,3.06,1.06,0,1.61,2.99,1.16,0.76,0.96,1.16,0.92,0.74,0.94,0.19,0.18
7/31/24,7,31,223.2915824,169.6328678,98.64789085,177.2300728,79.25319427,45.21775453,87.60254818,104.6256679,100.0706053,73.53968913,133.0005775,117.4618149,166.7035006,86.27920717,74.08105787,69.86013564,61.18984596,110.9437993,109.9831847,97.15818125,84.28456971,1.983471074,0,0.310077519,2.080357143,0.48,0,0,1.384615385,0.41958042,1.275040481,1.173906437,2.222222222,0.769447917,0.821994408,0.307692308,0.895522388,2.105937441,0.3125,0,1.699507389,1.350257542,0.275862069,1.739130435,0.659340659,1.930970751,1.800273044,2.785947683,1.2406439,1.80109273,1.660452848,1.777999973,0,,,2.5,1.07,0.51,0.68,1.13,1.36,0,0.55,0.3,0.4,0.34,0.65,0.3,0.92
8/1/24,8,1,223.5278028,169.9291641,98.64789085,177.7428933,79.89335815,45.77331009,87.60254818,104.9286982,100.3522955,73.53968913,133.3876742,117.4618149,167.0453809,87.47775986,76.07222053,70.39346897,62.32036685,111.8053377,110.2816921,98.23926233,85.18682535,1.302255639,0.582186363,0.590800087,0,0.408163265,0,0.281690141,0.575539568,1.252953943,1.941650901,0.523434827,1.632653061,2.293471019,0.593113296,0.563380282,0.848151848,2.278132627,1.161816815,0.256410256,0.444444444,0.837438424,0.652173913,4.894150177,2.187755102,0.240963855,1.398210959,1.442413465,1.987717545,2.854323804,1.245784302,3.147336793,0,,,3.43,0.79,0.18,0.36,2.35,1.44,0.86,1.09,1.33,0.53,0.5,0.52,1.3,0.36
8/2/24,8,2,223.5278028,170.2108543,100.0640158,178.7612361,79.89335815,45.77331009,87.60254818,105.5063833,100.3522955,74.16226665,135.5998758,117.7455029,167.0453809,88.34769589,77.80632458,70.95969546,63.033533,111.8053377,110.2816921,98.63530193,85.88092195,0,0,0.565756824,0.902255639,0,0,0,0,2.654354129,1.601848286,0.25974026,0.307692308,0.382165605,0.606060606,0,0,3.497442455,0.601148261,0,0.731707317,0.888888889,1.111164697,2.222564083,1.821631879,1.213080169,0.373529406,0.882053457,1.005729199,1.689899271,0.747945194,1.94456684,0,,,2.63,0.79,0.73,0.6,2.45,2.16,0.35,0,1.96,0.52,0,1.23,0.26,0.17
8/3/24,8,3,223.5278028,171.502484,101.2689605,179.8080341,80.37529363,45.77331009,88.30492913,105.5063833,100.7483351,75.18790768,137.302346,118.3608875,167.6423959,89.20408692,77.80632458,70.95969546,63.55527213,113.1215178,111.4355383,99.07974638,85.88092195,0.307692308,0,0.809335592,1.333333333,0,0,0,0.779220779,2.063309353,0.258064516,0.30075188,1.156407341,1.558441558,0.49642665,0,0.536912752,1.792207792,0.632658165,0.285714286,0.826767824,0.885620915,0.563827675,0.573937908,1.304347826,0.410958904,0.169333331,0.329870125,1.788007977,1.780036726,0.736231873,1.452407921,0,,,1.63,2.36,0,0.15,1.06,1.26,0.53,0.39,0.83,0.26,0,0.28,0.27,1.12
8/4/24,8,4,224.1338634,173.0040563,101.8449771,182.4873555,81.60617296,46.06107987,88.30492913,105.5063833,101.0490869,75.47567746,137.7603613,118.9534801,167.6423959,89.74099968,77.80632458,71.77551855,63.55527213,113.1215178,113.1733432,99.96179766,86.19588258,0,0,0.277777778,0.702380952,0.396039604,0.425531915,0.538878843,0.567404427,1.282619162,0,0.392156863,0.582442021,0.916083916,0,0.592576226,0,2.176696543,0.902255639,0,0.272108844,0.839160839,0,1.428571429,0.281690141,1.727423364,1.233904832,0.482098703,2.06566262,1.036734678,0.513928093,1.53117167,0,,,1.69,1.31,0,0,1.66,2.89,0.35,0.96,0.85,0.52,0.59,0.65,1.11,0.53
8/5/24,8,5,224.7300514,173.0040563,101.8449771,183.2787785,81.89814377,46.06107987,88.30492913,105.7880735,101.3615869,76.58289481,138.1022416,119.2433351,168.2263375,90.10797215,78.21172999,72.03358307,63.83499241,113.4134886,113.6384595,100.5416296,86.19588258,0,0.428571429,0.63289556,1.115340693,0,0.461538462,0.818157352,0.212765957,0.307692308,0,0,0.294117647,0,0,0.616438356,0,0,0.61571251,1.870483981,0.554436451,0,0.582010582,0.25477707,0,1.2,0.801891014,0.466674596,1.317243245,2.002030918,0.93402115,0.852998563,0,,,1.03,0.73,0.82,0,1.4,1.15,0.67,0.55,0.18,0,0.19,0,0.26,0.6
8/6/24,8,6,224.7300514,173.0040563,102.1434845,183.2787785,82.51041242,46.06107987,88.30492913,105.7880735,101.9655755,77.38364444,138.9203124,120.1593657,168.5226338,90.70824194,78.77337983,72.03358307,63.83499241,113.7804611,114.0862206,100.5416296,86.7877525,0,0.465116279,0.291970803,3.887046979,0.32,0,0.266666667,0.27972028,0.3125,0.402684564,0,0.882729211,0.266666667,0,0,0,0.740740741,0,0.531672223,0.291970803,0,0.30075188,0,0,0.41958042,0.338907663,1.226744217,0.66451884,2.835552953,1.208452918,0.577272719,0,,,0.68,1.37,0.8,0.53,1.56,0.3,1.3,0.58,0.54,0.55,0.2,0,0.29,0.51
8/7/24,8,7,225.4310038,173.0040563,102.1434845,183.2787785,83.34374575,46.06107987,88.30492913,106.2680735,101.9655755,77.80031111,139.2080822,120.9869519,168.8452144,90.70824194,79.06749748,72.99820084,64.42771509,113.7804611,114.5058011,102.1138045,87.0840488,0,0.606060606,0.291970803,0.30075188,0,0.431654676,0,0.555555556,0,0,0.806163828,0,1.287296838,0,0.805369128,0,0,1.692238939,0,0,0,1.734611012,0.228571429,0.30075188,1.427631579,0.802010819,0.66275576,0.450887567,1.278523471,0.689034495,1.354726856,0,,,0.49,0.76,0.28,0.19,1.74,1.34,0,0.59,0.17,0.27,0.57,0,0.16,0.52
8/8/24,8,8,225.4310038,173.0040563,102.1434845,183.2787785,83.80886203,46.06107987,88.30492913,106.2680735,103.2477072,77.80031111,139.8014888,120.9869519,169.1437219,90.98993208,79.55530236,72.99820084,64.71140303,114.0352382,114.5058011,102.533385,87.0840488,0.258064516,0,0.909090909,0,0,0,0,0,0.25974026,0,0.410958904,0.285714286,0.794248388,0,0.291970803,0,0,0.41958042,0.807183022,0.296296296,0.567375887,1.6,0.512820513,0.363636364,0.770021801,0.514864857,0.512224725,0.561838282,1.2406439,0.567491686,0.69343757,0,,,0.15,0.2,0.29,0.19,1.37,0,0.29,0.35,0.26,0,0.29,0.53,0.17,0.3
8/9/24,8,9,225.4310038,173.9179484,102.1434845,183.6709354,84.26340749,46.06107987,88.30492913,106.8725443,103.2477072,78.02758384,139.8014888,120.9869519,169.1437219,90.98993208,79.79198875,72.99820084,64.71140303,114.2884027,114.7542483,103.5297023,87.0840488,0,0.294117647,0,0,0,0,0,0,0.305343511,0,0,0,0.275862069,0,0.425531915,0,0.559440559,0,0.266666667,0,0.588235294,0.889084024,0.834756916,0.503144654,0,0.560294109,0.645542774,0.345578226,0.987855425,0.276086952,0.340442885,0,,,0.67,0.19,0,0,1.08,0.2,0,0,0.37,0.51,0.3,0.16,0,0
8/10/24,8,10,225.7484641,173.9179484,102.583045,183.6709354,84.26340749,46.06107987,88.30492913,106.8725443,103.7164572,78.02758384,140.1812357,121.6169122,169.1437219,91.56815982,80.06596135,72.99820084,64.71140303,114.8097137,115.0420181,103.5297023,87.52849324,0.275862069,0.285714286,0,0,0.310077519,0.285714286,0,0,0.256410256,0,0,0.264900662,0.277777778,0,1.488909863,0.283687943,0.583941606,0.472440945,0,0,0,0,0,0.21978022,0.266666667,0.529166659,0.247402594,0,0.731541041,0.756953631,0.71941036,0,,,0.81,0.2,0,0,0.94,0.18,0,0.28,0.54,0,0,0.71,0.84,0.37
8/11/24,8,11,225.7484641,173.9179484,103.145619,183.6709354,84.26340749,46.06107987,88.30492913,107.1710517,103.7164572,78.02758384,140.1812357,121.6169122,170.0739544,91.56815982,80.06596135,72.99820084,64.71140303,115.0934016,115.7316732,103.5297023,87.94228634,0.291970803,0,0.869565217,0,0,0,0,0.392156863,0.479041916,0,0.905776461,0,0,0,0,0,0.589797799,0.858889455,0,0,0.588235294,0,0,0.693641618,0,0.456287418,0.692727262,0.502947551,0.172789113,0.786675568,0.286466161,0,,,0.35,0,0.59,0.24,1.14,0.84,0.5,0,0.79,0,0.6,0,0,0
8/12/24,8,12,225.7484641,173.9179484,103.145619,183.6709354,84.85860607,46.06107987,88.59904677,107.1710517,103.7164572,78.02758384,140.1812357,121.6169122,170.0739544,91.91903701,80.06596135,72.99820084,65.96140303,115.690949,116.1398365,104.4486178,87.94228634,0.434782609,0,0,0.408163265,0,0,0.305343511,0,0,0,0,0.408163265,0.307692308,0,0,0,0.568556361,1.853174603,0.740740741,0,0,0,0.408163265,0.859259259,0,0.692727262,0.512732912,0.857973279,0.565591781,0.542096523,1.381316284,0,,,0,0.29,0.56,0.79,0.57,0,0.29,0,0.2,0,0.29,0,0,0
8/13/24,8,13,225.7484641,173.9179484,103.145619,183.6709354,85.16868359,46.06107987,88.89101758,107.1710517,104.0105749,78.48212929,140.1812357,121.6169122,170.0739544,91.91903701,80.06596135,73.32078148,66.39305771,115.690949,116.1398365,105.9108074,87.94228634,0,0,0,0,0,0.27972028,0,0,0.245398773,0,0,1.109620778,0.31496063,0,0.36809816,0,0.298507463,0,0.753246753,0,0.307692308,0.294117647,1.208053691,0,0,0.640336125,0.751973673,0.257432429,0.201587299,1.261540313,1.380434762,0,,,0.27,0.2,0,0,0.83,0.18,0,0.59,0.3,0,0,0,0.18,0
8/14/24,8,14,225.7484641,173.9179484,103.810107,183.6709354,85.4740271,46.06107987,88.89101758,107.1710517,104.0105749,78.48212929,140.4690054,121.6169122,170.0739544,92.35069169,80.06596135,73.626125,66.66151409,116.1105294,116.4215266,105.9108074,88.22800063,0.413793103,0.740740741,0,0.48,0,0,0.3125,0,0,0,0,0,0,0,0.296296296,0,0,0,0,0,0,0,0.38961039,0.408163265,0,0.47137017,0.453571422,0.2609589,0.25918367,0.319496851,0.264583329,0,,,0.25,0.2,0,0,1.15,0.19,0,0.3,0.29,0,0,0.29,0,0
8/15/24,8,15,225.7484641,173.9179484,103.810107,184.3362218,85.4740271,46.06107987,88.89101758,107.1710517,104.2772415,78.48212929,140.779083,122.8169122,170.0739544,92.35069169,80.06596135,74.2113559,66.66151409,116.1105294,116.4215266,105.9108074,88.22800063,0,0,0,0,0.454545455,0,0,0.559440559,0.454545455,0,0,0,0,0.218978102,0,0,0.588362069,0,0.240963855,0,0,0,0.863309353,0.416666667,0,0.141111109,0.459036138,0.253999996,0.352777772,0.195384612,0.286466161,0,,,0,0.28,0.3,0,0.82,0.38,0,0,0,0,0,0.3,0,0.19
8/16/24,8,16,225.7484641,173.9179484,104.6434805,184.3362218,85.4740271,46.06107987,88.89101758,107.1710517,104.2772415,78.48212929,140.779083,122.8169122,170.0739544,92.35069169,80.06596135,74.2113559,66.66151409,116.1105294,116.4215266,105.9108074,88.22800063,0,0,0,0,0,0.307692308,0,0,0,0,0,0,0.441176471,0,0,0.431654676,0,1.203007519,0,0,0,0,0,0,0.555555556,0,0.236645959,0.564444436,0.350344822,0.293641614,0,0,,,0,0,0,0,0,0.3,0,0,0,0,0,0,0,0
8/17/24,8,17,225.7484641,173.9179484,105.048886,184.6415653,85.4740271,46.37115739,88.89101758,107.1710517,104.2772415,78.48212929,141.247833,122.8169122,170.0739544,92.35069169,80.47692025,74.2113559,66.66151409,116.1105294,116.9015266,106.1774741,88.53569294,0,0.615384615,0.307692308,0,0,0,0,0,0,0,0,0.294117647,0.838527464,0,0,0,0.933979406,0,0,0,0,0.593406593,0,0,0.305343511,0,0,0,0.372766364,0.266433562,0.813014179,0,,,0.26,0,0,0,1.12,0,0.19,0,0,0,0,0,0,0
8/18/24,8,18,225.7484641,173.9179484,105.048886,184.6415653,85.4740271,46.37115739,88.89101758,107.6188129,104.5922022,78.48212929,141.247833,122.8169122,170.0739544,92.35069169,80.47692025,74.2113559,66.66151409,116.1105294,117.3526545,106.1774741,88.53569294,0.46875,0,0,0,0,0,0,0,0,0,0,0.30075188,0.413793103,0,0,0,0.461538462,0.93067314,0.27972028,0.431654676,0,0,0,0,0,0.36175757,0,0.934969311,0,0,0.560779212,0,,,0.28,0,0.2,0.24,0.56,0.27,0.2,0,0,0.3,0.2,0,1.04,0
8/19/24,8,19,225.7484641,173.9179484,105.368886,184.6415653,85.4740271,46.37115739,89.68571956,107.6188129,104.5922022,78.48212929,141.247833,122.8169122,170.0739544,93.18003778,80.47692025,74.2113559,66.66151409,116.1105294,117.3526545,106.4591642,88.53569294,0,0,0,0,0.461538462,0,0,0,0,0,0,0,0.41958042,0,0,0.3125,0.437956204,0,0,0.275862069,0,0.597014925,0,0,0,0,0.193893127,0,0,0.16282051,0.193893127,0,,,0,0,0,0,0.52,0.26,0.56,0.2,0.28,0,0,0,0,0
8/20/24,8,20,225.7484641,173.9179484,105.993886,184.6415653,85.4740271,46.37115739,89.68571956,107.6188129,104.5922022,78.48212929,141.247833,122.8169122,170.0739544,93.18003778,80.47692025,74.6223148,66.66151409,116.1105294,117.3526545,106.4591642,88.53569294,0,0,0,0,0,0,0.30075188,0,0,0,0,0,0,0,0,0,0.472440945,0,0.291970803,0.283687943,0,0,0,0,0,0.284328354,0.285393254,0,0.274100715,0.171621619,0.374953693,0,,,0,0,0,0.17,1.3,0,0,0,0,0.3,0,0,0.28,0
8/21/24,8,21,225.7484641,173.9179484,105.993886,184.6415653,85.4740271,46.37115739,89.68571956,107.6188129,105.2198945,78.48212929,141.247833,122.8169122,170.0739544,93.18003778,80.47692025,74.6223148,66.66151409,116.1105294,117.3526545,106.4591642,88.53569294,0,0.45112782,0,0,0,0,0,0,0,0,0,0,0,0,0,0,0,0,0,0,0,0.895522388,0,0,0,0,0,0,0.563289681,0.387786254,0.340939592,0,,,0,0,0,0.16,0.19,0,0.58,0,0,0,0,0,0,0
8/22/24,8,22,225.7484641,173.9179484,105.993886,184.6415653,85.4740271,46.37115739,89.68571956,107.6188129,105.5229248,78.48212929,141.247833,122.8169122,170.0739544,93.18003778,80.78461256,74.6223148,66.66151409,116.1105294,117.3526545,106.4591642,88.53569294,0,0,0,0,0,0,0,0,0.296296296,0,0,0,0,0,0.277777778,0,0,0,0.287769784,0,0,0.428571429,0,0,0,0.264583329,0.156790121,0,1.380434762,0,0.169333331,0,,,0,0,0,0,0.2,0.28,0,0.39,0.4,0,0,0,0,0
8/23/24,8,23,225.7484641,173.9179484,105.993886,184.6415653,85.4740271,46.66527504,90.00317988,107.9195648,105.5229248,78.48212929,141.247833,122.8169122,170.0739544,93.4381023,80.78461256,74.6223148,66.66151409,116.1105294,#VALUE!,106.4591642,88.53569294,0,0,0,0,0,0.454545455,0,0,0,0,0,0,0,0,0,0,0,0.447761194,0,0,0,0,0,0,0.813358885,0,0,0,0,0.532867125,0,0,,,0,0,0,0,0,0,0,0,0,0,0,0,0,0
8/24/24,8,24,225.7484641,173.9179484,105.993886,184.6415653,85.4740271,46.66527504,90.00317988,107.9195648,105.5229248,78.48212929,141.247833,122.8169122,170.0739544,93.69451255,80.78461256,74.6223148,66.66151409,116.1105294,#VALUE!,106.4591642,88.53569294,0,0,0,0,0,0,0.465116279,0,0,0,0,0,0,0,0,0,0,0,0,0,0,0,0,0,0.248447205,0.264583329,0.167105261,0,0.276086952,0,0,0,,,0,0,0,0,0,0,0,0,0,0,0,0,0,0
8/25/24,8,25,225.7484641,173.9179484,105.993886,184.6415653,85.4740271,46.66527504,90.00317988,107.9195648,105.9774702,78.48212929,141.247833,122.8169122,170.0739544,93.69451255,80.78461256,74.6223148,66.66151409,116.1105294,#VALUE!,106.4591642,88.53569294,0,0.289855072,0,0,0,0,0.458015267,0,0,0,0,0.585939588,0,0,0.444444444,0,0,0,0,0,0,0,0,0,0,0.253999996,0,,0,0,0,0,,,0.49,0,0,0,0,0,0.53,0,0.3,0,0,0,0,0
8/26/24,8,26,225.7484641,173.9179484,105.993886,184.6415653,85.4740271,46.66527504,90.00317988,107.9195648,105.9774702,78.48212929,141.247833,122.8169122,#VALUE!,93.69451255,80.78461256,74.6223148,#VALUE!,116.1105294,#VALUE!,106.9279142,88.53569294,0,0,0,0,0,0,0,0,0,N/A,0,0,0,0,0,0,0.307692308,0,0,0,N/A,0,0,0,,0.225443784,0.2609589,,,0,0,0,,,0.28,0,0.3,0,0.37,0.3,0,0,0,0,0.28,0,0,0
8/27/24,8,27,225.7484641,173.9179484,105.993886,184.6415653,85.4740271,46.66527504,90.00317988,107.9195648,105.9774702,78.48212929,141.247833,122.8169122,#VALUE!,93.69451255,#VALUE!,74.6223148,#VALUE!,116.1105294,#VALUE!,#VALUE!,88.53569294,0,0,N/A,0,0,N/A,0,N/A,0,N/A,0,0,0.298507463,0,0.816326531,0,0.303030303,0,0,0,N/A,0,0,0.287769784,,0.216477269,0,,,0.537045853,0.264583329,0,,,0.28,0.2,0,0,0.2,0,0,0,0,0.3,0,0,0.19,0
8/28/24,8,28,225.7484641,173.9179484,105.993886,184.6415653,85.4740271,46.66527504,90.00317988,107.9195648,105.9774702,78.48212929,141.247833,122.8169122,#VALUE!,93.69451255,#VALUE!,#VALUE!,#VALUE!,116.1105294,#VALUE!,#VALUE!,#VALUE!,N/A,N/A,N/A,N/A,N/A,N/A,0,N/A,0,N/A,0,0,0,0.291970803,0,0,0,0,0,0.431654676,N/A,0,0,0,,0,0,,,0,0.276086952,0,,,0,0,0,0.3,0.3,0,0,0,0,0,0,0,0,0
8/29/24,8,29,225.7484641,174.3623929,105.993886,184.9516428,85.4740271,46.66527504,90.00317988,107.9195648,105.9774702,78.48212929,141.247833,122.8169122,#VALUE!,93.69451255,#VALUE!,#VALUE!,#VALUE!,#VALUE!,#VALUE!,#VALUE!,#VALUE!,N/A,N/A,N/A,N/A,N/A,N/A,N/A,N/A,0,N/A,0,0,0,0,0,0,0,0,0,0,N/A,0,0.410958904,0,,0,0,,,0,0,0,,,0,0,0,0,0,0,0,0,0,0,0,0,0,0
8/30/24,8,30,225.7484641,174.3623929,105.993886,184.9516428,85.4740271,46.66527504,90.00317988,107.9195648,105.9774702,#VALUE!,#VALUE!,122.8169122,#VALUE!,93.69451255,#VALUE!,#VALUE!,#VALUE!,#VALUE!,#VALUE!,#VALUE!,#VALUE!,N/A,N/A,N/A,N/A,N/A,N/A,N/A,N/A,0,N/A,0,0,0,0,0,0,0,0,0,0,N/A,0,0,0,,0,0,,,0.25918367,,0,,,0.57,0,0,0,0.3,0,0,0,0,0.3,0,-,0,0
8/31/24,8,31,225.7484641,174.3623929,105.993886,185.3056251,85.4740271,46.9637825,90.00317988,107.9195648,105.9774702,#VALUE!,#VALUE!,122.8169122,#VALUE!,#VALUE!,#VALUE!,#VALUE!,#VALUE!,#VALUE!,#VALUE!,#VALUE!,#VALUE!,N/A,N/A,N/A,N/A,N/A,N/A,N/A,N/A,N/A,N/A,0,0,0,0,0,0,0,0,0,0,N/A,0,0.454545455,0,,0,0.278102186,,,0,,0,,,0,0,0,0,0,0,0,0,0,0,0,0,0,0
9/1/24,9,1,225.7484641,174.3623929,105.993886,185.3056251,85.4740271,46.9637825,90.00317988,107.9195648,105.9774702,#VALUE!,#VALUE!,#VALUE!,#VALUE!,#VALUE!,#VALUE!,#VALUE!,#VALUE!,#VALUE!,#VALUE!,#VALUE!,#VALUE!,N/A,N/A,N/A,N/A,N/A,N/A,N/A,N/A,N/A,N/A,0,0,0,0,0,0,0,N/A,0,0,N/A,0,0,0,,,0,,,0,,0,,,0,0,0,0,0,0,0,0,0,0,0.3,0,0,0
9/2/24,9,2,225.7484641,#VALUE!,105.993886,185.3056251,85.4740271,46.9637825,90.00317988,107.9195648,105.9774702,#VALUE!,#VALUE!,#VALUE!,#VALUE!,#VALUE!,#VALUE!,#VALUE!,#VALUE!,#VALUE!,#VALUE!,#VALUE!,#VALUE!,N/A,N/A,N/A,N/A,N/A,N/A,N/A,N/A,N/A,N/A,0.416666667,0,0,0,0,0,0.461538462,N/A,0,0,N/A,0,0,0,,,0,,,0,,0,,,0,0,0,0,0,0,0.2,0,0,0,0,0,0,0
9/3/24,9,3,225.7484641,#VALUE!,105.993886,185.3056251,85.4740271,46.9637825,90.00317988,107.9195648,105.9774702,#VALUE!,#VALUE!,#VALUE!,#VALUE!,#VALUE!,#VALUE!,#VALUE!,#VALUE!,#VALUE!,#VALUE!,#VALUE!,#VALUE!,N/A,N/A,N/A,N/A,N/A,N/A,N/A,N/A,N/A,N/A,0,0,0.465116279,0.454545455,0,0,0,N/A,0,0,N/A,0,0,0,,,0,,,0,,0,,,0,0,0,0,0,0.3,0,0,0,0,0,0,0,0
9/4/24,9,4,225.7484641,#VALUE!,105.993886,#VALUE!,85.4740271,46.9637825,90.00317988,107.9195648,#VALUE!,#VALUE!,#VALUE!,#VALUE!,#VALUE!,#VALUE!,#VALUE!,#VALUE!,#VALUE!,#VALUE!,#VALUE!,#VALUE!,#VALUE!,N/A,N/A,N/A,N/A,N/A,N/A,N/A,N/A,N/A,N/A,0,0,0,0,0,0,0,N/A,0,0,N/A,0,0,0,,,0,,,0,,0,,,0,0,0,0,0,0,0,0,0,0,0,0,0,0
9/5/24,9,5,225.7484641,#VALUE!,105.993886,#VALUE!,85.4740271,47.27386002,#VALUE!,107.9195648,#VALUE!,#VALUE!,#VALUE!,#VALUE!,#VALUE!,#VALUE!,#VALUE!,#VALUE!,#VALUE!,#VALUE!,#VALUE!,#VALUE!,#VALUE!,N/A,N/A,N/A,N/A,N/A,N/A,N/A,N/A,N/A,N/A,0,0,0,0,N/A,0,0,N/A,0,0,N/A,0,0,0,,,0,,,0,,0,,,0,0,0,0,0,0,0.3,0,0,0,0,0,0,0
9/6/24,9,6,225.7484641,#VALUE!,105.993886,#VALUE!,85.4740271,47.27386002,#VALUE!,#VALUE!,#VALUE!,#VALUE!,#VALUE!,#VALUE!,#VALUE!,#VALUE!,#VALUE!,#VALUE!,#VALUE!,#VALUE!,#VALUE!,#VALUE!,#VALUE!,N/A,N/A,N/A,N/A,N/A,N/A,N/A,N/A,N/A,N/A,0,0,0,0,N/A,0,0,N/A,N/A,0,N/A,0,0,0,,,0,,,0,,0,,,0,0.3,0,0,0,0,0,0.2,0,0,0,0,0,0
9/7/24,9,7,225.7484641,#VALUE!,105.993886,#VALUE!,85.4740271,#VALUE!,#VALUE!,#VALUE!,#VALUE!,#VALUE!,#VALUE!,#VALUE!,#VALUE!,#VALUE!,#VALUE!,#VALUE!,#VALUE!,#VALUE!,#VALUE!,#VALUE!,#VALUE!,N/A,N/A,N/A,N/A,N/A,N/A,N/A,N/A,N/A,N/A,N/A,0,0,0,N/A,0,0.317460317,N/A,N/A,0,N/A,0,0,0,,,0,,,0,,0,,,0,0,0,0,0,0,0.3,0,0,0,0,0,0,0
9/8/24,9,8,225.7484641,#VALUE!,105.993886,#VALUE!,85.4740271,#VALUE!,#VALUE!,#VALUE!,#VALUE!,#VALUE!,#VALUE!,#VALUE!,#VALUE!,#VALUE!,#VALUE!,#VALUE!,#VALUE!,#VALUE!,#VALUE!,#VALUE!,#VALUE!,N/A,N/A,N/A,N/A,N/A,N/A,N/A,N/A,N/A,N/A,N/A,0,0,0,N/A,0,0,N/A,N/A,0,N/A,0,0,0,,,0,,,0.297656246,,0,,,0,0,0,0,0.2,0,0,0,0,0,0,0,0,0
9/9/24,9,9,225.7484641,#VALUE!,105.993886,#VALUE!,#VALUE!,#VALUE!,#VALUE!,#VALUE!,#VALUE!,#VALUE!,#VALUE!,#VALUE!,#VALUE!,#VALUE!,#VALUE!,#VALUE!,#VALUE!,#VALUE!,#VALUE!,#VALUE!,#VALUE!,N/A,N/A,N/A,N/A,N/A,N/A,N/A,N/A,N/A,N/A,N/A,0,N/A,0,N/A,0,0,N/A,N/A,0,N/A,0,0,0,,,0,,,0,,0,,,0,0,0,0,0,0,0,0,0,0,0,0,0,0
9/10/24,9,10,225.7484641,#VALUE!,105.993886,#VALUE!,#VALUE!,#VALUE!,#VALUE!,#VALUE!,#VALUE!,#VALUE!,#VALUE!,#VALUE!,#VALUE!,#VALUE!,#VALUE!,#VALUE!,#VALUE!,#VALUE!,#VALUE!,#VALUE!,#VALUE!,N/A,N/A,N/A,N/A,N/A,N/A,N/A,N/A,N/A,N/A,N/A,N/A,N/A,0,N/A,0,0,N/A,N/A,0,N/A,0,0,0,,,0,,,0,,0,,,0,0,0,0,0,0,0,0,0,0,0,0,0,0
9/11/24,9,11,225.7484641,#VALUE!,105.993886,#VALUE!,#VALUE!,#VALUE!,#VALUE!,#VALUE!,#VALUE!,#VALUE!,#VALUE!,#VALUE!,#VALUE!,#VALUE!,#VALUE!,#VALUE!,#VALUE!,#VALUE!,#VALUE!,#VALUE!,#VALUE!,N/A,N/A,N/A,N/A,N/A,N/A,N/A,N/A,N/A,N/A,N/A,N/A,N/A,N/A,N/A,N/A,0,N/A,N/A,0,N/A,0,0,0,,,0,,,0,,0,,,0,0,0,0,0,0,0,0,0,0,0,0,0,0
9/12/24,9,12,225.7484641,#VALUE!,#VALUE!,#VALUE!,#VALUE!,#VALUE!,#VALUE!,#VALUE!,#VALUE!,#VALUE!,#VALUE!,#VALUE!,#VALUE!,#VALUE!,#VALUE!,#VALUE!,#VALUE!,#VALUE!,#VALUE!,#VALUE!,#VALUE!,N/A,N/A,N/A,N/A,N/A,N/A,N/A,N/A,N/A,N/A,N/A,N/A,N/A,N/A,N/A,N/A,0,N/A,N/A,0.476190476,N/A,0,0,0,,,0.272142853,,,0,,0,,,0,0,0,0,0,0,-,0,0,0,0,0,0,0
9/13/24,9,13,225.7484641,#VALUE!,#VALUE!,#VALUE!,#VALUE!,#VALUE!,#VALUE!,#VALUE!,#VALUE!,#VALUE!,#VALUE!,#VALUE!,#VALUE!,#VALUE!,#VALUE!,#VALUE!,#VALUE!,#VALUE!,#VALUE!,#VALUE!,#VALUE!,N/A,N/A,N/A,N/A,N/A,N/A,N/A,N/A,N/A,N/A,N/A,N/A,N/A,N/A,N/A,N/A,0,N/A,N/A,0,N/A,0,0,0,,,0,,,0,,0,,,0,0,0,0,0,0.3,0,0,0,0,0,0,0,0
9/14/24,9,14,225.7484641,#VALUE!,#VALUE!,#VALUE!,#VALUE!,#VALUE!,#VALUE!,#VALUE!,#VALUE!,#VALUE!,#VALUE!,#VALUE!,#VALUE!,#VALUE!,#VALUE!,#VALUE!,#VALUE!,#VALUE!,#VALUE!,#VALUE!,#VALUE!,N/A,N/A,N/A,N/A,N/A,N/A,N/A,N/A,N/A,N/A,N/A,N/A,N/A,N/A,N/A,N/A,0,N/A,N/A,0,N/A,0,0,0,,,0,,,0,,0,,,0,0,0,0,0,0.3,0,0,0,0,0,0,0,0
9/15/24,9,15,225.7484641,#VALUE!,#VALUE!,#VALUE!,#VALUE!,#VALUE!,#VALUE!,#VALUE!,#VALUE!,#VALUE!,#VALUE!,#VALUE!,#VALUE!,#VALUE!,#VALUE!,#VALUE!,#VALUE!,#VALUE!,#VALUE!,#VALUE!,#VALUE!,N/A,N/A,N/A,N/A,N/A,N/A,N/A,N/A,N/A,N/A,N/A,N/A,N/A,N/A,N/A,N/A,0,N/A,N/A,0,N/A,0,0,0,,,0,,,0,,0,,,0,0,0,0,0,0,0,0.3,0,0,0,0,0,0
9/16/24,9,16,225.7484641,#VALUE!,#VALUE!,#VALUE!,#VALUE!,#VALUE!,#VALUE!,#VALUE!,#VALUE!,#VALUE!,#VALUE!,#VALUE!,#VALUE!,#VALUE!,#VALUE!,#VALUE!,#VALUE!,#VALUE!,#VALUE!,#VALUE!,#VALUE!,N/A,N/A,N/A,N/A,N/A,N/A,N/A,N/A,N/A,N/A,N/A,N/A,N/A,N/A,N/A,N/A,0,N/A,N/A,N/A,N/A,0,0,0,,,0,,,,,0,,,0,0,0.2,0,0,0,0,0,0,0,0,0,0,0
9/17/24,9,17,225.7484641,#VALUE!,#VALUE!,#VALUE!,#VALUE!,#VALUE!,#VALUE!,#VALUE!,#VALUE!,#VALUE!,#VALUE!,#VALUE!,#VALUE!,#VALUE!,#VALUE!,#VALUE!,#VALUE!,#VALUE!,#VALUE!,#VALUE!,#VALUE!,N/A,N/A,N/A,N/A,N/A,N/A,N/A,N/A,N/A,N/A,N/A,N/A,N/A,N/A,N/A,N/A,0,N/A,N/A,N/A,N/A,0,0,0,,,0.286466161,,,,,0,,,0,0,0,0,0,0,0,0,0,0,0,0,0,0
9/18/24,9,18,225.7484641,#VALUE!,#VALUE!,#VALUE!,#VALUE!,#VALUE!,#VALUE!,#VALUE!,#VALUE!,#VALUE!,#VALUE!,#VALUE!,#VALUE!,#VALUE!,#VALUE!,#VALUE!,#VALUE!,#VALUE!,#VALUE!,#VALUE!,#VALUE!,N/A,N/A,N/A,N/A,N/A,N/A,N/A,N/A,N/A,N/A,N/A,N/A,N/A,N/A,N/A,N/A,0,N/A,N/A,N/A,N/A,0,0,0,,,0,,,,,0,,,0,0,0,N/A,0,0,0,0,0,0,0,0,0,0
9/19/24,9,19,225.7484641,#VALUE!,#VALUE!,#VALUE!,#VALUE!,#VALUE!,#VALUE!,#VALUE!,#VALUE!,#VALUE!,#VALUE!,#VALUE!,#VALUE!,#VALUE!,#VALUE!,#VALUE!,#VALUE!,#VALUE!,#VALUE!,#VALUE!,#VALUE!,N/A,N/A,N/A,N/A,N/A,N/A,N/A,N/A,N/A,N/A,N/A,N/A,N/A,N/A,N/A,N/A,0,N/A,N/A,N/A,N/A,0,0,0,,,0,,,,,0,,,0,N/A,0,N/A,0,0,0,0,0,0,0,0,0,0
9/20/24,9,20,225.7484641,#VALUE!,#VALUE!,#VALUE!,#VALUE!,#VALUE!,#VALUE!,#VALUE!,#VALUE!,#VALUE!,#VALUE!,#VALUE!,#VALUE!,#VALUE!,#VALUE!,#VALUE!,#VALUE!,#VALUE!,#VALUE!,#VALUE!,#VALUE!,N/A,N/A,N/A,N/A,N/A,N/A,N/A,N/A,N/A,N/A,N/A,N/A,N/A,N/A,N/A,N/A,0,N/A,N/A,N/A,N/A,0,0,0,,,0,,,,,0,,,0,N/A,0,N/A,0,N/A,0,0,0,0,0,0,0,0
9/21/24,9,21,225.7484641,#VALUE!,#VALUE!,#VALUE!,#VALUE!,#VALUE!,#VALUE!,#VALUE!,#VALUE!,#VALUE!,#VALUE!,#VALUE!,#VALUE!,#VALUE!,#VALUE!,#VALUE!,#VALUE!,#VALUE!,#VALUE!,#VALUE!,#VALUE!,N/A,N/A,N/A,N/A,N/A,N/A,N/A,N/A,N/A,N/A,N/A,N/A,N/A,N/A,N/A,N/A,N/A,N/A,N/A,N/A,N/A,0,0,0,,,0,,,,,0,,,0,N/A,N/A,N/A,0,N/A,N/A,0,0,0,0,0,0,0
9/22/24,9,22,#VALUE!,#VALUE!,#VALUE!,#VALUE!,#VALUE!,#VALUE!,#VALUE!,#VALUE!,#VALUE!,#VALUE!,#VALUE!,#VALUE!,#VALUE!,#VALUE!,#VALUE!,#VALUE!,#VALUE!,#VALUE!,#VALUE!,#VALUE!,#VALUE!,N/A,N/A,N/A,N/A,N/A,N/A,N/A,N/A,N/A,N/A,N/A,N/A,N/A,N/A,N/A,N/A,N/A,N/A,N/A,N/A,N/A,0,0,0,,,0,,,,,0,,,0.29,N/A,N/A,N/A,0,N/A,N/A,N/A,0,0,0,0,0,0
9/23/24,9,23,#VALUE!,#VALUE!,#VALUE!,#VALUE!,#VALUE!,#VALUE!,#VALUE!,#VALUE!,#VALUE!,#VALUE!,#VALUE!,#VALUE!,#VALUE!,#VALUE!,#VALUE!,#VALUE!,#VALUE!,#VALUE!,#VALUE!,#VALUE!,#VALUE!,N/A,N/A,N/A,N/A,N/A,N/A,N/A,N/A,N/A,N/A,N/A,N/A,N/A,N/A,N/A,N/A,N/A,N/A,N/A,N/A,N/A,0,0,0,,,0,,,,,0,,,0,N/A,N/A,N/A,0,N/A,N/A,N/A,0,0,0,0,0,N/A
9/24/24,9,24,#VALUE!,#VALUE!,#VALUE!,#VALUE!,#VALUE!,#VALUE!,#VALUE!,#VALUE!,#VALUE!,#VALUE!,#VALUE!,#VALUE!,#VALUE!,#VALUE!,#VALUE!,#VALUE!,#VALUE!,#VALUE!,#VALUE!,#VALUE!,#VALUE!,N/A,N/A,N/A,N/A,N/A,N/A,N/A,N/A,N/A,N/A,N/A,N/A,N/A,N/A,N/A,N/A,N/A,N/A,N/A,N/A,N/A,0,0,0,,,0,,,,,0,,,0,N/A,N/A,N/A,0,N/A,N/A,N/A,0,0,0,0,0,N/A
9/25/24,9,25,#VALUE!,#VALUE!,#VALUE!,#VALUE!,#VALUE!,#VALUE!,#VALUE!,#VALUE!,#VALUE!,#VALUE!,#VALUE!,#VALUE!,#VALUE!,#VALUE!,#VALUE!,#VALUE!,#VALUE!,#VALUE!,#VALUE!,#VALUE!,#VALUE!,N/A,N/A,N/A,N/A,N/A,N/A,N/A,N/A,N/A,N/A,N/A,N/A,N/A,N/A,N/A,N/A,N/A,N/A,N/A,N/A,N/A,0,0,0,,,0,,,,,0,,,N/A,N/A,N/A,N/A,N/A,N/A,N/A,N/A,0,0,0,0,0,N/A
9/26/24,9,26,#VALUE!,#VALUE!,#VALUE!,#VALUE!,#VALUE!,#VALUE!,#VALUE!,#VALUE!,#VALUE!,#VALUE!,#VALUE!,#VALUE!,#VALUE!,#VALUE!,#VALUE!,#VALUE!,#VALUE!,#VALUE!,#VALUE!,#VALUE!,#VALUE!,N/A,N/A,N/A,N/A,N/A,N/A,N/A,N/A,N/A,N/A,N/A,N/A,N/A,N/A,N/A,N/A,N/A,N/A,N/A,N/A,N/A,0,0,0,,,,,,,,0,,,N/A,N/A,N/A,N/A,N/A,N/A,N/A,N/A,0,0,0,0,0,N/A
9/27/24,9,27,#VALUE!,#VALUE!,#VALUE!,#VALUE!,#VALUE!,#VALUE!,#VALUE!,#VALUE!,#VALUE!,#VALUE!,#VALUE!,#VALUE!,#VALUE!,#VALUE!,#VALUE!,#VALUE!,#VALUE!,#VALUE!,#VALUE!,#VALUE!,#VALUE!,N/A,N/A,N/A,N/A,N/A,N/A,N/A,N/A,N/A,N/A,N/A,N/A,N/A,N/A,N/A,N/A,N/A,N/A,N/A,N/A,N/A,0,0,0,,,,,,,,0,,,N/A,N/A,N/A,N/A,N/A,N/A,N/A,N/A,N/A,N/A,N/A,N/A,N/A,N/A
9/28/24,9,28,#VALUE!,#VALUE!,#VALUE!,#VALUE!,#VALUE!,#VALUE!,#VALUE!,#VALUE!,#VALUE!,#VALUE!,#VALUE!,#VALUE!,#VALUE!,#VALUE!,#VALUE!,#VALUE!,#VALUE!,#VALUE!,#VALUE!,#VALUE!,#VALUE!,N/A,N/A,N/A,N/A,N/A,N/A,N/A,N/A,N/A,N/A,N/A,N/A,N/A,N/A,N/A,N/A,N/A,N/A,N/A,N/A,N/A,0,0,0,,,,,,,,0,,,N/A,N/A,N/A,N/A,N/A,N/A,N/A,N/A,N/A,N/A,N/A,N/A,N/A,N/A
9/29/24,9,29,#VALUE!,#VALUE!,#VALUE!,#VALUE!,#VALUE!,#VALUE!,#VALUE!,#VALUE!,#VALUE!,#VALUE!,#VALUE!,#VALUE!,#VALUE!,#VALUE!,#VALUE!,#VALUE!,#VALUE!,#VALUE!,#VALUE!,#VALUE!,#VALUE!,N/A,N/A,N/A,N/A,N/A,N/A,N/A,N/A,N/A,N/A,N/A,N/A,N/A,N/A,N/A,N/A,N/A,N/A,N/A,N/A,N/A,0,0,0,,,,,,,,0,,,N/A,N/A,N/A,N/A,N/A,N/A,N/A,N/A,N/A,N/A,N/A,N/A,N/A,N/A
9/30/24,9,30,#VALUE!,#VALUE!,#VALUE!,#VALUE!,#VALUE!,#VALUE!,#VALUE!,#VALUE!,#VALUE!,#VALUE!,#VALUE!,#VALUE!,#VALUE!,#VALUE!,#VALUE!,#VALUE!,#VALUE!,#VALUE!,#VALUE!,#VALUE!,#VALUE!,N/A,N/A,N/A,N/A,N/A,N/A,N/A,N/A,N/A,N/A,N/A,N/A,N/A,N/A,N/A,N/A,N/A,N/A,N/A,N/A,N/A,0,0,0,,,,,,,,0,,,N/A,N/A,N/A,N/A,N/A,N/A,N/A,N/A,N/A,N/A,N/A,N/A,N/A,N/A
10/1/24,10,1,#VALUE!,#VALUE!,#VALUE!,#VALUE!,#VALUE!,#VALUE!,#VALUE!,#VALUE!,#VALUE!,#VALUE!,#VALUE!,#VALUE!,#VALUE!,#VALUE!,#VALUE!,#VALUE!,#VALUE!,#VALUE!,#VALUE!,#VALUE!,#VALUE!,N/A,N/A,N/A,N/A,N/A,N/A,N/A,N/A,N/A,N/A,N/A,N/A,N/A,N/A,N/A,N/A,N/A,N/A,N/A,N/A,N/A,0,0,0,,,,,,,,0,,,N/A,N/A,N/A,N/A,N/A,N/A,N/A,N/A,N/A,N/A,N/A,N/A,N/A,N/A
10/2/24,10,2,#VALUE!,#VALUE!,#VALUE!,#VALUE!,#VALUE!,#VALUE!,#VALUE!,#VALUE!,#VALUE!,#VALUE!,#VALUE!,#VALUE!,#VALUE!,#VALUE!,#VALUE!,#VALUE!,#VALUE!,#VALUE!,#VALUE!,#VALUE!,#VALUE!,N/A,N/A,N/A,N/A,N/A,N/A,N/A,N/A,N/A,N/A,N/A,N/A,N/A,N/A,N/A,N/A,N/A,N/A,N/A,N/A,N/A,0,0,0,,,,,,,,0,,,N/A,N/A,N/A,N/A,N/A,N/A,N/A,N/A,N/A,N/A,N/A,N/A,N/A,N/A
10/3/24,10,3,#VALUE!,#VALUE!,#VALUE!,#VALUE!,#VALUE!,#VALUE!,#VALUE!,#VALUE!,#VALUE!,#VALUE!,#VALUE!,#VALUE!,#VALUE!,#VALUE!,#VALUE!,#VALUE!,#VALUE!,#VALUE!,#VALUE!,#VALUE!,#VALUE!,N/A,N/A,N/A,N/A,N/A,N/A,N/A,N/A,N/A,N/A,N/A,N/A,N/A,N/A,N/A,N/A,N/A,N/A,N/A,N/A,N/A,0,0,0,,,,,,,,0,,,N/A,N/A,N/A,N/A,N/A,N/A,N/A,N/A,N/A,N/A,N/A,N/A,N/A,N/A
10/4/24,10,4,#VALUE!,#VALUE!,#VALUE!,#VALUE!,#VALUE!,#VALUE!,#VALUE!,#VALUE!,#VALUE!,#VALUE!,#VALUE!,#VALUE!,#VALUE!,#VALUE!,#VALUE!,#VALUE!,#VALUE!,#VALUE!,#VALUE!,#VALUE!,#VALUE!,N/A,N/A,N/A,N/A,N/A,N/A,N/A,N/A,N/A,N/A,N/A,N/A,N/A,N/A,N/A,N/A,N/A,N/A,N/A,N/A,N/A,0,0,0,,,,,,,,0,,,N/A,N/A,N/A,N/A,N/A,N/A,N/A,N/A,N/A,N/A,N/A,N/A,N/A,N/A
10/5/24,10,5,#VALUE!,#VALUE!,#VALUE!,#VALUE!,#VALUE!,#VALUE!,#VALUE!,#VALUE!,#VALUE!,#VALUE!,#VALUE!,#VALUE!,#VALUE!,#VALUE!,#VALUE!,#VALUE!,#VALUE!,#VALUE!,#VALUE!,#VALUE!,#VALUE!,N/A,N/A,N/A,N/A,N/A,N/A,N/A,N/A,N/A,N/A,N/A,N/A,N/A,N/A,N/A,N/A,N/A,N/A,N/A,N/A,N/A,0,N/A,0,,,,,,,,0,,,N/A,N/A,N/A,N/A,N/A,N/A,N/A,N/A,N/A,N/A,N/A,N/A,N/A,N/A
10/6/24,10,6,#VALUE!,#VALUE!,#VALUE!,#VALUE!,#VALUE!,#VALUE!,#VALUE!,#VALUE!,#VALUE!,#VALUE!,#VALUE!,#VALUE!,#VALUE!,#VALUE!,#VALUE!,#VALUE!,#VALUE!,#VALUE!,#VALUE!,#VALUE!,#VALUE!,N/A,N/A,N/A,N/A,N/A,N/A,N/A,N/A,N/A,N/A,N/A,N/A,N/A,N/A,N/A,N/A,N/A,N/A,N/A,N/A,N/A,0,N/A,0,,,,,,,,0,,,N/A,N/A,N/A,N/A,N/A,N/A,N/A,N/A,N/A,N/A,N/A,N/A,N/A,N/A
10/7/24,10,7,#VALUE!,#VALUE!,#VALUE!,#VALUE!,#VALUE!,#VALUE!,#VALUE!,#VALUE!,#VALUE!,#VALUE!,#VALUE!,#VALUE!,#VALUE!,#VALUE!,#VALUE!,#VALUE!,#VALUE!,#VALUE!,#VALUE!,#VALUE!,#VALUE!,N/A,N/A,N/A,N/A,N/A,N/A,N/A,N/A,N/A,N/A,N/A,N/A,N/A,N/A,N/A,N/A,N/A,N/A,N/A,N/A,N/A,0,N/A,0,,,,,,,,0,,,N/A,N/A,N/A,N/A,N/A,N/A,N/A,N/A,N/A,N/A,N/A,N/A,N/A,N/A
10/8/24,10,8,#VALUE!,#VALUE!,#VALUE!,#VALUE!,#VALUE!,#VALUE!,#VALUE!,#VALUE!,#VALUE!,#VALUE!,#VALUE!,#VALUE!,#VALUE!,#VALUE!,#VALUE!,#VALUE!,#VALUE!,#VALUE!,#VALUE!,#VALUE!,#VALUE!,N/A,N/A,N/A,N/A,N/A,N/A,N/A,N/A,N/A,N/A,N/A,N/A,N/A,N/A,N/A,N/A,N/A,N/A,N/A,N/A,N/A,N/A,N/A,0,,,,,,,,0,,,N/A,N/A,N/A,N/A,N/A,N/A,N/A,N/A,N/A,N/A,N/A,N/A,N/A,N/A
10/9/24,10,9,#VALUE!,#VALUE!,#VALUE!,#VALUE!,#VALUE!,#VALUE!,#VALUE!,#VALUE!,#VALUE!,#VALUE!,#VALUE!,#VALUE!,#VALUE!,#VALUE!,#VALUE!,#VALUE!,#VALUE!,#VALUE!,#VALUE!,#VALUE!,#VALUE!,N/A,N/A,N/A,N/A,N/A,N/A,N/A,N/A,N/A,N/A,N/A,N/A,N/A,N/A,N/A,N/A,N/A,N/A,N/A,N/A,N/A,N/A,N/A,0,,,,,,,,0,,,N/A,N/A,N/A,N/A,N/A,N/A,N/A,N/A,N/A,N/A,N/A,N/A,N/A,N/A
10/10/24,10,10,#VALUE!,#VALUE!,#VALUE!,#VALUE!,#VALUE!,#VALUE!,#VALUE!,#VALUE!,#VALUE!,#VALUE!,#VALUE!,#VALUE!,#VALUE!,#VALUE!,#VALUE!,#VALUE!,#VALUE!,#VALUE!,#VALUE!,#VALUE!,#VALUE!,N/A,N/A,N/A,N/A,N/A,N/A,N/A,N/A,N/A,N/A,N/A,N/A,N/A,N/A,N/A,N/A,N/A,N/A,N/A,N/A,N/A,N/A,N/A,0,,,,,,,,0,,,N/A,N/A,N/A,N/A,N/A,N/A,N/A,N/A,N/A,N/A,N/A,N/A,N/A,N/A
10/11/24,10,11,#VALUE!,#VALUE!,#VALUE!,#VALUE!,#VALUE!,#VALUE!,#VALUE!,#VALUE!,#VALUE!,#VALUE!,#VALUE!,#VALUE!,#VALUE!,#VALUE!,#VALUE!,#VALUE!,#VALUE!,#VALUE!,#VALUE!,#VALUE!,#VALUE!,N/A,N/A,N/A,N/A,N/A,N/A,N/A,N/A,N/A,N/A,N/A,N/A,N/A,N/A,N/A,N/A,N/A,N/A,N/A,N/A,N/A,N/A,N/A,0,,,,,,,,0,,,N/A,N/A,N/A,N/A,N/A,N/A,N/A,N/A,N/A,N/A,N/A,N/A,N/A,N/A
10/12/24,10,12,#VALUE!,#VALUE!,#VALUE!,#VALUE!,#VALUE!,#VALUE!,#VALUE!,#VALUE!,#VALUE!,#VALUE!,#VALUE!,#VALUE!,#VALUE!,#VALUE!,#VALUE!,#VALUE!,#VALUE!,#VALUE!,#VALUE!,#VALUE!,#VALUE!,N/A,N/A,N/A,N/A,N/A,N/A,N/A,N/A,N/A,N/A,N/A,N/A,N/A,N/A,N/A,N/A,N/A,N/A,N/A,N/A,N/A,N/A,N/A,0,,,,,,,,0,,,N/A,N/A,N/A,N/A,N/A,N/A,N/A,N/A,N/A,N/A,N/A,N/A,N/A,N/A