Date,1970,1971,1972,1973,1974,1975,1976,1977,1978,1979,1980,1981,1982,1983,1984,1985,1986,1987,1988,1989,1990,1991,1992,1993,1994,1995,1996,1997,1998,1999,2000,2001,2002,2003,2004,2005,2006,2007,2008,2009,2010,2011,2012,2013,2014,2015,2016,2017,2018,2019,2020,2021,2022,2023
2021-06-01,0,0,0,0,0,0,0,0,0,0,0,0,0,0,0,0,0,0,0,0,0,0,0,0,0,0,0,0,0,0,0,0,0,0,0,0,0,0,0,0,0,0,0,0,0,0,0,0,0,0,0,0,0,0
2021-06-02,0,0,0,0,0,0,0,0,0,0,0,0,0,0,0,0,0,0,0,0,0,0,0,0,0,0,0,0,0,0,0,0,0,0,0,0,0,0,0,0,0,0,0,0,0,0,0,0,0,0,0,0,0,0
2021-06-03,0,0,2.2,0,0,0,0,0,0,0,0,0,0,0,0,0,0,0,0,0,0,0,0,0,0,0,0,0,0,0,0,0,0,0,0,0,0,0,0,0,0,0,0,0,0,0,0,0,0,0,0,0,0,0
2021-06-04,0,0,2.2,0,0,0,0,0,0,0,0,0,0,239.4319138,0,0,0,0,0,0,0,0,0,0,0,0,0,0,0,0,0,0,0,0,0,0,0,0,0,0,0,0,0,0,0,0,0,0,0,0,0,0,0,0
2021-06-05,0,0,2.2,0,0,0,0,0,0,0,0,0,0,0,0,0,335.8814643,0,0,0,0,0,0,0,0,0,0,0,0,0,0,0,0,0,0,0,0,0,0,0,0,0,0,0,0,0,0,0,0,0,0,0,0,0
2021-06-06,0,0,2.2,0,0,0,0,0,0,0,0,0,0,0,0,0,0,0,0,0,0,0,0,0,0,0,0,0,0,0,0,0,0,0,0,0,0,0,0,0,0,0,0,0,0,0,0,0,0,0,0,0,0,0
2021-06-07,0,0,2.2,0,0,0,0,0,0,0,0,0,0,0,0,0,0,0,0,0,0,0,0,0,0,0,0,0,0,0,0,0,0,0,0,0,0,0,0,0,0,0,0,0,0,0,0,0,0,0,0,0,0,0
2021-06-08,0,0,0,0,0,0,0,0,0,0,0,0,0,0,0,0,0,0,864.8326168,0,0,0,0,0,0,0,0,0,0,493.7142907,0,0,0,420,0,0,0,0,0,0,0,0,0,0,0,0,0,0,0,0,0,0,0,0
2021-06-09,0,0,0,0,0,0,0,0,0,0,0,0,0,359.1478706,0,0,0,0,0,935.0201959,0,0,0,1880.816082,0,0,0,0,0,394.6466206,0,0,0,433,308,0,0,0,0,0,181,0,0,0,0,0,0,0,0,0,0,0,0,0
2021-06-10,0,0,2.6,0,0,0,0,0,0,0,0,236.4700567,0,0,0,0,0,397.0565042,269.678988,623.3467972,0,675.6723383,0,0,0,0,0,0,1725.48575,2.6,349.7653177,349.7653177,411,0,900,294,232,0,609,807,0,379,2187,0,0,0,285,0,0,0,0,0,387,514
2021-06-11,0,0,2.6,0,0,0,0,0,0,3222.104169,0,0,4755.50423,0,814.1324818,1202.82005,213.74275,1396.101902,251.0804371,1508.09709,1367.036315,1340.268081,0,2226.886241,0,0,0,0,1729.686746,1593.366934,962.4938074,962.4938074,0,873,154,1367,231,0,610,256,0,515,1681,1824,0,243,427,0,0,0,276,458,645,0
2021-06-12,0,0,2.6,0,0,0,0,0,0,5108.392943,2496.737936,0,4809.77532,750.2199965,286.7966697,1266.126368,969.4760446,0,269.678988,1829.824469,462.37993,664.5957426,1097.621148,2272.025827,0,2000.287893,5028.7907,0,429.0583998,767.5323386,1290.284341,1290.284341,0,146,0,303,708,0,1004,264,0,2253,1310,376,654,1219,0,1042,0,0,0,0,0,1029
2021-06-13,0,0,2.6,0,0,0,0,670.6097414,3725.236397,4704.712466,2275.002773,5227.677324,3344.4559,6121.475928,786.3779654,4639.448763,0,550.7557961,1701.767407,1136.099808,0,974.7404225,0,2317.165413,1578.316358,508.0900048,3193.150844,0,1734.727941,2.6,522.9981203,522.9981203,2027,562,308,1002,0,0,0,1350,500,683,728,1004,332,2185,848,1409,0,0,0,0,0,340
2021-06-14,3301.73749,2428.177229,2.6,3483.185699,0,0,2748.010469,3959.176742,7619.582099,5372.620164,2820.471274,1562.391446,2048.733634,742.2389327,804.8809763,1980.58339,496.1885268,2407.955574,1311.197838,6947.300595,472.4316676,1971.634036,0,1775.490381,2297.111325,1944.583673,4319.097456,576.7172066,1669.192404,2.6,1236.262996,1236.262996,335,288,372,1347,343,0,412,1767,254,679,1967,1226,667,956,1126,468,0,393,0,0,0,1701
2021-06-15,652.0746014,1079.974175,2145.940749,882.8573171,0,0,540.4037324,6099.969378,4846.189503,4308.371634,1432.409153,396.9318808,1506.022738,2250.659989,0,4214.392054,0,0,2166.73118,2141.497868,1246.415463,3001.757437,0,0,519.8017128,1024.620043,9938.180308,1370.831369,857.8433728,0,1249.997236,1249.997236,669,0,972,1597,238,2153,400,531,180,258,3848,2626,332,368,567,0,0,0,0,0,0,0
2021-06-16,39619,445.2365936,560.9449983,1601.686499,0,2678.273636,2592.78812,2366.478607,8078.593069,7809.382315,4434.703262,2128.23051,1689.187665,2689.618498,1285.959261,3644.635188,473.2875178,2305.489379,2947.870317,2392.847383,1568.071067,6590.574448,0,0,503.4461029,504.7139915,7576.598694,1653.857594,2130.473076,0,2638.805355,2638.805355,0,1197,2119,854,444,2755,1031,267,1058,761,732,1741,997,519,3108,1880,0,0,0,0,0,510
2021-06-17,1717.830939,7.6,600.0806959,2634.098881,7498.822356,3082.093164,1029.066682,2972.606642,8209.048818,6253.377568,13596.8002,1807.306862,3086.668224,2458.167648,397.8147354,6176.887925,259.5447678,5251.392475,1311.197838,3669.702919,1196.156775,2082.399994,2193.480464,2302.118884,4.6,1529.334035,6825.155056,1939.463453,1580.982806,0,5657.591356,5657.591356,704,1013,201,1369,234,6971,1394,1817,1226,1270,4978,556,1995,368,2256,704,368,0,0,0,0,0
2021-06-18,1156.906551,2598.126288,601.2806959,4597.612149,12966.71366,4477.645945,172.4692763,3933.38406,3275.888816,6025.848572,2669.691363,0,7021.322223,3711.194663,434.8207573,6421.069439,465.6538482,3944.948493,1274.000737,1216.531653,1336.881102,4785.089347,547.9296582,3174.817546,403.9494758,3455.349634,3937.631686,677.7407451,6200.397951,706.4661726,11934.45977,12152.05977,0,1135,911,2596,702,2905,861,2103,1878,503,2916,1473,1774,0,0,235,0,0,0,0,488,4103
2021-06-19,876.4443568,1475.800185,6488.263419,2281.920825,6924.315804,1864.696057,339.1895767,915.6402238,5817.360081,3640.463936,3467.937951,1207.686361,6899.212272,5682.51742,1646.767975,10707.81157,732.8322857,4252.347077,1990.044946,4725.370882,2794.383055,8905.582951,1645.550806,7132.054583,3123.921497,1415.393585,6726.716759,1602.293081,4397.33049,673.1729392,5322.796531,5540.396531,895,1360,613,749,690,2462,4329,1387,1840,1504,1491,992,3984,3240,5975,470,0,0,0,461,0,2473
2021-06-20,1507.484294,226.4182968,4893.239578,4182.717453,8380.740307,2197.253315,356.4365043,2095.655442,1212.755299,8154.345632,3321.592743,6004.650368,3419.078648,4245.925937,2599.673038,1266.126368,0,3022.752742,3096.658725,4996.828359,4101.108944,3057.140416,2556.417794,10216.59296,4087.539515,2119.292362,8938.634787,3451.397752,6081.929865,1688.210544,13964.38048,14181.98048,3354,2346,2105,1167,1603,5176,918,1406,722,2434,3296,1724,2472,1482,427,704,0,0,0,0,975,6348
2021-06-21,645.0630466,1327.02709,6563.029341,1524.496788,3225.299938,3159.293956,0,2418.063971,3029.472401,5086.374008,4164.186363,4737.846493,6641.424596,2649.713179,1683.773996,3698.897747,946.5750357,4188.305706,4017.286994,4695.208941,944.8633351,3334.055309,2743.171954,6725.798309,6312.080026,4396.285308,9647.390524,7476.933076,7034.987816,778.73685,7645.714361,7863.314361,6777,3811,1527,5605,1066,6564.8,932,500,2336,2651,2133,1235,1320,488,4662,935,0,0,0,461,975,7123
2021-06-22,5938.866832,218.8182968,2049.378889,3734.052259,3905.636644,1811.249355,356.4365043,2082.759101,5483.973166,3677.162161,3654.195488,9078.761104,8527.344961,1452.55361,425.5692518,2604.602815,374.0498125,3099.602388,3450.031192,3086.572044,623.2077317,3466.974457,2556.417794,4032.46968,5066.327736,4648.642303,13812.29929,1947.548575,9369.842242,2004.090246,11067.37141,11284.97141,7187,4495,7608,5006,2611,4309.8,0,1215,1064,2519,4052,0,2006,974,6782,914,716,0,0,0,2896,4511
2021-06-23,5336.123536,444.6952483,2433.013248,2870.49237,8572.242491,1526.200276,712.8730086,5319.740737,6455.143744,5710.243836,3565.501422,5751.289593,7272.326013,3399.933175,1110.180657,15121.16634,0,4726.253227,2027.242048,4112.078066,2352.1066,1750.102122,1458.796646,2693.328629,6212.583399,9787.778582,14056.98877,13978.21406,6649.277266,2259.067692,23689.73315,23689.73315,5740,4423,14616,5328,4095,2496.8,3068,1049,1792,4519,10372,2560,5017,2193,11962,1420,244,532,413,308,5089,7967
2021-06-24,6766.480726,670.5721999,5964.688404,921.4521725,5125.203183,0,1488.984752,3972.073084,2048.638434,7809.382315,4448.007371,7068.765623,23574.00457,3727.156791,2081.588732,17481.58764,2771.02208,1396.101902,6360.704407,5801.146807,1749.002344,3068.217012,6582.203225,4829.935698,4502.059194,13205.14807,37474.05329,9969.005957,7042.490487,2821.80454,20206.72983,20206.72983,10184,7567,1821,2603,2452,6263.8,1824,1017,272,2442,0,571,2218,2175,14909,931,246,266,820,0,14946,10423
2021-06-25,9010.17828,0,5041.982368,2980.841279,4706.922097,1086.749613,1431.494993,3133.810907,889.0317732,3701.38299,3840.453025,10269.55675,20175.27758,4828.543594,1961.319161,22627.48695,3404.616661,8133.254199,5096.002946,1870.040392,1879.674933,1417.804251,13527.34378,8079.985888,4668.341228,8922.675168,18547.65011,10111.57369,6842.523079,4060.962447,37230.7784,37230.7784,11728,6948,3489,3552,2445,4983.6,2203,2606,2066,4444,2094,719,8639,1098,11323,0,969,266,0,0,9917,4086
2021-06-26,7530.740205,967.0356988,3682.408422,7161.219939,7040.225021,825.4546239,2592.78812,3372.393219,5657.914165,9358.047417,5782.853053,25935.698,17950.1629,6536.491246,1591.258942,23504.73165,5771.05425,11143.19867,3152.454377,6109.814376,4837.311247,2746.995736,9873.304838,8095.032417,2225.725918,13400.24088,20003.5994,8741.562684,8819.511773,1782.406033,22433.50798,22433.50798,6613,6515,11353,5569,5018,5229.8,5101,1377,7312,2636,4006,3966,4285,4531,12583,0,491,266,827,461,13384,5777
2021-06-27,6759.389301,3063.456155,5311.766912,8396.255311,11721.94946,1348.044602,2834.245107,7789.390073,8605.247761,8308.478177,10115.55814,10945.18548,17319.26148,16816.10141,7179.168248,12426.12593,4022.943902,13730.47008,8029.763084,6220.408163,3480.32667,3566.663819,12803.23095,26015.44805,1527.886561,20052.00406,30866.90446,10068.0943,11694.73252,2932.240631,54038.66857,54105.66857,2955,11035,5665,3637,3058,5701.8,3335,698,2561,12633,7098,1972,2020,2427,11944,1761,719,0,0,0,2888,3038
2021-06-28,9928.361674,2512.521251,3720.248545,9023.421711,15572.15126,902.655416,1764.935594,25979.67931,14050.56737,4858.845012,10337.2933,8892.963203,18967.74583,8771.189107,2553.415511,25304.43984,5542.04416,16881.30557,7174.229743,13147.6008,7480.918238,3710.659563,7204.129815,9479.313053,14621.95895,4350.166101,13841.94862,16062.50771,9022.899099,5047.578999,18647.66323,18714.66323,17283,5055,5979,2216,11116,4574,5689,2735,7683,2550,4900,5660,3341,2921,3934,2542,368,1055,556,923,4771,1021
2021-06-29,5985.690851,4500.375439,4013.766276,8951.056358,21690.14208,2731.720338,1839.67228,6209.588278,10518.59875,4000.106543,11898.30885,6874.522362,15460.47666,4429.490405,1433.983349,14524.2782,3290.111616,18584.80605,11061.32688,6129.922337,3500.430145,3666.35318,7204.129815,43571.46444,7544.068753,12969.97211,24644.84855,26696.70004,20275.78062,3600.54139,18943.4072,19010.4072,7289,6049,7240,3581,21478,2779,17912,3641,5941,1989,6415,2117,9088,5760,21230,1627,1090,1329,0,0,3399,4410
2021-06-30,8908.432802,1888.673187,4013.766276,13414.19781,7559.296729,7578.838315,1103.803368,11226.265,8518.277261,5901.074606,11153.2787,10978.96692,21111.45387,6783.904223,3885.632299,11232.34964,5694.717553,7300.716367,13200.16023,11669.66565,9189.713631,4109.417009,11107.83795,26721.12694,7162.437855,18978.43182,34089.29999,14280.53113,8276.055787,2425.533859,23752.85778,23819.85778,13246,17281,8174,2944,18956,1781,13795,4151,12315,3879,7290,1469,18101,3893,22100,1407,1099,532,1111,0,8468,8836
2021-07-01,10408.90554,2693.359827,3807.912321,8978.128236,5870.144548,10129.05542,0,13296.12776,10392.9747,14048.08059,14013.66231,18731.80663,19300.15626,5123.842954,4227.938002,13725.42337,8626.046696,2369.530751,12195.83849,10506.40973,6543.681183,3090.370203,16559.72252,27052.15057,8990.177265,52144.38669,28033.24483,15346.20166,7869.399379,7350.496316,26322.45734,26389.45734,15365.6,11707,7861,3712,15524,940,9470,14440,12799,18233,7597,3856,21475,3349,10938,4116,734,3457,3273,9104,12124,5351
2021-07-02,20484.50987,4295.674452,4976.756206,14103.35323,5355.4114,10877.30925,511.658853,8705.030297,17964.23985,7009.361006,6496.840278,14475.34561,16586.60177,5195.672529,4200.183486,12459.15655,9900.869526,3202.068582,16822.38929,8857.556909,3468.777627,11890.98721,21873.36121,36320.81222,13558.84431,18605.20941,27768.31128,28302.23984,16948.0467,8972.120392,19491.11926,35109.11926,9896.6,3964,16462,1301,14869,3656,3807,22664,5529,4178,8277,3420,22654,3224,11478,2333,6525,3191,823,9150,23243,12067
2021-07-03,22791.31141,2820.775447,8872.838865,11253.73225,7557.686514,10307.21109,310.4446973,21059.72515,17560.10123,3948.729028,18501.58201,25336.0775,22339.33728,8196.552514,7151.413732,12178.8,4580.201785,4444.471192,13818.72332,14256.04895,2463.603866,6086.851059,21873.36121,36757.16155,11048.21451,41058.23001,69432.0633,36514.92257,10030.68677,7961.954968,20589.558,36207.558,36120.6,6155.8,11981,4434,42661,3100,908,24162,1798,4813,2853,5289,7952,8138,15257,3427,2555,1994,1111,15839,31279,21674
2021-07-04,8546.008944,7460.998055,6101.537784,8161.319459,9906.108031,9962.776787,707.1240328,12332.04679,12234.77686,5512.07342,9632.175484,21003.60825,26165.4491,11420.90229,25950.47286,14674.8777,931.3076964,8658.393446,22015.77429,13512.05438,4594.572239,11957.44679,27276.89903,19682.63407,6081.560959,74230.93859,70925.51288,25778.2646,12174.78133,5451.96998,46920.55785,62538.55785,34046.6,5590.6,22441,14514,45041,3407,5012,17538,15302,6608,4885,4638,29399,12328,6782,2535,8931,1595,417,19101,36073,33280
2021-07-05,10615.49405,1948.188707,7695.781566,8470.078302,9860.752251,4961.257226,3095.635291,10560.75638,13505.19487,10253.48411,8705.322503,24491.54158,23677.50801,18524.04906,14746.89973,15515.94736,3381.715652,10118.53672,22887.0267,27436.81752,12243.94456,16509.92762,41779.04665,53258.21494,23156.85308,31294.95126,39029.62974,70076.48824,18311.59621,14069.23323,58376.06097,73994.06097,34863.6,21060.4,23181,12421,45683,5518,16940,16648,37459,5961,3926,14339,34603,10734,11561,3052,7735,2393,2471,13463,19178,35146
2021-07-06,8916.92221,7033.024371,8785.058481,8706.471791,29203.38206,5148.698985,7302.439873,10410.57548,15679.45736,13101.26638,14984.86232,31538.28562,21791.25127,8364.154854,15098.45693,18051.20406,4732.875178,17401.90743,22840.53033,19172.44546,7197.972279,51622.73602,46719.51088,43505.40506,18315.30479,23069.2948,28680.23962,27153.27306,26532.70893,8703.338435,38041.67949,61748.27949,101016,13380.2,8496,2013,72171,4972,13932,8536,41990,12386,1090,2922,47424,5367,9067,13869,723,5328,5624,12873,17622,33907
2021-07-07,14798.42118,4078.967726,7761.007728,10190.61578,32721.67578,6683.998753,7181.711379,13118.80713,24569.77509,18782.15164,18905.14,48592.84002,29225.11465,10016.23506,17957.17213,7515.364371,6148.176937,18618.69349,46646.67548,25375.75149,11660.01562,37272.74457,43159.82796,69219.92253,12849.80514,47947.98097,56424.05342,25036.55903,13073.26303,7508.842182,63158.79678,71247.39678,60757,20350,26076,8722,25999,4586,20373.2,1057,9560,19122,2880,1109,50480,15274,21458,5518,15804,3988,2461,7770,31490,33446
2021-07-08,19993.98332,8158.870163,4765.046113,12885.85734,17069.89033,8487.703703,8320.008603,20553.54782,29626.83544,11985.64034,39408.63845,57083.46782,30229.12981,11524.65612,18410.49589,40717.49502,7621.475178,22166.58548,54039.59946,50290.01096,7820.251859,65865.60681,57509.94715,65714.08136,16736.98843,50866.26188,107975.2531,32934.22126,11699.53736,9130.466259,55693.41087,63782.01087,46702.6,15772.8,14602,4548,54493.8,4553,10562.2,8015,4918,16039,11409,4817,73431,12682,28800,6624,14249,3664,4855,3134,23239,41301
2021-07-09,22959.87103,7085.954643,2644.385,25181.07776,28053.75191,8701.490512,7969.321074,21736.86659,34642.93137,15685.96662,17487.9557,64101.56129,34129.86438,23153.06606,21603.29179,49457.03192,10652.04203,21833.57034,92190.13732,43071.25289,6768.762985,49837.21378,67638.71758,91070.78667,35595.00668,50956.56856,93491.74154,50684.30532,21591.43267,13323.78961,51166.89079,70032.09079,18945.2,55261,14675,6794,52751,18303,12245.2,7968,9058,33359,13968,3677,59371,15453,18547,3488,18324,6244,4450,3137,23165,47104
2021-07-10,29347.3975,9323.548194,3888.873204,87097.79348,35484.82887,8748.998691,5908.501441,21838.08082,24648.60278,30552.47347,15141.99768,85442.9839,25546.50318,15491.24482,20733.65027,85424.06453,7751.247562,20680.82565,51201.865,66830.1369,11091.01016,46411.10632,99069.79508,73683.49605,44437.90443,94837.83962,111819.0774,48994.91066,15463.01978,7985.503841,99068.43401,130648.234,36741.2,78283,24755,6002,28595,26405,33459.6,13916,16453.4,38591,154770,16110,72804.2,21255,22332,6499,12958,1595,11315,2746,50006,39893
2021-07-11,20255.18642,4309.299078,5802.43647,78749.43703,40786.41564,9497.252523,868.0953573,54420.84286,35866.49448,54765.96244,34915.58653,70330.17044,43232.43089,16167.39313,34268.60278,72708.53829,8850.495991,33224.66361,44410.51355,40263.1299,10447.69895,41936.16166,71853.71539,88567.1722,39343.41969,65924.47457,142105.6215,43761.81364,12520.87858,8572.601591,78275.35334,101766.5533,46982.8,49103,35263,9164,50657.4,81221,47186.6,8395,26309.4,47319,120179,6932,28711.2,10671,7395,8962,11790,4242,17010,6206,51731,48870
2021-07-12,43485.66321,9731.286115,4940.162964,82087.80107,51409.74731,4576.994945,7491.836914,57448.20383,34581.26876,39998.59663,33039.70705,57350.43269,50303.69335,9814.466351,30142.43134,90615.18264,6748.163964,26192.921,67297.4414,48955.58206,12890.27119,61818.65096,69218.84376,77673.48545,42220.17407,63295.33203,115310.072,53165.8377,15659.02005,7755.699327,74744.79921,111805.3992,52828.2,15675.2,26452.2,17863,61241.4,70293,81865.4,15964,19188.4,45236.4,79330,11928,26519.2,7899,11764,3466,18186,2127,11490,14764,40550,28122
2021-07-13,36025.27021,8538.373465,6492.545634,62805.38282,40583.83608,5196.207165,5152.003732,47690.01607,37837.68342,31829.57171,20438.84982,82365.53676,51174.69482,21083.72843,36192.91592,79226.60057,8465.739633,43460.11251,61606.23336,62588.77976,25645.92621,51491.09504,43971.79734,89309.54967,33056.33297,58789.48085,93159.8885,77327.32803,16181.62394,5832.81209,95938.47704,140512.077,59869.6,46038.8,19962.2,8470,28684.6,38698,106865.4,13497,15451.4,24666.4,39462,4222,42528.2,15238,16827,17320,20121,4343,10185,16339,41779,47244
2021-07-14,23712.97989,16931.11395,7464.415457,63212.40108,34397.60816,5368.424316,7267.626855,51070.2113,44776.47194,35138.60643,28935.6858,91504.18336,62347.7554,31554.88412,54953.94252,92519.59465,15769.22992,30434.09751,113951.8549,70973.79958,30677.90318,26214.86266,31712.66046,67600.62001,38405.98039,89773.6871,162979.7855,42056.62477,9471.56296,14264.93248,76121.91881,109918.9188,71687.8,31209,23914.2,12168,46715,16774,146657,14613,23298.4,15484.8,29655,14850,89537.6,17314,9622,12306,29709,4910,24426,16896,72558,32197
2021-07-15,20627.89575,13098.26442,5604.075909,87622.72817,43095.43443,8628.673155,7526.330769,49471.065,39053.61619,24617.16944,28166.06521,103745.602,110838.974,28793.43605,122637.9566,75097.5022,16456.26019,48954.86219,96311.07496,70419.5028,31492.09392,50096.74052,70245.68153,74794.68997,62595.92747,100514.9455,136531.9952,67025.54173,24558.17961,15204.45128,90604.3401,129520.3401,44948.2,34118.6,31424.2,12765,65963.4,32718,63547.6,19819,33624,17768.2,69634,19988,122741.6,10256,42510,6871,54346,7909,13756,15456,80516,23731
2021-07-16,42945.67486,15124.09833,6182.152054,56943.35671,22584.57758,11467.2869,8630.134137,49492.12643,25115.48054,55394.36866,28429.8883,125633.7397,143808.661,46361.99957,40402.1097,124783.9184,49632.18845,46226.69976,86503.21973,58494.45737,32263.50465,55968.70164,96230.93725,108529.0072,74658.35044,61033.13198,129350.9014,64064.13111,19518.66487,12631.12795,180352.4628,236650.2628,49727.6,41917.6,35501,17663,56661,34350,69395.4,17748,45365,37993.8,90147,8480,69200,23621,20429,10867,40078,13448,10009,10594,50379,33080
2021-07-17,38773.79972,35928.5526,12908.25758,99134.7144,31714.39394,14359.34734,10647.10332,26765.6043,25951.54095,91161.53102,27968.97016,126300.3525,99406.94861,48748.33764,34647.55997,113198.8621,60693.37576,81193.28868,60793.76288,40282.13565,39189.15186,56115.22208,181850.6723,131302.8652,39404.69917,49142.88524,111649.5283,73412.50836,13003.76286,32478.76725,112119.2038,154847.6038,60989.2,62425.8,20203,12804,64501,27177,80647,23530,32694,40437,49563,14533,70008.2,25651,15595,18682,29675,11112,4829,34395,149502,78558
2021-07-18,16680.489,49939.98225,49617.54188,111805.9567,40271.51784,12031.44653,11819.8944,14465.93239,22676.67947,65269.71321,32269.96086,137091.6307,143304.7585,45492.25008,63015.39949,121165.5901,43509.9854,125610.7463,51254.06055,43461.84121,57151.60697,65607.86461,166214.4142,91980.92262,29861.81141,107009.3269,123478.0019,53037.00651,16387.73112,27481.53411,125226.0358,184618.2358,43287.6,73957.6,21010,11973,62716.6,67976.4,70830,32138,32928,33284,82281,22866,98173,36046,11766,32823,31793,1991,4413,15242,89717,74116
2021-07-19,16079.02948,56716.2908,73216.36751,116886.9937,58131.61625,47704.15103,21598.90237,12772.75001,24694.38104,79612.69842,31751.10057,129406.4658,102143.4348,36012.6661,68751.33289,103373.8191,47802.0393,105719.4963,73907.09983,49926.55074,78491.44591,90829.27304,72115.00073,95814.89489,90837.63852,116774.9577,183694.7946,53090.87287,6245.686703,39538.55679,122338.9793,181731.1793,41100.8,50674.4,41921.6,14285,70012.8,61632.4,118603.4,53070,36049,21658.6,46042,22656,56947.6,28857,29136,22222,30142,17088,18233,19050,91831,38462
2021-07-20,21995.26612,60189.14893,40987.50535,129502.2929,65340.78178,131942.0923,19954.69527,29295.74565,30382.21646,75238.26998,28094.88731,124119.5549,105270.8064,46356.12477,121993.7469,128329.3635,56084.57086,51656.63226,79230.805,48659.74918,47833.64621,101365.8174,66849.75777,83294.35379,38407.78019,111250.4839,148028.0196,70467.37767,29617.50757,39660.36131,123178.2124,164736.8124,48227.4,43893.4,22332.6,12286,65426.6,40239.4,172834.2,36192,47738,41931.2,12009,17321,75097.2,32487,24052,17987,43353,16551,37404,14302,63745,39078
2021-07-21,35499.32679,54903.47027,34784.49729,116684.8037,80504.67473,81571.2314,42611.40919,49426.93424,25415.2346,68711.25794,24199.79523,108282.6415,132772.6811,41024.77416,75874.20681,141714.1279,28206.90392,53379.89499,96778.53777,48162.46483,53445.08886,57533.25138,111162.9755,87116.17207,34055.66434,116749.3486,115367.492,66793.66913,37559.91051,30944.84242,111084.1514,171382.1514,85161.4,50889,43923.8,11407,113751.6,74705.4,151491,35677,44298,49267.6,79149,15293,76631.6,24620,60980,17041,68267,9011,36217,12883,112812,33658
2021-07-22,35204.84148,52526.16834,78642.56902,94736.53866,49881.39423,34566.94269,59211.34825,105835.5306,32174.59281,63447.66035,20449.168,115993.8755,147603.7945,49309.11837,68735.03182,169924.5452,30877.74617,52368.04131,61985.49758,55158.78526,46351.36468,67048.13805,120998.35,90854.2976,67810.52137,146822.0196,152766.4661,79919.21489,22626.21011,22571.1882,108471.9013,168769.9013,57132,41589.8,27284.8,25824,90897.2,70926.8,63765.2,32714,36839,56108,112572,10466,64024.8,12972,67863,14711,76287,25350,40425,23925,87700,25137
2021-07-23,40870.17781,48658.02555,89580.99648,77122.79619,59638.00037,41380.1963,43579.88284,114532.7808,31999.77186,47004.4056,18309.86952,121642.7196,121732.7515,36483.36239,68910.8583,130159.0215,49338.40951,47014.18264,79680.71595,66290.21222,50828.38577,59683.84458,129189.1055,85317.44066,55815.04445,135307.3968,163364.8664,92447.05836,12606.34864,11861.32343,166033.1601,242831.5601,40207.2,24962.4,21523.2,20495,65022.6,39011,104427.4,30684,26484,37171,68148,6160,88197.6,15649,20441,18516,64168,30219,34532,37664,90281,24543
2021-07-24,33134.89861,55264.92638,76581.0976,58395.00413,67505.55913,47794.00875,65598.46045,101913.615,32424.45582,51276.14959,20997.2997,119918.9864,86894.19798,46433.82914,84120.3333,106146.1956,51491.10435,70786.3398,38214.30432,60719.98898,59156.31763,64269.58584,83233.78188,135465.2605,76268.34732,176142.2976,222874.3552,64632.20992,8053.309234,19546.37614,226211.0462,346283.8462,36803.2,46029.4,21808.2,19184,53909.8,37822,113087,10343,30219.6,37818,51136,11406,75311.2,21309,14505,23803,56649,7711,57334,23954,89666,41973
2021-07-25,19190.43166,55088.46001,31457.83104,51847.9124,85828.25093,75241.85962,71209.4609,65169.01406,20461.96355,58778.56365,16216.68958,106545.1424,91826.08325,48231.31962,107008.5578,137144.6381,65895.83896,52251.90495,35611.80725,45367.5606,72233.62826,73097.63262,135297.3242,80498.4307,47410.7724,146825.209,242133.7137,69686.9691,13830.51886,27077.14313,196231.1245,316303.9245,42098,24073.8,39970.2,17244,33478.6,52508,72301.4,18712,19717.6,58978,50653,13911,45909.8,39629,26099,21321,39012,11682,39147,39946,112200,36623
2021-07-26,11001.12957,48585.20763,38132.21877,56118.61315,72293.84175,45365.46636,47715.74229,69192.7317,20559.93391,82344.95945,19915.2321,67420.77434,121001.3715,40481.70668,113016.6651,148729.6943,48826.45905,45597.45661,47262.46063,45860.20565,98147.00781,78271.51425,104750.3192,71487.57087,53398.49065,102500.5235,274672.7264,77763.81401,15145.4306,15543.87986,196041.8089,279993.4089,89975.2,50586.2,42755,20400,80439.6,59619,70608,27946,22273.6,75123,25432,29584,54695.4,28540,15361,20787,18074,25950,32269,37444,95900,22246
2021-07-27,10517.33228,48359.34311,37956.10813,58053.31795,78764.46352,30567.55168,30274.99036,74817.13896,19192.56439,98541.99307,25355.19027,61256.57069,95948.17441,52245.7947,47552.0578,115771.3032,44285.36774,55826.7543,58970.24842,42105.72225,76633.48676,91837.72835,75800.87299,77476.08928,46564.90661,71040.31102,233774.0365,74014.20472,17313.9847,14580.81218,186735.7446,303866.5446,68770.6,43807.2,16756,24780,138572.6,53830.6,61775.4,46672,37729.6,57872,33449,13436,75796.2,22742,28556,20632,31647,25514,37760,37221,104764,14138
2021-07-28,13686.55508,60805.34159,43024.18096,55483.75805,113149.1107,42350.09594,47112.42137,92057.62946,18714.22664,118241.6003,23849.83414,59457.31679,83274.85177,48207.37643,41026.97483,154705.6253,29994.53237,40597.71613,103244.0988,30022.00198,71533.25794,69333.17989,69058.49377,71367.19864,90460.63773,93772.43612,215827.5228,70664.69459,19566.55873,4477.53388,161800.2546,238253.8546,30838,32996.6,36037,9263,111656.4,32824,119310.2,37981,41819.6,41566,29540,16193,53902.6,48601,27676,36596,52322,16794,61159,25338,88795,18520
2021-07-29,15740.94065,54946.65816,19269.13723,49992.58225,96600.82616,28738.79425,88769.50057,72728.51783,15271.20504,135378.2821,31546.34199,77825.97298,101699.8867,38997.22881,34809.96315,153154.6269,30377.98011,67046.80262,70837.06201,27086.55763,48454.27957,48750.10282,79590.40977,73455.24617,78165.30796,110159.6129,281869.3074,74879.06418,29302.78694,3771.067708,181596.4562,240066.0562,45984,36711.6,13208,8606,79006.8,48835.4,87922.2,26545,34095,56290,60987,10750,56718.4,30332,47142,15053,57441,13790,43864,44412,160235,19940
2021-07-30,23993.54071,65922.86627,14273.23567,46733.62633,82390.02504,50693.51184,91253.05814,92229.86243,9655.061917,122158.0507,27619.96229,78595.36388,104935.8004,46753.07169,34825.12032,96628.61828,34362.75566,76358.41805,60230.06833,34516.4493,63548.30779,54643.69078,90641.85423,72119.02151,36803.3853,87319.82771,200448.3338,78740.52633,15531.08202,8435.368507,175536.669,255851.269,29786.4,54613.2,15495,10586,68126.8,67766.4,79018.8,13644,16899,74524,25467,10497,58630.6,26686,75347,11094,69425,15519,34815,20551,165064,26110
2021-07-31,14520.9301,42976.15736,12255.99595,41457.80418,81072.96357,62273.63066,76010.1773,94188.11266,11924.62183,55760.76801,23453.91062,63927.64373,97957.38787,26975.99562,26365.3547,107582.577,37889.51103,76255.95186,115329.6141,50326.40517,83561.31737,53620.69543,62677.0399,58093.64597,17605.7861,56499.01842,98270.32,98894.35323,7793.687685,13279.12795,96948.60483,177263.2048,52961.8,30900.4,59608,14015,66026.8,43759.4,50386,14773,16684,73706.8,40317,17507,57115.2,13725,61397,22233,54937,22198,48151,18140,160299,18963
2021-08-01,21153.861,29005.60249,34171.98658,46439.84191,90057.30349,62570.55678,57452.82343,59489.56716,8706.713344,45209.52554,27072.62848,79081.95085,66203.17835,28236.56692,24522.38579,115939.011,58385.91402,32725.14091,86001.0483,29248.35558,77630.79218,65228.96773,60247.43355,41783.2089,24457.08872,56531.93455,125203.8391,62092.60572,8254.116841,21594.31601,69925.94947,126807.7495,36837.2,45787.6,21757,18684,62163,65382.4,32421.8,17009,13503,56546.8,37268,16936,51572,22428,20671,32130,71404,28662,55653,33171,122569,22102
2021-08-02,25458.95568,23800.4282,83769.96062,49257.26635,98218.46189,37109.82694,39221.37068,32555.41391,6025.122941,71081.77428,32704.70162,81100.78408,51989.37683,18531.59335,58077.59614,110711.7179,27139.45983,56281.46387,100304.9016,30509.67461,87119.63248,42096.29918,73468.35952,61659.67326,30737.64293,68043.86719,161633.6065,47106.42009,7638.250834,22488.36113,101279.5156,158161.3156,34305,25140.4,49777,20042,41138.6,59524.8,41672.6,12084,8504,56585.8,16523,14358,46724.4,19859,31500,23947,37872,24549,39928,8320,124045,41044
2021-08-03,24407.22245,39977.36489,59755.83367,56247.75954,82845.50553,75098.55521,42885.14968,26028.29218,5865.677025,78091.13529,35208.01127,36802.76971,49390.59769,26863.82395,38356.73919,93047.13385,21076.56188,25168.2064,110501.1371,43077.15036,58135.56865,27810.22233,88913.80202,73741.83416,21316.81161,44396.21419,122042.6611,39786.83204,4765.609805,14030.25578,102432.0145,138002.4145,36614,35948.4,17064,19258,31456.6,28964.4,44916.6,13234,8068,77263.6,16925,3921,61790,34943,48454,41679,13249,22338,52211,12247,124135,27419
2021-08-04,21349.67036,43789.03844,42578.17089,41474.10277,69143.38707,51014.07075,48938.82128,39483.16606,4401.673616,76028.92892,19023.01168,33307.51607,43101.93518,22410.39035,49036.32234,71681.73948,18693.6302,28775.04107,113960.4676,32192.44237,35884.70326,31093.64151,66832.252,62152.5013,24738.71975,43475.10223,75080.00359,57692.13752,10445.35633,16735.94002,60576.45049,74301.85049,50127,56680,51804,5319,47924.4,47923.6,71763.2,7709,3025,42569.6,44786,4947,29325.4,26586,49812,31575,9948,23298,60530,13478,55452,45630
2021-08-05,24968.37812,52294.7174,46824.39408,33431.40818,55123.37189,32052.36849,51479.86862,36206.96497,9711.705783,85625.90308,10328.4239,54201.33465,52992.84127,24261.99715,52200.34661,34771.37788,22311.98961,29958.89887,123138.8525,44518.20692,29584.13341,28537.367,92154.2415,64138.64309,21634.91949,76473.00715,93130.41578,35402.46818,6419.962009,21115.21826,37857.57715,51582.97715,36745,31881,43289.6,12750,44652.4,47453,44383.4,10105,5344,48499.8,34306,3501,14512.4,38787,44240,30725,13379,20290,20081,19781,65082,39289
2021-08-06,27934.26583,54207.61283,62100.36136,12233.44476,29522.18758,25917.87477,58856.92681,36528.71055,3638.265898,67147.83412,5809.461273,92264.56842,27327.00506,20136.22395,51576.51707,61207.69411,35991.52561,38745.37506,55727.0558,59095.67969,22538.96071,22529.57777,80333.45853,137565.7029,33281.47673,47984.51874,96660.2682,43718.24618,8331.415166,12968.93246,62606.98406,72875.58406,18689,22114.8,47287.6,16460,58086.4,31178.4,48574.6,14077,2375,64169.8,26782,2322,34155.4,26385,42312,19332,22361,14538,30788,16158,46115,36272
2021-08-07,31797.63255,52881.94131,54362.37896,8643.145041,25999.64878,30217.36505,53047.48178,27870.8798,3065.300954,50117.24259,12949.33352,47934.87815,24563.90123,13120.86887,35999.67983,66480.20606,30586.88751,34580.77943,36290.00241,35187.31383,32054.72019,30526.87988,60990.01672,191909.0617,58901.17671,26358.31079,95254.37925,30924.30236,5259.646928,14351.8197,51824.44236,72921.24236,21506.2,26402.8,25747.6,11386,64219.8,22188,38523.8,10752,5421,40503.6,19076,1375,13606,38364,30424,8675,5034,28130,25835,28731,48958,24562
2021-08-08,50273.07959,37340.28355,24421.17016,11052.97468,28297.67499,31292.23761,31078.96359,17718.45278,2960.686465,47554.09343,13423.84677,23757.9204,25629.89902,23338.91868,28922.46259,69202.37775,22052.44485,32866.42981,30344.07592,32362.58202,44599.28872,35480.66908,42466.96813,73404.86053,69649.09358,37467.4856,81874.91536,29847.98234,6034.310581,14080.60165,34274.79673,51392.59673,14367.6,23294.4,7610.6,14257,36552.4,29120.6,21303.2,11016,9890,50746.2,3437,719,22214,10933,27810,2663,21334,30975,17228,11791,54224,30845
2021-08-09,89068.14788,45594.21305,21125.90288,14121.26569,34219.12409,18664.77614,11476.08279,12206.19881,2361.556357,61850.36341,4523.397327,9230.777569,24734.68769,11679.09153,14499.36556,61064.06005,13755.8727,18373.45923,31389.84575,18756.65058,52238.60931,30744.67654,35124.16696,93618.75074,30653.73384,41684.15179,62371.87144,30086.70881,4593.368971,6316.782019,16244.7796,39260.5796,8153,16120.8,14442.6,13527,34844.6,18515.8,25790.8,7409,0,51987.2,2147,2406,62933,16714,32213,40671,9787,18877,33079,2725,55482,17476
2021-08-10,47222.7198,44210.32718,28632.07016,16031.71103,22718.94721,15832.10092,8958.031361,9655.494407,3269.914908,60331.05689,3822.714211,13320.44787,23289.71993,15444.77627,19929.99927,65071.25799,20221.59088,12033.58542,52462.00392,9781.161558,45381.45463,32917.21874,43895.68645,33884.03198,24752.40787,33104.10722,43220.82534,20620.59421,3333.910385,5676.902314,21981.02094,49362.82094,19729,14888.6,14344,5707,77560.6,11473.4,27681.2,7407,0,41416.6,0,1760,31937,18810,16607,26996,17971,17845,9505,3676,51169,17636
2021-08-11,28147.76928,56501.47179,34711.14851,8830.070538,13770.25005,21635.82046,14672.51338,8810.78406,3854.549932,52964.63157,5157.559893,16173.08583,25446.99574,13940.16403,20313.28967,49761.20559,30537.6449,16003.42716,51652.96696,10726.23573,27799.87019,19507.73569,30251.41781,40895.71433,46002.43407,42140.00687,37391.1152,17199.72119,2858.357644,3663.067707,38208.63614,59300.83614,23192.6,13528.2,13607,9406,59582.8,17182,30549,5671,0,17357.6,367,362,48861,18894,10245,30985,6435,8592,8975,4119,46135,14912
2021-08-12,25623.60953,60139.19269,30167.04449,6341.680535,2948.125724,28910.51049,12390.16996,12673.23824,5437.33901,51682.80873,8984.708808,14234.05618,23900.26969,17539.6238,15527.56335,66513.05354,9081.502765,16242.48953,78453.4788,18779.4742,24299.27742,27936.01712,30660.16276,43217.58246,19070.19638,67369.79842,21712.77438,19957.02268,3315.426003,8610.767005,15606.90232,25870.90232,27403.4,10062.4,3692,7241,65583,16743.6,7327,3941,0,16783.6,3203,1990,41960,19107,35358,8145,13706,3829,7802,14158,27140,15774
2021-08-13,27565.81023,56835.74227,22744.56124,2967.009754,3719.173991,12710.22118,8400.380701,8325.302701,2328.87671,24971.4712,10887.19651,11911.58241,12618.29,14536.45566,12515.38697,89719.34112,15033.41304,15115.36139,63583.39723,25726.33804,21969.12129,20738.4912,29014.61196,34138.42197,11496.63081,57229.89905,31604.71005,10493.28201,4679.069288,4689.473732,7939.306465,18827.90646,17037.4,9218.8,1070,7724,46513,11026,7624,3335,0,12981,1726,1180,44082,16981,13058,1161,3910,6747,9978,8941,46306,12658
2021-08-14,13283.65188,41494.92341,11401.72832,1871.438105,7282.122516,8761.103738,3886.307692,3232.77419,2367.530265,20825.9303,7822.816553,13541.53673,6431.124123,8582.07502,19495.84343,71053.02094,16551.41239,22748.19561,15111.3226,24127.13129,24229.6645,28847.25954,30251.41781,17718.70704,5499.573839,39918.43479,12548.2485,4434.059693,6808.134035,5383.759453,5696.047228,10686.64723,18321,22134.8,0,18126,54769,19009.6,9410,928,0,17688.6,6048,0,26024,3210,8301,3904,2198,8687,6575,5663,54934,11935
2021-08-15,6292.854944,42412.93807,7235.396872,1900.384246,5961.765354,4063.732461,10382.65043,1394.786559,2660.814159,22514.04866,3880.365354,6479.100003,4009.276748,8096.033361,9329.656768,74188.62245,13200.23142,29377.16317,14742.37982,10111.43095,25998.0934,32345.07228,40704.06148,29770.97649,15599.51627,44525.60522,19399.55395,16280.14286,1976.988694,2894.075217,3779.662909,4404.262909,15618.6,1382.8,0,15686,67535,15352.6,1545,1881,0,12366.2,11659,0,18982,8730,21348,2921,2518,5745,5826,308,49337,30628
2021-08-16,5868.671413,24635.85289,9786.837434,2691.578782,4762.35694,4281.674704,6714.803823,585.1535445,1956.750411,16179.93499,2008.920578,3643.352763,6566.801847,2978.883109,9570.19591,56957.84945,19968.33006,20693.87648,17132.45005,10832.83797,25037.08906,41106.65949,19662.04175,20317.44784,6295.900158,59609.63273,23394.56174,4203.606521,1735.011327,3226.195522,4638.510731,5795.110731,10619.6,817.2,0,5761,69826.4,7231.6,2715,7773,0,7831.2,2214,1624,9959,4043,8028,1386,714,5369,3691,29087,47167,15685
2021-08-17,4662.683978,13104.35912,9993.487789,2334.57637,2146.840271,2321.962287,5053.349795,827.2,2202.182606,8788.912445,412.4274033,2168.208668,3927.870113,3957.086043,7581.122233,36724.15398,15050.14358,6578.798533,19150.39283,13296.06322,18318.30072,22997.43341,48487.86398,16330.11774,6811.101871,28911.5436,29349.52972,1022.175874,2748.29155,8889.293324,6265.56039,7422.16039,8716,0,0,10662,44116,0,319,5978,0,8020.4,728,0,12669,24916,15942,4704,0,6107,1667,26600,14353,10113
2021-08-18,2411.137123,14106.68809,11102.33255,1302.133743,2086.365897,8626.398267,2541.047337,2033.0079,1458.101665,1064.24853,1773.881305,1749.37724,4972.588589,4572.010419,8448.772335,54269.04794,12604.34048,7965.789479,25511.09723,9168.042497,15994.50233,11362.1957,28028.81316,7699.514012,8040.498551,21731.83483,23806.98486,14989.72518,1119.145321,4218.496284,9214.759573,9746.759573,6751.6,0,0,4972,29833.4,0,2975,0,0,7207.6,1849,950,22004,31862,11526,5187,1088,1969,833,3347,12432,12030
2021-08-19,751.4,16753.68362,9052.671905,1461.780148,1610.713489,3927.572585,2903.232817,2503.724353,1168.2,2495.479311,261.6474924,2517.904924,2130.140269,3765.922976,5646.119307,34993.19025,6832.525685,7418.286547,21837.88343,6394.824124,8704.335639,11729.88713,19901.48353,11295.63436,8754.693518,14690.70577,13849.79959,9322.637747,2863.398839,1998.406035,5712.528317,6244.528317,8049.6,0,0,6213,64902.6,0,8291,0,0,3556,4557,0,38190,53659,24905,12874,1918,22233,4547,7126,20857,5929
2021-08-20,1683.936796,24066.44992,3775.619053,246.0422031,1278.734361,1682.81109,2765.257396,496.3615887,1440.224354,3537.708906,838.1589164,2129.418403,4036.412293,5219.050726,2608.882659,42027.93648,9473.453827,7238.970706,13307.41961,5466.007902,8540.99227,16615.35315,19550.87903,16426.50063,3089.847309,14286.67193,18816.71479,12216.06817,2098.817576,1280.571442,1871.519134,2403.519134,6165.6,0,0,13266,66897.6,0,5659,0,0,683,1434,747,43547,46130,5751,12878,2923,3116,2462,9442,968,8984
2021-08-21,1073.931523,3407.133354,1638.50081,144.7307077,1505.513263,2407.310832,2518.051434,242.0464555,682.5374324,0,0,2551.686361,3181.642631,4019.370702,4727.477413,24236.54533,6863.159527,9813.433847,4361.360186,1292.016938,5068.694206,9628.038281,18492.01817,6214.216335,1561.960748,20905.29659,16932.32454,10518.73118,2130.745145,4514.887264,1493.36972,1493.36972,3585.6,0,0,12792,36665.4,0,4187,0,0,164,370,344,45886,9024,9167,9439,7359,0,9462,12809,17983,6348
2021-08-22,1361.405272,5442.222801,728.8248627,0,1077.153115,3226.826934,2316.837278,384.6183982,804.1738299,0,1006.67764,2030.32273,3093.45211,4193.910282,3182.475999,25595.99621,10321.21187,10983.64128,4027.079012,2544.737166,7955.323422,10037.87232,8352.182944,3520.887705,1578.316358,15008.37319,4245.034357,6504.680983,3642.263488,1571.278212,1226.009844,1226.009844,577.6,0,0,0,38770.6,0,0,0,0,0,382,0,63641,1233,7564,7749,9756,2770,1667,14528,25911,4134
2021-08-23,1285.115916,7914.750172,1300.680696,0,573.2,1275.327927,1356.758307,201.8,349.9945545,0,1024.416453,548.9483458,4314.551627,1388.462548,1937.414107,18813.17638,6784.570022,10787.81985,4175.867419,3103.402092,7593.460868,8398.536157,9186.190475,4744.203661,5300.580585,19977.59509,2740.334679,15446.66897,862.8845679,2306.165437,764.5393724,764.5393724,577.6,0,0,0,45238,0,1034,0,0,486,1127,0,19147,1111,563,12978,2196,1570,2074,9473,15783,7012
2021-08-24,278.2236388,3353.758786,987.5951154,221.9204185,318.1203914,0,833.601502,201.8,137.4,0,1942.400029,0,3480.133624,1428.367867,3800.843755,19015.74471,8129.957332,302,12154.64575,2649.924935,7979.181573,6347.20218,7260.508429,6640.066272,6994.74918,12996.84355,5921.297924,0,3259.132657,1951.308291,1494.285336,1494.285336,260.6,0,0,0,63539,0,0,0,0,0,0,357,11630,741,2795,4001,1439,1184,833,17938,10009,7753
2021-08-25,119.9088838,4372.280313,3159.62633,0,0,310.5290788,0,201.8,137.4,0,532.1643914,0,1349.993355,2186.568927,3025.24229,19046.758,1882.733398,2056.733583,4585.035539,3471.254374,8314.081404,4931.102116,3629.373299,6008.112068,3089.847309,11065.76393,4343.472654,0,433.5427819,1995.969945,2587.530858,2587.530858,0,0,0,0,42210.8,0,0,0,0,4298,0,344,16362,9927,13344,10883,368,2763,1667,5998,2880,2861
2021-08-26,763.6910869,4323.494353,338.4586106,221.9204185,0,351.9105563,0,201.8,77.16692668,0,616.4237534,532.0576275,0,3583.255091,3704.283794,15494.8474,1444.536776,4413.45606,5738.145695,4571.206857,8053.222347,3814.078614,12100.2601,5195.599521,515.2017128,6132.613916,4107.183173,0,867.0855639,4061.774478,241.7226279,241.7226279,0,0,0,0,44013.6,0,0,0,0,0,0,0,1932,23547,3791,1048,731,262,3310,22085,7972,514
2021-08-27,188,3349.4,160.9310088,5.607843137,0,72.8,0,107.3492784,0,0,811.5506969,405.37724,0,2598.114917,233.1511755,16839.4807,1768.721397,1454.74469,2873.476114,2323.14255,1103.420253,9463.148908,11289.81752,3736.086241,3089.847309,12196.64997,2981.23656,0,2993.629713,1006.105273,2617.746186,2617.746186,0,0,0,0,59167.8,0,0,0,0,0,241,0,2812,12493,0,18509,3956,785,1667,39745,2903,2611
2021-08-28,188,2472.128599,41.59807692,11,0,72.8,0,0,7.472972973,0,0,0,0,1484.477865,233.1511755,10490.76134,2012,1467.552964,8825.012401,1346.36619,2400.199016,6671.846789,8865.537106,3235.003661,2657.786614,10394.74502,10089.41909,0,0,2494.556416,1668.252379,1668.252379,0,0,0,0,56597,0,0,0,0,0,243,0,1298,14452,5753,1568,1105,2739,19479,19245,488,993
2021-08-29,120.1230068,1752.980547,107.0730769,11,0,72.8,0,0,15.8,0,0,0,0,0,233.1511755,6846.126148,2012,1716.30876,3691.812353,482.0733986,6756.023874,7192.446788,2533.513982,1339.14105,2060.806851,12373.08882,8242.529142,0,0,3475.488757,3360.310774,3360.310774,0,0,0,0,49162.8,0,0,0,0,0,370,0,1661,8689,565,1392,731,393,5576,3638,484,514
2021-08-30,68.09111617,991.6393886,135.8,11,0,47.32,28.77808219,0,15.8,0,0,0,48.8,0,233.1511755,12335.68833,1183.13373,3496.658892,2910.673216,642.9370882,2909.183985,13107.3489,25303.71858,2317.165413,1046.759036,25491.43259,8.4,0,0,2319.969948,3657.885979,3657.885979,0,0,0,0,30255,0,0,0,0,0,0,0,11145,6344,2865,1376,737,0,8645,8121,0,5936
2021-08-31,57.56210396,426.6298544,135.8,11,0,0,60.6,0,15.8,0,0,0,48.8,0,109.2,0,567.4632244,0,2892.074665,1085.312235,2079.129755,7399.172416,1237.09758,4634.330826,1527.886561,11176.2921,2337.206416,0,0,5251.39855,2920.815087,2920.815087,0,0,0,0,26122,0,0,0,0,0,0,245,1674,1494,5457,1373,1473,3147,9046,8110,488,3517
2021-09-01,24.35454545,498.3640777,135.8,5.392156863,0,1.724697218,60.6,0,15.8,0,0,0,48.8,0,0,0,297.8786033,0,1608.774653,1980.116508,4745.111105,2082.399994,1871.356991,1414.373694,0,8380.109067,12406.03791,0,0,1771.037612,1070.355121,0,0,0,0,0,34680,0,0,0,0,0,0,0,3276,1494,4232,2934,2564,1994,2917,5950,968,10565
2021-09-02,28.2,549,94.20192308,0,0,1.724697218,60.6,0,8.327027027,0,20,0,48.8,0,0,0,54.6,1601.034291,567.2558024,1006.613316,1066.070528,4707.553177,2503.854571,2783.607801,0,7855.138995,3731.280199,0,0,770.6165492,0,0,0,0,0,0,8299,0,0,0,0,0,0,0,1552,1100,0,5842,491,399,12453,3691,488,7679
2021-09-03,28.2,295.1541262,28.72692308,2.2,0,1.724697218,60.6,0,0,0,20,0,48.8,0,0,0,54.6,0,278.9782635,0,1370.836715,2547.617013,3138.113982,2843.793916,0,1017.024013,6240.050503,0,0,959.0075286,716.0117236,0,0,0,0,0,15604,0,0,0,0,0,0,0,989,2232,841,0,3315,2374,2894,308,3233,487
2021-09-04,28.2,200.3228155,1.869565217,4.4,0,1.724697218,31.82191781,0,6.4,0,20,0,0,0,0,0,54.6,0,0,0,1081.444753,1528.570208,417.5541125,692.1403182,0,3571.822094,2618.458692,0,0,378.4060189,0,0,0,0,0,0,22310,0,0,0,0,0,0,0,2619,747,1706,1056,0,4711,2917,2307,975,4452
2021-09-05,11.96363636,122.3701456,10.84347826,4.4,0,1.724697218,0,0,16,0,20,0,0,0,0,0,54.6,397.0565042,1246.10291,0,189.2339691,0,0,0,0,0,2850.960574,0,0,2311.849648,496.26388,0,0,0,0,0,0,0,0,0,0,0,0,0,1092,4481,1272,1376,0,798,417,923,0,0
2021-09-06,3.845454545,66.61177139,17.2,4.4,0,0,8.00952381,0,16,0,20,0,0,0,0,0,0,371.4399555,1125.212329,0,2570.254863,0,0,2828.747387,0,0,1150.32181,0,0,0,0,0,0,0,0,0,0,0,0,0,0,0,0,0,2194,747,3391,2448,2659,399,5249,1846,2439,1979
2021-09-07,0.648,44.1554717,17.2,4.4,0,0,11.6,0,16,0,0,0,0,0,0,0,0,0,1366.993491,0,680.5281923,0,0,1414.373694,0,0,574.6921512,0,0,2275.308294,0,0,0,0,0,0,0,0,0,0,0,0,0,0,332,10245,3821,2388,368,0,2897,461,0,1021
2021-09-08,2.376,58.8,17.2,2.2,0,0,11.6,0,16,0,0,0,0,0,0,0,0,0,1636.672479,0,633.6847102,0,0,947.9313053,0,0,0,0,0,1421.864676,0,0,0,0,0,0,0,0,0,0,0,0,0,0,649,6917,854,2113,368,399,417,923,488,495
2021-09-09,5.4,58.8,15.33043478,0,1.345000418,0,11.6,0,9.6,0,0,0,0,0,0,0,0,0,1729.665234,0,538.1350281,0,0,1429.420222,0,0,2887.52337,0,0,1812.451146,0,0,0,0,0,0,0,0,0,0,0,0,0,0,1318,6983,0,2063,1842,1187,0,461,0,0
2021-09-10,0,0,0,0,0,0,0,0,0,0,0,0,0,0,0,0,0,0,0,0,0,0,0,0,0,0,0,0,0,0,0,0,0,0,0,0,0,0,0,0,0,0,0,0,0,3713,854,4490,368,0,0,461,2926,0
2021-09-11,0,0,0,0,0,0,0,0,0,0,0,0,0,0,0,0,0,0,0,0,0,0,0,0,0,0,0,0,0,0,0,0,0,0,0,0,0,0,0,0,0,0,0,0,0,2223,2428,0,1105,0,0,0,975,0
2021-09-12,0,0,0,0,0,0,0,0,0,0,0,0,0,0,0,0,0,0,0,0,0,0,0,0,0,0,0,0,0,0,0,0,0,0,0,0,0,0,0,0,0,0,0,0,0,2223,2038,0,368,0,0,3691,1951,0
2021-09-13,0,0,0,0,0,0,0,0,0,0,0,0,0,0,0,0,0,0,0,0,0,0,0,0,0,0,0,0,0,0,0,0,0,0,0,0,0,0,0,0,0,0,0,0,0,747,848,3360,0,0,0,1384,0,0
2021-09-14,0,0,0,0,0,0,0,0,0,0,0,0,0,0,0,0,0,0,0,0,0,0,0,0,0,0,0,0,0,0,0,0,0,0,0,0,0,0,0,0,0,0,0,0,0,1120,424,0,365,0,417,0,0,0
2021-09-15,0,0,0,0,0,0,0,0,0,0,0,0,0,0,0,0,0,0,0,0,0,0,0,0,0,0,0,0,0,0,0,0,0,0,0,0,0,0,0,0,0,0,0,0,0,747,427,0,0,0,833,0,0,0
2021-09-16,0,0,0,0,0,0,0,0,0,0,0,0,0,0,0,0,0,0,0,0,0,0,0,0,0,0,0,0,0,0,0,0,0,0,0,0,0,0,0,0,0,0,0,0,0,0,427,0,0,0,0,0,0,514
2021-09-17,0,0,0,0,0,0,0,0,0,0,0,0,0,0,0,0,0,0,0,0,0,0,0,0,0,0,0,0,0,0,0,0,0,0,0,0,0,0,0,0,0,0,0,0,0,0,427,0,0,0,0,923,0,0
2021-09-18,0,0,0,0,0,0,0,0,0,0,0,0,0,0,0,0,0,0,0,0,0,0,0,0,0,0,0,0,0,0,0,0,0,0,0,0,0,0,0,0,0,0,0,0,0,370,421,0,0,0,0,0,0,0
2021-09-19,0,0,0,0,0,0,0,0,0,0,0,0,0,0,0,0,0,0,0,0,0,0,0,0,0,0,0,0,0,0,0,0,0,0,0,0,0,0,0,0,0,0,0,0,0,,848,0,368,0,0,0,0,0
